sample_id,Actinomycetales,Bacillales,Bacteroidales,Burkholderiales,Campylobacterales,Caulobacterales,Corynebacteriales,Desulfovibrionales,Endomicrobiales,Enterobacterales,Erysipelotrichales,Eubacteriales,Flavobacteriales,Fusobacteriales,Lactobacillales,Micrococcales,Moraxellales,Mycoplasmatales,Neisseriales,Pasteurellales,Propionibacteriales,Pseudomonadales,Spirochaetales,Synergistales,Tissierellales,Veillonellales,Xanthomonadales
DW31240510808865,0.0791392,0,1.6101655,0.1851187,0.1240918,0,0.014308,0.0660135,0,0,0.0100882,0.0030808,1.4996048,0.006486,0,0.022266,0.055473,0,0.7978702,0.0493448,0.0274665,0,0.0596045,0,0,0,0.1247616
DW31240510802107,0,0.1301641,0.414731,0,0,0,0,0,0,0,0,0,0.182097,0,0.0249675,0.012396,0.2854725,0,3.3214563,0.0997955,0,0,0,0,0,0,0
DW31240510806513,0.0371372,0.0053552,0.3279683,0.3699597,0.067775,0,0.0016385,0,0,0,0.0012322,0,1.1349959,0,0,0.0224535,0.1136945,0.0126805,1.3851982,0.2337735,0.0178085,0,0,0,0,0,0.4065242
DW31240510806340,0.0199185,0.0015567,0.046113,0.2315791,0.02919,0,0,0,0,0,0.0009354,0,3.1482192,0,0.0030285,0.0777555,0.325965,0.0034575,0.802353,0.1021774,0.001561,0,0,0,0,0,0.0728742
DW31240663106415,0.045168,0.0008928,3.3470526,0.016488,0.0424565,0,0,0.0118955,0,0,0.0214706,0.0005535,0.4597279,0.001737,0,0.002454,0.3776425,0,0.2812347,0.2006313,0.0006725,0,0.124631,0,0,0,0.0060132
DW31240663106534,0.006643,0.0082689,1.4573142,0.2525875,0.137968,0,0.000681,0.3054325,0,0,0.0079952,0.0010131,0.5561708,0.0189755,0,0.0407975,0.1380015,0.0609815,1.1509262,0.150847,0.0029305,0,0.1884115,0,0,0,0.047911
DW31240411301893,0.0334285,0.0135465,0.6300155,0.1080593,0.0537455,0.0422655,0,0,0,0,0.028417,0,2.1471308,0.004946,0,0.0031435,0.3180996,0.018534,0.8854118,0.153299,0,0.0357469,0,0,0,0,0.0628024
DW31240411301706,0.0419988,0.0096232,0.059654,0.1153791,0.0118225,0,0.0096905,0,0,0,0,0,1.0696175,0.0035965,0.003812,0,0.082649,0.009653,2.2732165,0.979869,0.002663,0,0,0,0,0,0.1099128
DW31240411303328,0.03533,0.0031892,0.8207557,0.2870911,0.0917795,0,0.0022355,0.060442,0,0,0.0281992,0.0004139,1.9722964,0.0010685,0,0.0462792,0.4717415,0.000951,0.3465423,0.2903348,0.0180092,0,0.049869,0,0,0,0.139334
DW31240411302940,0.0086225,0.0008792,0,0,0,0,0,0,0,0,0,0,0,0,0,0,0.132578,0,4.8506778,0.003726,0,0,0,0,0,0,0
DW31240510808940,0.0385915,0.0006918,0.7831851,0.0421324,0.017061,0,0,0.0008875,0,2.5058495,0.0127306,0,0.6252081,0.0028187,0,0,0.233959,0,0.3067848,0.3208108,0.0022694,0,0,0,0,0,0.0269038
DW31240510804170,0.001483,0,0.038244,0.0327077,7.05E-05,0.0041745,0,0,0,4.629464,0,0,0.0407268,0,0,0.005389,0.193083,0.0005085,0.0355402,0.0028585,0,0,0,0,0,0,0.0039466
DW31240510808962,9.25E-05,0,0.0164303,0.0004415,0,0.0007683,0,0,0,4.7248831,0,0,0.0118262,0,0,0,0.0268313,0,0.024309,0.0001275,0,0,0,0,0,0,0
DW31240663105385,0.010083,0.0198265,0.079957,0,0,0,0,0,0,4.124454,0,0,0.0078683,0,0,0,0.0033485,0,0.5708065,0.1043505,0,0,0,0,0,0,0
DW31240663106366,0,0.0048518,0.015263,0.016158,0,0,0,0,0,4.6912841,0,0,0.0523749,0,0,0,0.000168,0.0079675,0.087396,0.0672893,0,0,0,0,0,0,0.0075004
DW31240510806779,0.01074,0.0084346,0.5445327,0.1675775,0.09964,0,0.003077,0.161274,0,0,0,0.0001555,1.4732775,0,0,0.0162476,0.239706,0.045427,1.895435,0.0619855,0.0102805,0,0.0459195,0,0,0,0.0299566
DW31240510809960,0.0426825,0.0075379,2.9965937,0.0215455,0.069528,0,0,0,0,0,0.012403,0.0010446,0.8304675,0.000883,0,0.0002905,0.1471295,0,0.4386213,0.3669153,0.0061265,0,0,0,0,0,0.0021186
DW31240411301675,0.0395845,0.0003005,2.2096492,0.0678071,0.1180185,0,0,0.03098,0,0,0.012935,0.0021641,1.6225437,7.20E-05,0,0.0059395,0.088958,0,0.3292697,0.2104272,0.000341,0,0.03296,0,0,0,0.075358
DW31240510802858,0.067811,0.0025808,0.1346751,0.322486,0.048451,0,0.001413,0,0,0,0,0,1.5257149,0,0.0025505,0.022789,0.1779505,0,2.2781743,0.1930697,0.022042,0,0,0,0,0,0.0533774
DW31240510809861,0.0723977,0.0012139,2.5762231,0.065836,0.0856185,0,0,0,0,0,0.0468958,0.0009336,0.1404178,0,0.0174525,0,0.387702,0.010581,1.292376,0.209033,0,0,0.014385,0,0,0,0
DW31240510810078,0.0521523,0.0001572,0.6005465,0.245744,0.1194213,0,0.002408,0.07028,0,0,0.0046436,0.0020225,1.2554533,0,0,0.05813,0.860263,0,0.9265757,0.6254788,0.0164167,0,0.0404945,0,0,0,0.026812
DW31240411301122,0.0788695,8.19E-05,2.2710522,0.2881647,0.090068,0,0.0250975,0.099002,0,0,0.002338,0.000476,0.7170041,0.034622,0,0.0134715,0.2544765,0,0.3820344,0.4683995,0.00494,0,0.1131247,0,0,0,0.0434698
DW31240411302278,0.0835955,0.0004867,0.6664,0.0209549,0.077792,0,0.01015,0,0,0,0,0,2.6737942,0,0,0,0.0783835,0,0.9948736,0.2233792,0.0248195,0,0,0,0,0,0.0559808
DW31240663105437,0.1937567,0.0001522,1.9037215,0.072984,0.0169295,0,0.0551063,0,0,0,0,0,0.3013415,0,0,0,0.854629,0,0.8929995,0.5243268,0.0183256,0,0,0,0,0,0.0652256
DW31240663106442,0.0908005,0.0201556,0.9654055,0.0006265,0,0,0,0.146291,0,1.667181,0.0190618,0,0.1994317,0,0,0,0.081425,0,0.265491,0.3147448,0,0,0,0,0,0,0
DW31240510808964,0.02403,0,0.026759,0.1889861,0,0,0.05282,0,0,0,0,0,0.9913273,0,0.006934,0.306631,0.1366575,0.022278,2.3577723,0.343079,0.041228,0,0,0,0,0,0.1939652
DW31240411302321,0.163455,0.0008379,2.750624701,0,0.040317,0,0,0,0,0,0.056146,0,0.389065,0.057934,0.017617,0,0.3390865,0,0.2661813,0.815663,0.000814,0,0,0,0,0,0
DW31240411303658,0.006329,0.0275293,0.0525797,0.0191395,0,0,0.0036472,0,0,0,0,0,1.8009139,0,0,0.0386685,0.050202,0.010918,2.0395287,0.2432657,0,0,0,0,0,0,0
DW31240510804851,0.0178425,0.001183,0.9387773,0.3985051,0.0487365,0,0,0.166393,0.0150775,0,0.0042746,0.0014127,2.131174499,5.10E-05,0.0205035,0.0380835,0.176934,0,0.3982208,0.1727483,0.001674,0,0.1128315,0,0,0,0.1137178
DW31240510810051,0.0400435,0.0011702,0.9152656,0.2478872,0.0568385,0,0.004803,0.0739715,0,0,0.0035228,0.0007141,1.3266632,0,0.0026205,0.0086505,0.431311,0.0387852,1.2557332,0.28119,0.006602,0,0.0372755,0,0,0,0.0850476
DW31240411301833,0.0539662,0.000107,1.0202197,0.0911454,0.0533905,0,0.0145972,0.0130926,0,0,0.0068246,0.0008085,1.6799148,0.000572,0.095818,0.0160455,0.2759195,0,1.1009025,0.3623031,0.007314,0,0.0136282,0,0,0,0.0686306
DW31240510810090,0.061001,0.0096431,1.4302119,0.2571529,0.0262045,0,0.0004925,0.0235915,0,0,0.0024698,0,0.5617582,0.0062985,0,0.131444,0.241586,0.1081775,1.1694996,0.6597778,0.0106755,0,0.055242,0,0,0,0.0545488
DW31240663105430,0.0534128,1.37E-05,2.3669329,0.2451246,0.077844,0,0.0016142,0.0235236,0,0,0.0315648,0.0026123,0.7283305,0.003848,0,0.0052395,0.2674443,0,0.4744638,0.5343425,0.013875,0,0.0254,0,0,0,0.0298664
DW31240663106505,0,0.1103983,0.253098,0,0.0440565,0,0,0,0,0,0,0,0.332143,0.0436715,0,0,0.1057622,0.619498,0.6793173,2.265215,0.012504,0,0,0,0,0.0023378,0
DWO31240411301658,0,0.0414046,0,0,0,0,0,0,0,0,0,0,0.0702985,0,0,0,0,2.3018512,0.6878025,1.7303853,0,0,0,0,0,0,0.0007452
DW31240411301779,0.0216897,0.0052413,1.3900922,0.0458562,0.0493868,0,0,0,0,0,0.0171592,0.0001779,1.7519562,0.0004785,0.004971,0.0322034,0.5991155,0.0449145,0.5841988,0.2390168,0.0013746,0,0.0584095,0,0,0,0.0376138
DW31240510810094,0.0168805,0.0025619,1.6459976,0.0266645,0.0846005,0,0,0,0,0,0.0095242,0,0.6386271,0,0.003158,0,1.1052205,0.132561,0.7720893,0.4442287,0.025043,0,0.011781,0,0,0,0.0223976
DW31240510802889,0.1424712,0.0053884,1.9891545,0.0118895,0.02803,0,0,0,0,0.0131824,0.0889362,0.0201817,1.2519895,0.0198618,0.0691307,0.042953,0.160494,0.0020892,0.4285475,0.3941445,0.0011335,0,0,0,0,0,0.0060334
DW31240510809113,0.04804,0.018736,0.4682644,0.2800772,0.037619,0,0,0,0,0,0,0,1.448627,0,0,0.0307715,0.0476045,0.0367065,1.114455,0.3389788,0.0032895,0,0.077123,0,0,0,0.3805812
DW31240663106474,0.151521,0.0005002,2.254737,0.0373038,0.0143485,0,0.003393,0,0,0,0.0303132,0,0.7068505,0.001205,0,0,0.0166205,0,0.9277073,0.77388,0,0,0,0,0,0,0.0124058
DW31240663106533,0.0256985,0.0053432,1.4749959,0.191445,0.2418455,0,0,0,0,0,0,0.0003208,0.9307415,0,0,0,0.6053675,0,1.2849794,0.1680485,0,0,0.01553,0,0,0,0
DW31240663106504,0.0331495,0.0004424,0.2600125,0.091374,0.096545,0,0,0.0292995,0,0,0.0093092,0.0003056,2.457863,0.017426,0.03368,0.1079635,0.46103,0,0.5657455,0.5898455,0.0032809,0,0.0764105,0,0,0,0.0476706
DW31240663106510,0.059841,0,3.5920847,0.1441603,0.220851,0,0.0387525,0.1657515,0,0,0.0130086,0.0016232,0.1981541,0.0116805,0,0.000974,0.0138685,0.008686,0.2456648,0.0983265,0.0009595,0,0.0241466,0,0,0,0.0086652
DW31240510809919,0.0698169,0.0150252,1.5202738,0.0346242,0.017985,0,0,0,0,0,0.0077778,0,0.5346833,0.0346705,0.0146995,0.006324,0.1565855,0,1.6696963,0.728489,0,0,0.0074935,0,0,0,0.0383014
DW31240510802982,0.0042165,0.2426595,0,0.0034885,0,0,0.026923,0,0,0,0,0,0.779118,0,0.066834,0.056174,0.026599,0,2.1398655,0.666945,0,0,0,0,0,0,0.0054378
DW31240411301612,0.2510105,0,1.3663827,0,0.006142,0,0,0,0,0,0.0208122,0,1.4098795,0.2748525,0,0,0.0276675,0,0.824743,0.512639,0.1484095,0,0,0,0,0,0
DW31240663106498,0.0442517,0.0698938,0,0.065949,0,0,0.016854,0,0,0,0,0,1.9793884,0,0.0422715,0,0.12838,0.1498765,0.452609,1.4584982,0.0224303,0,0,0,0,0,0.1160092
DW31240510806704,0.0084778,0.076914,0.4138926,0.060395,0.0039155,0,0,0,0,0,0,0,1.2906249,0,0,0.0145628,0.3626893,0,2.1947613,0.2267035,0.003369,0,0,0,0,0,0.004788
DW31240663105291,0.007296,0.0020705,2.9553625,0.0640458,0.0854753,0,0.002304,0.1276425,0,0,0.011698,0.0217267,0.3510768,0.0093035,0,0.000975,0.0302995,0.0054575,0.8999337,0.1514422,0.0010235,0,0.12855,0,0,0,0.0109472
DW31240411302315,0.0542243,0.0091388,3.576839,0.027302,0.0546173,0,0,0.0851696,0,0.0733233,0.0860462,0.001891,0.2079335,0.001739,0.0078,0.0112365,0.1812856,0,0.135607,0.0838778,0.001022,0.0011133,0.0313815,0,0,0,0.0108218
DW31240663106407,0.0118845,0.0001475,0.5339684,0.0261799,0.0198412,0,0.000638,0.011605,0.001949,3.628918505,0.0022892,0.00019,0.2538305,0.0001495,0,0.0046545,0.0533825,0.012304,0.3039472,0.0921762,0.0065815,0,0.005707,0,0,0,0.0064454
DW31240510808819,0.0072247,0.0045283,0.2610432,0.154611,0.069501,0,0.006332,0.002931,0,0,0.004438,0,2.3029735,0,0.0161868,0.02307,0.082142,0.0029295,0.8513382,0.339784,0.016212,0,0.0343225,0,0,0,0.2987478
DW31240663105468,0.0789295,0.0095945,0.9230421,0.07729,0.0106,0,0.0007775,0,0,0,0.00827,0,1.4515086,0,0.001774,0.0847045,0.2780135,0,0.7842052,1.1541528,0,0,0,0,0,0,0.029683
DW31231210401827,0.0265735,0.0073906,0.080793,0.1474008,0.001652,0,0,0,0,0,0.0005226,0,2.955755,0,0.030467,0.2161235,0.0858445,0,1.0426547,0.191108,0,0,0,0,0,0,0.0573468
DW31240510802828,0.0500185,0.0001188,3.070492,0.133182,0.0934705,0,0.001942,0.054852,0,0,0.0079446,0.0035885,0.6230975,0.0019875,0,0.1964255,0,0,0.1953285,0.0359015,0,0.0297135,0.0020877,0,0,0,0.16673
DW31240411301680,0.021006,0.0152048,2.4056922,0.0210547,0.062798,0,0,0.036825,0,0,0.0367186,0.0008198,0.2677235,0.007729,0.0054294,0.2367365,0.631936,0,0.7911122,0.2550555,0.015374,0,0.0459765,0,0,0,0
DW31240663105400,0.0458095,0,2.8337753,0.028033,0.054251,0,0.00634,0.011944,0,0,0.012426,0.0005389,0.5161938,0,0,0.011031,0.1912765,0.0016985,0.1638262,0.9119293,0.0038215,0,0.045543,0,0,0,0.0058164
DW31240411301693,0.050163,0.0031808,2.8972543,0.0680712,0.1514553,0,0,0.424606,0,0,0.0203246,0.0064798,0.5828628,0.000243,0,0.025629,0.037723,0.0053855,0.3271775,0.0669468,0,0,0.2269095,0,0,0,0.00549
DW31240510808996,0,0.1595111,0,0.0030297,0,0,0,0,0,0.0255866,0,0,0.2330665,0,0,0,1.1556873,0.0437355,1.2064008,0.7034675,0.0141645,0.5614158,0,0,0,0,0.007046
DW31240663105250,0.018348,0.0031877,2.0634744,0.0925266,0.0877498,0,8.30E-05,0.0060095,0,0,0.0032276,0.0001864,1.315224,0.0189075,0.000384,0.0111805,0.3784155,0,0.5495775,0.2615362,0.000126,0,0.0573183,0,0,0,0.027611
DW31240663105401,0.009598,0,0.2971996,0.1926621,0.069208,0,0.0066945,0.0906835,0,0,0.0001008,0,1.0716515,0,0,0,0.2318115,0.031066,2.6522984,0.0678235,0.012419,0,0,0,0,0,0.0466198
DWO31240663106363,0.019373,0.0181326,0.9754296,0.0852085,0.0266115,0,0,0,0,0,0.0099402,0,1.5430136,0.0118265,0.0072416,0.013676,0.415758,0,1.0480953,0.637802,0.0033435,0,0.006622,0,0,0,0.0313444
DW31240663105464,0.0333985,0.0027859,0.1709317,0.0290182,0.0018505,0,0.009038,0,0,0,0,0,3.594339,0,0.0499005,0.0520075,0.1620715,0,0.48117,0.223548,0.0081175,0,0,0,0,0,0.068272
DW31240663106529,0.01911,0.0114913,0.1159225,0.2291678,0,0,0,0,0,0,0,0,0.673274,0,0,0.0817275,0.2031655,0.128479,2.689773,0.043775,0.042003,0,0,0,0,0,0.2794578
DW31240411302224,0.1287287,0.008844,1.1612853,0.0963125,0.0310935,0,0.000202,0,0,0,0.0149638,0,1.1254311,0.00531,0,0.0270035,0.055589,0.0181385,1.5895275,0.55974,0.0072625,0,0,0,0,0,0.043131
DW31240510810055,0.0506355,0.0007596,2.8490966,0.1743601,0.1319885,0,0.0407625,0.619252,0.0031335,0,0.0078744,0.003266,0.246547,0.000272,0,0.0107895,0.152233,0.001105,0.3552455,0.111608,0.016588,0,0.1446144,0,0,0,0.0093688
DW31240510806531,0.021105,0.1525349,0.1837208,0.0660922,0.0087265,0,0,0,0,0,0,0,2.0320348,0.005778,0.01471,0.0316365,0.2781825,0,1.1317614,0.3622513,0.006201,0,0,0,0,0,0.0372354
DW31240663106528,0.11388,8.48E-05,3.2034205,0.0615383,0.1095415,0,0,0.053979,0,0,0.0213092,0.0205079,0.804579,0.0157,0.0041685,0,0.1438635,0,0.147325,0.153689,0,0,0.0747491,0,0,0.0078807,0
DW31240411303842,0.0257485,0.0006986,2.5643556,0.2150526,0.1802625,0,0.0029685,0.0716331,0.000415,0,0.0726694,0.004204,0.5565845,0.0180728,0,0.015439,0.1386115,0.0056005,0.3791625,0.2951515,0.0005745,0,0.220777,0,0,0,0.0310766
DW31240510801995,0.0664683,0.0010249,0.6712331,0.2435715,0.0525385,0,0.005064,0,0,0,0.0032906,8.37E-05,0.7911335,0,0,0.05601,0.2296465,0.0195027,1.692674,0.4492785,0.0147017,0,0.002495,0,0,0,0.2609114
DW31240510808883,0.0184125,0.0007262,0.2168129,0.1874675,0.017697,0,0.001471,0.000117,0,0.001685,0.0011748,0,1.4636646,0,0,0.0281755,0.374059,0.0335235,1.838698,0.4048733,0,0,0.007329,0,0,0,0.1514882
DW31240510802977,0,0.0277391,0.0363725,0.0405635,0,0,0,0,0,0,0,0,2.5429075,0,0,0.0015925,0.3374005,0.1334795,0.7266355,0.9192191,0,0,0,0,0,0,0.0492538
DW31240411302974,0.0261573,0.0011596,3.425183,0.1228499,0.0341365,0,0.00211,0.173541,0,0,0.0087838,0.0019545,0.4292508,0.001434,0.005489,0.011061,0.2147165,0.0064895,0.2711277,0.0967188,0.002081,0,0.0696015,0,0,0,0.0217802
DW31240411301730,0.062364,0,3.4053182,0.0962618,0.107987,0,0.0255075,0.2222955,0,0,0.0201146,0.0017336,0.3514713,0.001866,0.000258,0.0016562,0.0673687,0.0811315,0.1560025,0.2154966,0.0111295,0,0.091552,0,0,0,0.00658
DW31240663106404,0.0008,0.0118072,0.0524115,0.0341939,0,0,0,0,0,0,0,0,2.5734405,0.0833535,0.015244,0.110037,0.3405985,0,0.9994863,0.678491,0,0,0,0,0,0,0.0194612
DW31240510807756,0.0813817,0.000124,1.5124234,0.4338865,0.0859775,0,0.0051712,0.114437,0,0,0.0091464,0.002883,1.4987352,0.005296,0,0.005056,0.3884553,0,0.3503665,0.1008267,0.0476037,0,0.0083405,0,0,0,0.0824664
DW31240510806768,0.0562452,0.0065494,0.4432759,0.2153067,0.0141935,0,0.0010945,0,0,0,0.0008314,0,2.0218005,0,0.0021515,0.014013,0.0876615,0,1.2017048,0.4526398,0.003384,0,0,0,0,0,0.1642712
DW31240411303316,0.025819,0.0040699,3.4977681,0.0001928,0.1009763,0,0.001084,0.371424,0.0045015,0,0.0136694,0.0252268,0.0843911,0.0225572,0.002828,0,0.0432165,0.000603,0.1435557,0.0774785,0.0086295,0,0.4091577,0,0,0,0.0007218
DW31240411303686,0.0177205,0.0064685,0.0810702,0.0663823,0.000761,0,7.75E-05,0,0,0,0,0,1.0930865,0,0.0068375,0.0299835,0.2556955,0.0660773,2.5733528,0.405546,0.004494,0,0,0,0,0,0.1459906
DW31240510807732,0.068102,0.0025208,1.660292,0.3114003,0.0739515,0,0.003738,0.0229856,0,0,0.008479,0.0008278,1.2233203,0.0047481,0.0628445,0.034622,0.4934585,0.010309,0.560222,0.1715652,0.0461528,0,0.023334,0,0,0,0.0546728
DW31240411303700,0.0656815,0.000884,3.0253778,0.1949333,0.1451655,0,0.0159955,0.0981945,0.00439,0,0.0356592,0.0097441,0.4251085,0.0007205,0,0,0.233153,0,0.342414,0.158736,0.0072775,0,0.1110303,0,0,0,0.0116714
DW31240510802027,0.0940812,0.0026968,2.6278219,0.1594533,0.0712755,0,0.034237,0.3459519,0,0,0.005519,0.0048778,0.4211468,0,0,0,0.2224375,0.0126915,0.503605,0.161473,0.0172097,0,0.1447875,0,0,0,0.0214802
DW31240510807709,0.0004815,0.0029538,0.6505178,0.2368046,0.0112345,0,0,0.0497285,0,0,0.0004618,0.0001336,1.7006015,0,0.00547,0.010637,0.0869005,0.0508655,1.7967015,0.1212538,0.009773,0,0.017549,0,0,0,0.0695124
DW31240510808748,0.0370645,7.22E-05,4.1731343,0.0343386,0.1158715,0,0.000802,0.0199175,0,0.003915,0.0084296,0.0008649,0.1340325,0.003091,0,0.0003725,0.072952,0.001431,0.1609619,0.117121,0.0024345,0,0.0750472,0,0,0,0.0017582
DW31240510809822,0.1812355,0.0181201,2.4623059,0.0438652,0.0243485,0,0,0,0,0,0.013279,0,0.3745623,0.0107725,0,0.0188825,0.2149185,0.1232287,1.1647594,0.19866,0,0,0.042823,0,0,0,0.0082604
DW31240510809982,0.003384,0,0.0083245,0.2688722,0,0,0,0,0,0,0,0,0.800647,0,0,0.009771,0.250424,0,3.1213622,0.254164,0,0,0,0,0,0,0.1081368
DW31240510810058,0.0280045,0,1.3249005,0.5619153,0.05574,0,0,0.0303385,0,0,0.0044162,0.0001579,0.6452651,0.000337,0.0004875,0.0262925,1.3718435,0,0.094843,0.2828032,0,0,0.144567,0,0,0,0.1591658
DW31240510810083,0.031258,0.0376716,1.0090627,0.3139689,0.0520275,0,0.0021365,0,0,1.602236,0.016166,0.0001872,0.4042975,0.000354,0,0.06716,0.296743,0.031621,0.441834,0.170381,0.0008855,0,0.0499755,0,0,0,0.0071852
DW31240510802827,0.0513045,0.0023626,2.9449883,0.197303,0.2115403,0,0.0143342,0.2213705,0,0.0101,0.0083434,0.0039737,0.4685097,0,0,0.002407,0.140507,0,0.446642,0.1261505,0,0,0.0902868,0,0,0,0
DW31240510809073,0.0807302,0.0026484,1.6452082,0.7476863,0.0876825,0,0.0066365,0.1173128,0,0,0.0017836,0.0026173,1.280659,0.0170925,0.000153,0.067822,0.1774035,0,0.1892832,0.1385765,0.0028265,0,0.0827826,0.000453,0,0,0.1138428
DW31240510802864,0.0519565,0.0023474,1.9694828,0.0075133,0.033473,0,7.95E-05,4.75E-05,0,0.28317,0.003393,0.0002364,1.0649638,0.0014765,0.000547,0.00849,0.2555595,0.002754,0.46429,0.3711398,0,0,0.0130365,0,0,0,0.0099508
DW31240411301711,0.0566448,0.0003439,1.9218293,0.5332626,0.0770395,0,0.0001815,0.079036,0,0.5266735,0.009242,0.0027438,0.791651,0.00078,0.000428,0.0511645,0.151021,0,0.338691,0.1974977,0.002636,0,0.05857,0,0,0,0.0606736
DWO31240663105265,0.1799405,0,3.3203492,0.0909553,0.2520185,0,0.000331,0.0448355,0,0,0.0105882,0.0012397,0.284412,0,0,0,0.490203,0.0113305,0.1068827,0.064726,0.0004925,0,0.095897,0,0,0,0
DW31240411302060,0.0466017,0.000602,1.8161555,0.3386815,0.124947,0,0.0085545,0.8229176,0.001114,0,0.003807,0.0036658,0.7140627,0,0,0.030467,0.075047,0.0027745,0.62736,0.0903717,0.0015325,0,0.1821068,0,0,0,0.008401
DW31240510806582,0.024538,0.0008113,2.758552098,0.4299438,0.0592393,0,0,0.044201,0,0,0.0026756,0.0005454,0.6210876,0.0083255,0,0.0148055,0.352813,0,0.2232508,0.1935884,0.001536,0,0.1017078,0,0,0,0.0353284
DW31240663105269,0.011591765,0.000385259,2.586132724,0.14718233,0.028727878,0,0.007125585,0.379516236,0.006638515,1.076861313,0.00531381,0.003790377,0.264379792,0.04650605,0,0,0.035868965,0,0.082002796,0.069083027,0,0.00217383,0.166372355,0,0,0,0.004318058
DW31240663105475,0.030336,0.0019715,2.5301088,0.2289335,0.10275,0,0.0015877,0.1081795,0,0,0.0217506,0.0026541,0.726662,0.1284586,0.00075,0.01409,0.147019,0.001768,0.3898407,0.1217095,0.004087,0.012687,0.172627,0,0,0,0.0452422
DW31240510806674,0.042078,0.0004367,2.6663223,0.1196167,0.0302867,0,0,0,0,0,0.0225516,0.0022019,0.5630043,0.097519,0,0.0301425,0.1476265,0,0.4188434,0.5922602,0.0049406,0,0.008052,0,0,0,0.0753912
DW31240411302291,0.0353347,0.0005286,2.0235493,0.3871529,0.0896573,0,0.012617,0.1180761,0,0,0.0215836,0.0019121,0.8354657,0,0,0.0163897,0.293162,0,0.5101942,0.3527777,0.0023275,0,0.0795495,0,0,0,0.0469524
DW31240510806455,0.01263,0.0161987,0.1531937,0.0840595,0.0221348,0,0,0,0,0,0,0,0.9684487,0,0,0.0276025,0.134963,0.378168,2.714105,0.389158,0.0026945,0,0,0,0,0,0.0127394
DW31240510806723,0.0013755,0,0.014933,0.1679521,0,0,0,0,0,0,0,0,0.7428971,0,0,0,0.0343915,0.005096,3.6606875,0.163591,0,0,0,0,0,0,0.082967
DW31240411302379,0,0,0.006006,0,0,0,0,0,0,0,0,0,0.1173455,0,0,0,0.3110975,0.1093726,3.989291,0.2938195,0,0,0,0,0,0,0
DW31240411302943,0,0.0135967,0,0.004482,0,0,0,0,0,0,0,0,2.9814225,0,0.0010705,0,0,0,1.48955,0,0.003537,0,0,0,0,0,0.179935
DW31240510804406,0.1010405,0.0074121,2.0843214,0.1090586,0.0703025,0,0.0017915,0,0,0,0.0088614,0.0002059,0.783072,0.0053871,0.0298285,0.008271,0.261505,0.015644,0.686525,0.6933215,0.001316,0,0.0108495,0,0,0,0.025921
DW31240510808971,0.0208868,0.0017012,1.5853512,0.1215116,0.068503,0,0,0.060144,0,0,0.004976,8.12E-05,0.4729198,0.0061722,0,0.006583,0.228571,0,1.9657641,0.1928482,0,0.007305,0.167086,0,0,0,0.0169194
DW31240510807067,0.023887,0.0008239,3.0687838,0.1145277,0.1306577,0,0.0003485,0.046432,0,0,0.0128754,0.0015677,0.428109,0.0010225,0,0.0516782,0.1290475,0,0.439822,0.2543962,0.001184,0,0.1966085,0,0,0,0.0220056
DW31240411302217,0.0758625,0,1.651492,0.2136266,0.176779,0,0.002172,0,0,0,0.0224566,0.0018561,0.8638753,0,0,0.047357,0.20814,0.04604,0.9126658,0.4175208,0.0664295,0,0.046997,0,0,0,0.0773836
DW31240411302252,0.0700865,0.0018144,2.317105,0.2151828,0.042125,0,0.008938,0.033624,0,0,0.0411588,0.0022074,1.0268601,0.0034217,0,0.0250425,0.3321055,0.0010035,0.4157755,0.097532,0.0302187,0,0.0550475,0,0,0,0.0616322
DW31240411302371,0.033545,0,3.2636513,0.2432061,0.195951,0,0.000668,0.150553,0,0,0.0163822,0.0054136,0.4711167,0.0011525,0,0,0.110109,0,0.177895,0.1090247,0,0,0.1482148,0,0,0,0.0029846
DW31240411303690,0.297273,0.0003869,2.6283161,0.1514305,0.166865,0,7.90E-05,0,0,0,0.0513224,0,0.8589445,0.0049838,0.000676,0.060167,0.099697,0,0.210739,0.1163292,0.0174448,0,0.0053062,0,0,0,0.0747678
DW31240510804156,0.0984145,0.0005761,1.9199094,0.1807955,0.1523525,0,0.004833,0.0408735,0.003378,0,0.027639,0.0019489,1.3029115,0,0.089708,0.045889,0.239341,0.000246,0.59099,0.0873476,0.0288055,0,0.013852,0,0,0,0.0303658
DW31240510808823,0.3346905,0.0376152,0.7304872,0.005737,0.0247555,0,0.0101675,0,0,0,0.0271696,0,1.3510445,0.001935,0,0,0.140302,0.023109,1.755705,0.2391472,0.0479171,0,0,0,0,0,0.0279294
DW31240510808863,0.0393982,0.0259274,1.346717,0.053253,0.012754,0,0.0006425,0,0,0,0.0088912,0,1.3949075,0,0.0024385,0.0586215,0.083111,0,1.3997007,0.351227,0,0,0,0,0,0,0.0407306
DW31240510809918,0.023251,0.0200223,1.4547877,0.0472528,0.0320265,0,0.0045105,0,0,0,0.0039882,0,1.505331,0.081634,0.0161815,0.011012,0.1992315,0.0036817,0.9562218,0.5105075,0.0036555,0,0,0,0,0,0.0121578
DW31240510810088,0.0583823,0.0002096,2.9473355,0.113494,0.159897,0,0.0095275,0.1448095,0,0,0.0255096,0.0028496,0.5082299,0.0006635,0,0.0060675,0.0738295,0.0041765,0.5335615,0.1747648,0.008249,0,0.1103967,0,0,0,0.0160776
DW31240510809052,0.156371,0.0003242,2.7686747,0.074491,0.054629,0,0.0007985,0.0142225,0,0,0.0339662,0.0013594,0.582985,0.0035,0,0.0005965,0.2252335,0,0.3139052,0.6801528,0.000256,0,0.0102,0,0,0,0.0073786
DW31240411301109,0.0508947,0,4.1022567,0.0718505,0.1280082,0,0.0032085,0.0864665,0,0,0.0044584,0.0019231,0.1349445,0.007839,0,0,0.0016785,0,0.1631098,0.021307,0.1368297,0,0.0128245,0,0,0,0
DW31240411302266,0,0.0091314,0.479625,0.0814251,0.0119265,0,0,0,0,0,0,0,2.5020565,0.014118,0,0.034848,0.1252875,0.0276255,1.079053,0.5119501,0.000194,0,0,0,0,0,0.0335632
DW31240663105445,0.0248015,0.0020085,2.027717,0.1354224,0.068213,0,0.003779,0.000789,0,0,0.0425302,0.000507,0.8795576,0.0175115,0,0.0051215,0.3656605,0,0.7176738,0.5607075,0.0018945,0,0.0066845,0,0,0,0.0197792
DW31240411301753,0.0167833,0,0.089879,0.0720645,0.0075255,0,0.0007557,0,0,0,0,0,2.572503,0,0,0.0932576,0.01081,0,1.0141215,0.8228082,0.003077,0,0,0,0,0,0.1178128
DW31240663105247,0.0156845,0.0139306,0.4879242,0.0671518,0.011752,0,0,0,0,0,0.0016306,0,2.426649,0.0165695,0.0016325,0.0354575,0.0986445,0.007017,0.9385567,0.4761673,0,0,0.001609,0,0,0,0.126861
DW31240411301683,0.3667855,0.0255914,1.3804504,0.0455959,0.023918,0,0.0050273,0.003767,0,0,0.072108,0.0003976,0.7612519,0.030353,0.001117,0.010915,0.391213,0.0004875,1.2634802,0.341594,0.0093715,0,0.00224,0,0,0,0.0182872
DW31240663106311,0,0,0.0395245,0,0.0008695,0,0,0.0009365,0.002666,4.835776,0,0.0001196,0.0046105,0,0,0,0.0029084,0,0.0967715,0.000662,0,0,0.0081965,0,0,0,0
DW31240663106506,0,0.0928227,0.0696473,0.0168431,0.0185668,0,0.009075,0,0,0.0020739,0,0,0.4486987,0.06842,0.006535,0.1115418,0.0798635,0,1.5916482,0.7250757,0.0036165,0,0,0,0,0,0.004141
DW31240663106524,0.0008155,0.0058295,0.3192882,0.0021477,0.001052,0,0,0,0,4.160964495,0,0,0.020334,0.00791,0,0,0.0330925,0.0782165,0.2771305,0.0592639,0,0,0.010637,0,0,0,0
DWO31240510809055,0.3152,0.0095647,0.1195795,0.0320341,0,0,0.026849,0,0,0,0,0,0.9133456,0,0,0.007462,0.0265265,0.020773,1.8560733,1.3928467,0.078374,0,0,0,0,0,0.0646996
DW31240663105273,0.0436785,0,0.084456,0,0,0,0,0,0,0,0,0,0.0954645,0,0,0,0.0207055,1.2885325,1.3084245,2.1433985,0.0153405,0,0,0,0,0,0
DW31240663106493,0.022266,0.0024527,2.4185478,0.163263,0.3972267,0,0.0059195,0.043996,0,0,0.026953,0.0024616,0.5868965,0,0,0.000214,0.183903,0.0040265,0.4998885,0.3942282,0.054741,0,0.107594,0,0,0,0.0101342
DW31240663106525,0.31367,0.0113725,1.8951744,0.0715691,0.108579,0,0.0033165,0.0186885,0,0,0.0432346,0.0071492,1.0889545,0.0068839,0.000745,0.0104525,0.075032,0,0.8728297,0.1691785,0.007188,0,0.0115002,0,0,0,0.0252102
DW31240411303729,0.0984305,0.0079195,0.5805327,0.055079,0.0017335,0,0.008272,0,0,0,0,0,1.6399273,0.0296775,0.001129,0.147598,0.0734955,0.0403103,1.8775823,0.20433,0.0021335,0,0,0,0,0,0.0645706
DW31240510808978,0.0352385,0.0144668,0.341117,0.0722406,0.008922,0,0,0,0,0,0,0,2.9536233,0.016524,0.035568,0.05474,0.347426,0.0139335,0.6976525,0.2768225,0,0,0.0051925,0,0,0,0.026067
DW31240663105375,0.005642,0.0538791,0.004969,0,0,0,0,0,0,0,0,0,0.1756735,0,0.026406,0,0.104447,0.196575,2.0022875,2.2146038,0,0,0,0,0,0,0
DW31240510808871,0.0019175,0.0533471,0.6273554,0,0,0,0,0,0,0,0,0,0.5470858,0.0185525,0,0,0.4278505,0,2.1327338,0.977769,0,0,0,0,0,0,0
DWO31240663105239,0.0786055,0.0089416,1.148813,0.0725554,0.08604,0,0.0054095,0,0,0,0.0057056,0,0.8271082,0.0091615,0.014028,0,0.5329955,0.0709075,1.349173,0.5546825,0.0204575,0,0.0536085,0,0,0,0.042732
DW31240663106432,0,0.1031921,0,0,0,0.2248758,0,0,0,0.0100554,0,0,0.0617559,0.0513045,0,0,0.0266826,0.020543,1.6649718,0.327383,0,0.1885971,0,0,0,0,0.6338494
DW31240510809006,0.1070747,0,1.8106709,0.2065506,0.088075,0,0.0049505,0,0,0,0.0379678,0.0001448,1.53009,0.0008045,0.001351,0.087113,0.0590995,0,0.516373,0.3323627,0.0060182,0,0.0093835,0,0,0,0.0534108
DW31240210306037,0.0405358,0,2.1851262,0.183691,0.0436935,0,0.0017635,0.024571,0,0.4116322,0.015296,0.0004466,0.529717,0.00085,0,0.006917,0.2640275,0,0.396083,0.18195,0.005849,0,0.0105747,0,0,0,0.0183202
DW31240411301787,0.0675795,0.0173916,0.7095921,0.1348672,0.060409,0,0.0550305,0,0,0,0.0464846,0,1.3814202,0.002357,0,0.014786,0.086789,0.00252,1.8349425,0.2300185,0.0267425,0,0,0,0,0,0.0786884
DW31240411301796,0.0034495,0.0229046,0.0580184,0.0118372,0.002766,0,0,0,0,2.8339215,0.0006188,0,0.5709332,0.023379,0.010775,0,0.1265525,0.7483792,0.3771465,0.1131878,0,0,0,0,0,0,0.000161
DW31240411302336,0.0432625,0.0350897,1.6153309,0.0534877,0.038824,0,0.004314,0.005263,0,0,0.0149678,0,0.4696,0,0.092322,0,0.402457,0.9372627,0.7208013,0.3041968,0.0036142,0,0.018615,0,0,0,0.0171186
DW31240411303354,0.0169845,0.0005401,0.0299738,0.0766052,0.0007225,0,0.00257,0,0,0,0.0020376,0,3.5158808,0,0.0078165,0.0640795,0.1181745,0.0011745,0.69861,0.2634647,0.0050322,0,0,0,0,0,0.0713998
DW31240411304928,0,0.0994466,0.044317,0,0,0,0,0,0,0,0,0,0.743284,0.019664,0.023476,0,0.0352795,1.0149565,2.0530995,0.5362433,0,0,0,0,0,0,0.012979
DW31240510805328,0,0.0301102,0,0,0,0,0,0,0,0,0,0,0.4394328,0,0,0,0.3759575,0.387241,3.2494767,0.3837077,0,0,0,0,0,0,0.0054532
DW31240510808858,0.081495,0.0016807,2.4088068,0.0426825,0.1600783,0,0.000655,0.0437699,0,0,0.0239058,0.0007408,0.732972,0.001839,0.0441355,0.045607,0.307272,0.0026135,0.6581788,0.2404235,0.000209,0,0.038416,0,0,0,0.0040448
DW31240510808874,0.0276285,0.0018022,2.2261197,0.3370419,0.083693,0,0.000761,0.0101735,0,0,0.0161692,0.0004729,1.1244737,0.0009125,0,0.018673,0.2591515,0.0037045,0.3679245,0.213545,0.001456,0,0.0495523,0,0,0,0.0741362
DW31240510809870,0.0290254,0.006991,3.1768852,0.1037301,0.1322685,0,0.0022035,0.1007899,0,0,0.0142172,0.0025675,0.348881,0.0115305,0.015734,0.003164,0.094703,0.00374,0.5160135,0.1899403,0.0153075,0,0.0686875,0,0,0,0.0129016
DW31240510809941,0.0758913,0.0043294,3.9724218,0.1245582,0.1434665,0,0.0341607,0.029599,0.0058205,0.0116336,0.0058436,0.0084031,0.1621563,0.0143249,0.0021888,0.0038505,0.036022,0.0281935,0.0402208,0.1709187,0.007538,7.08E-05,0.0394415,0,0.0037107,1.83E-05,0.0046112
DW31240510802790,0.0493285,7.40E-06,2.6289505,0.2886563,0.164721,0,0.020262,0.1355679,0,0,0.0127308,0.0040628,0.6893655,0.00583,0.0003475,0.0173485,0.4362005,0.001496,0.1200103,0.1741795,0.0020765,0,0.1275737,0.0006835,0,0,0.0242782
DW31240510802822,0.0569345,0.0004577,1.8686912,0.2704971,0.074968,0,0.0077422,0.0411105,0,0,0.006701,0.0024831,0.5754315,0.000134,0,0.0136005,1.133317,0.0063285,0.3851502,0.2371325,0.0147725,0,0.0557605,0,0,0,0.0764912
DW31240510808944,0,0.0524838,0.3204378,0.093684,0,0,0,0,0,0,0,0,0.4971443,0,0,0.180484,1.1407595,0,1.9642718,0.5407992,0,0,0,0,0,0,0
DW31240510809094,0.070875,0.0128911,1.6038836,0.0336235,0.0596425,0,0,0,0,0,0.0618162,0,0.584853,0.0107855,0,0.021032,0.9464835,0.0107865,0.5984575,0.8386065,0.0002725,0,0,0,0,0,0
DWO31240510806494,0.435044,0,1.6443998,0.4256725,0.069129,0,0.001397,0.0048035,0,0,0,0,0.624913,0.0391195,0,0,0,0,1.088459,0,0.0689535,0,0,0,0,0,0.211281
DW31240663105449,0,0.0544611,0.0452155,0,0,0,0,0,0,0,0,0,0.710372,0.0900835,0,0,0.045747,0.132109,3.370968,0.3327447,0.000455,0,0,0,0,0,0
DW31240411301620,0.029037,0.0064885,0.4908365,0.0732465,0.0253585,0,0.010765,0,0,0,0,0,1.703506,0.0098985,0,0.0256755,1.134138,0.062778,0.7375995,0.5063828,0.0201,0,0,0,0,0,0.054666
DW31240510807791,0.012513,0.000657,2.3357685,0.3388645,0.1561115,0,0,0.1604975,0,0,0.006979,0,0.9374432,0.016973,0.0007075,0.016165,0.043064,0.000842,0.49534,0.2353232,0.0001655,0,0.1347629,0,0,0,0.0320056
DW31240510810424,0.0077395,0.0070363,0.3918863,0.0056706,0.010367,0,0,0,0,0.0281745,0,0,1.6437688,0.009278,0.0035392,0.054852,0.7175899,0.6264057,0.9186197,0.2391695,0,0,0.0041095,0,0,0,0.0205414
DW31240663106550,0.0283922,0.0026716,2.8671794,0.0679442,0.1266597,0,0,0.0196499,0.006599,0,0.0022338,0.00126,0.7709985,0,0.0008065,0.0009195,0.4081735,0,0.3035335,0.2536549,0,0,0.06505,0,0,0,0.0151402
DW31240663105306,0.0029315,0.1431476,0.2731205,0.0171085,0,0,0,0,0,0,0,0,0.475243,0.000684,0.008487,0,0.453845,0,2.0561245,0.9279153,0,0,0,0,0,0,0.027521
DW31240663105487,0,0.014255,0.0003478,0.0025758,0,0,0.0004695,0,0,0,0,0,2.958242,0,0.0168165,0.010211,0.031706,0.0262015,1.2579346,0.619835,0,0,0,0,0,0,0
DW31240663105492,0.0064795,0.0040592,2.7874478,0.1385154,0.123119,0,0.0204195,0,0,0,0.012436,0,0.322399,0,0,0.0070675,0.54819,0.104793,0.5076735,0.2033308,0.0326665,0,0.113232,0,0,0,0.0109832
DW31240510810091,0.0093875,0,4.4071109,0.041323,0.047897,0,0,0.1141129,0,0,0.002696,0.0013143,0.084452,0.0077953,0,0.0013985,0.1118375,0.003368,0.037189,0.0902182,0,0,0.0276842,0,0,0,0.0006622
DW31240411303877,0,0.0198993,0,0,0,0,0,0,0,0,0,0,0.0807225,0,0,0,0.178453,0,4.5720315,0.069296,0,0,0,0,0,0,0
DW31240411301698,0.0009225,5.00E-06,1.7774104,0.0338713,0.114699,0,0.0010155,0.048302,0,1.0002382,0.0216614,0.0018624,0.0529431,0.0007876,0,0.001504,0.1219185,0.0915065,0.1163705,0.0226458,0,0,0.0292637,0,0,0,0.0010352
DWO31240510809039,0.0669917,0,2.7052591,0.171929,0.04263,0,0.0053925,0.046289,0,0,0.0019722,0.0079724,0.5593223,0,9.22E-05,0,0.1073503,0,0.4667308,0.4100122,0.0024045,0.0399915,0.2118915,0,0,0,0.0283678
DW31231210401824,0.0075,0.1428296,0.0254291,0,0,0,0,0,0,0,0,0,0.387268,0.0655725,0,0,0.0963365,0.1008207,2.0340806,1.5688445,0,0,0,0,0,0,0
DW31240411302398,0.0393895,0.0237195,1.6004079,0.0600009,0.0163845,0,0.0055828,0,0,0,0,0,0.7314227,0.007763,0.0178145,0.0050425,0.998211,0.0153192,0.7859164,0.4468545,0.0067295,0,0.008223,0,0,0,0.0529046
DW31240510808907,0.031471,0,3.9496776,0.0455297,0.097619,0,0.000181,0.0189345,0,0,0.0548828,0.0057489,0.208156,0.1214529,0.0016874,0.0079868,0.064876,0,0.0155705,0.2216535,0.0083955,0,0.0287195,0,0.0030696,0.0034239,0.0011092
DW31240510809858,0,0,0,0,0,0,0,0,0,0,0,0,0.7718405,0,0,0,0,0,3.167953,0,0,0,0,0,0,0,0.4240826
DW31240510807054,0,0.0674682,0.2530086,0,0.003872,0,0,0,0,0,0,0,0.6193571,0.1055825,0,0,0.4009435,0.096815,0.639582,2.5434975,0,0,0,0,0,0,0
DW31240510806767,0.2294907,0.0049574,1.8675685,0.0346449,0.0086885,0,0.0015915,0,0,0,0.0080184,0,0.5041063,0.017904,0.00306,0,0.205214,0.0253385,1.3811845,0.6723265,0.0034945,0,0,0,0,0,0.000188
DW31240663105228,0.0030438,0,3.8128618,0.2277168,0.135258,0,0,0.072742,0.0019175,0,0.0076054,0.0072398,0.3364125,0.0119518,0,0.005596,0.0775555,0,0.066578,0.1263458,0,0.0114561,0.0282113,0,0,0,0.0050066
DW31240663106356,0.103225,0.0047823,2.9589352,0.0489483,0.147311,0,0.0011965,0.012374,0,0,0.0156844,0.0019748,0.356818,0.012846,0.010425,0.004513,0.410599,0.005308,0.2989985,0.3934457,0,0,0.086984,0,0,0,0.0191504
DW31240510805118,0.010906,0.0018046,3.8037363,0.1668133,0.03177,0,0,0.2546301,0,0,0.0079364,0.0017452,0.1228095,0,0,0,0.183868,0.0144995,0.2199198,0.045512,0,0,0.0911402,0,0,0,0
DW31240510809993,0,0,0.0643605,0,0,0,0,0,0,0,0,0,0,0,0,0,0,0,4.276918,0.6587215,0,0,0,0,0,0,0
DW31240510810087,0.020459,0.0042446,0.809751,0.4267752,0.0128785,0,0.0003905,0.0146475,0,0,0.0040628,0,1.6601148,0.0030625,0,0,0.4996755,0.0131685,0.7155645,0.478476,0.025339,0,0.0060467,0,0,0,0.0785548
DWO31240663106373,0.003381,0.0001193,0.5563336,0.0711756,0.055779,0,0.00285,0.073058,0,3.637588,0.0020468,0.0015679,0.2225479,0,0,0.001787,0.009905,0.002425,0.1275635,0.0398995,0.000113,0,0.0625685,0,0,0,0.014051
DW31240411301611,0.100422,0.0052414,2.4832481,0.0647407,0.0267355,0,0.010016,9.30E-05,0,0,0.0106494,0,0.4186035,0.001152,0,0.006593,0.254526,0,0.720586,0.6860095,0.015253,0,0.00084,0,0,0,0.0623612
DW31240411301852,0.097202,0.0018702,3.2245377,0.245372,0.1368465,0,0.0389135,0.0886329,0,0,0.0123346,0.0019557,0.4297726,0.024182,0,0.018559,0.0729085,0,0.1943266,0.1515759,0.003192,0,0.089664,0,0,0,0.0399974
DW31240411302306,0.040705,0.0008269,3.4992378,0.0779957,0.0855395,0,0.002777,0.23776,0.0006635,0,0.0082032,0.0854673,0.1301322,0.1309189,0,0.0124697,0.036436,0,0.2604763,0.1504027,0.0006225,0,0.106466,0.00597,0.0080436,0,0.0120172
DW31240510802062,0.017809,0.0065835,0.3593523,0,0.00122,0,0,0,0,0,0.0024018,0,0.0348704,0.0010075,0,0,0.06246,0,4.3687505,0.11006,0,0,0,0,0,0,0.002219
DW31240510804189,0.0288615,0,3.1585696,0.0018751,0.0101635,0,0.001181,0.043815,0,0,0.0037974,0.0007635,0.4975114,0.000536,0.0020615,0,0.424078,0,0.1134395,0.6873497,0.0009435,0,0,0,0,0,0.0008628
DW31240510805117,0.0047905,0.0098749,1.6293654,0.1317957,0.098771,0,0,0,0,0,0.0107414,0.0007885,1.6808425,0,0,0.0270325,0.339998,0.0066865,0.359364,0.518743,0,0,0.0218245,0,0,0,0.0337452
DW31240510808827,0.016953,0.0093161,0.03412,0.1715081,0.0020545,0,0.0309655,0,0,0,0,0,0.965419,0.044384,0.0008365,0.0049455,0.737699,0,2.6355525,0.2549445,0,0,0,0,0,0,0.0011964
DW31240510810009,0.000658,0,0.0086429,0.7189112,0,0.0095502,2.00E-05,0,0,1.0099668,0.0001774,0,0,0,0,0.0009441,0.0004595,0,0.0014675,0,0,0.0052737,0,0,0,0,0.0064942
DW31240510810115,0.0091495,0.053151,0.0035047,0.0002445,0.0004685,0,0.020836,0,0,0,0,0,0.100907,0,0,0,0.0036245,0.111484,4.1395093,0.3382416,0.0047227,0,0,0,0,0,0
DW31240510802955,0.1856715,0.0005393,0.9165702,0.5120682,0.0390485,0,0.0206775,0,0,0,0.0129004,0,1.6220415,5.90E-05,0,0.1389965,0.350758,0,0.6429252,0.2972212,0.013604,0,0,0,0,0,0.0625322
DW31240510809118,0.047063,0.0005244,2.3606539,0.0485387,0.153289,0,0.0033185,0.007491,0,0,0.0144786,0.0005942,0.196656,0,0.0027875,0.0048335,0.913253,0.0076995,0.5554608,0.493111,0.075695,0,0.0486875,0,0,0,0.0133422
DW31240510806745,0.0309435,0.0009252,0.9740365,0.1747325,0.0673135,0,6.55E-05,0.001414,0,0,0.0613732,0.000402,2.7594385,0.0008685,0.000727,0.0066755,0.1237655,0,0.2430359,0.3472617,0.0061145,0,0.0045122,0,0,0,0.0318526
DW31240510806670,0.0382945,0.0009134,3.6835085,0.052111,0.072833,0,0,0.1134345,0,0,0.0053848,0.000745,0.229989,0,0.000539,0.0158685,0.139816,0.031356,0.3975743,0.1059146,0,0,0.0874845,0,0,0,0.0034128
DW31240411303830,0.147312,0.0078024,1.8902942,0.0641526,0.05241,0,0.00337,0.0011225,0,0,0.0201886,0.0003817,0.5617921,0,0,3.25E-05,0.1160095,0.0130495,1.5018297,0.3829835,0.0013005,0,0.0246307,0,0,0,0.0560342
DW31240663105270,0,0.2243692,0.0729395,0,0,0,0,0,0,0,0,0,0.1544295,0.2126945,0.022656,0,0.054612,0.0492505,1.853353,1.4582195,0,0,0,0,0,0,0
DW31240663105474,0.0029383,0.0006962,1.7076512,0.0349443,0.057877,0,0,0.03497,0,2.563707995,0.0110156,0.0014655,0.190434,0.0031395,0,0.005405,0.1218395,0,0.1132719,0.0904453,0,0,0.028543,0,0,0,0.0020816
DW31240411301717,0.030943,0,1.4580326,0.0820388,0.0627635,0,0.0005527,0.0085485,0,0,0.0256806,7.94E-05,1.709733,0.0037415,0.0287365,0.028387,0.2301555,0.0325,0.4478382,0.6977252,0.0024175,0,0.0281332,0,0,0,0.0240734
DW31240510806778,0.0292098,0.0078973,0.8288872,0.0705707,0.013548,0,0,0,0,0,0.0004524,0,1.7114575,0.0238765,0.0256315,0.0194005,0.581326,0.120103,1.0057452,0.458227,0.005471,0,0,0,0,0,0.0258692
DW31240663105209,0.0305175,0,3.0644113,0.027146,0.3113217,0,0,0.0135505,0,0,0.0585942,0.0020438,0.925122,0.0137405,0,0.016731,0.127759,0,0.0995983,0.1204717,0,0,0.0804601,0,0,0,0.0003628
DW31240510810085,0.008395,0.1191724,0.1302045,0.0046005,0.005568,0,0,0,0,0,0,0,0.289336,0.0846,0.004378,0,0.076331,0.0126425,2.1735233,1.6119223,0,0,0,0,0,0,0.0006446
DW31240663105257,0.0401645,0,0.4295538,0.1163986,0.0030995,0,0,0,0,0,0,7.76E-05,1.5406845,0.0005475,0.001078,0.0231555,0.3969015,0,0.5150595,0.3243675,0.000641,0,0,0,0,0,0.6330418
DW31240663105256,0.0212619,0.0007609,3.1852305,0.0796431,0.1458605,0,0.0087465,0.262405,0.0003665,0,0.005638,0.0053647,0.6287101,0.005918,0.0308115,0.010482,0.0882738,0.005172,0.1381673,0.108721,0.003375,0,0.1706918,0,0,0.002352,0.0119756
DWO31240663105309,0.0075065,0.0027506,3.8870196,0,0.016923,0,0.0119955,0,0,0,0.0255,0,0.194017,0,0,0,0.001105,0,0.303019,0.5009125,0,0,0,0,0,0,0
DW31240510802857,0.023055,0.1319514,0.1454105,0,0,0,0.0049035,0,0,0,0,0,0.355699,0.0015895,0.0110105,0,0.4636495,0.0533343,1.0013765,2.201937,0.01614,0,0,0,0,0,0.024855
DW31240411301891,0.0716095,0.000636,2.5435327,0.2306094,0.1603005,0,0.015308,0.0857445,0,0,0.028183,0.002279,0.912777,0.032489,0,0.0375112,0.068209,0.0038065,0.2740532,0.2749125,0.0041325,0,0.0485017,0,0,0,0.0406226
DW31240411303379,0.146175,0.001457,2.3207556,0.2344098,0.0469435,0,0.0211465,0.022557,0,0,0.0101216,0.0006373,0.5734591,0.001148,0.0033855,0.005615,0.045489,0,1.0141902,0.1208935,0.0243338,0,0.011261,0,0,0,0.14841
DW31240411302187,0.041758,0.010293,0.541827,0.0019564,0.0124305,0,0.0042475,0,0,0,0,0,2.2932171,0.0004235,0.01539,0.135219,0.125097,0,1.1880255,0.4983103,0,0,0.0236168,0,0,0,0.025676
DW31240411302250,0.0132602,0.0759546,0.556813,0.0098973,0.007075,0,0,0,0,0,0,0,0.1545884,0.1183105,0.0458561,0.002522,0.0796643,0,1.3498042,2.2646925,0,0,0,0,0,0,0.0057024
DW31240411302293,0.0118133,0.0015651,1.0763625,0.0895204,0.0634855,0,0.001886,0.1758075,0,0,0.000163,0.000761,1.6414919,0.0119102,0,0.001924,0.088642,0.0098595,1.2622647,0.402493,0.0017457,0,0.047952,0,0,0,0.021686
DW31240510808159,0.091275,0.0005303,1.8604187,0.222845,0.026505,0,0,0.010246,0,0,0.0109262,0.0004507,1.1492896,0,0.011035,0.010381,0.1608985,0.0207735,0.5339055,0.555964,0,0,0.0635652,0,0,0,0.0969126
DW31240510808852,0.0116345,0,0.9574941,0.030913,0.031266,0,0.0022377,0.0077815,0,3.458578,0.0058954,0.0004431,0.1808544,0,0,0,0.0265425,0.021474,0.1828498,0.0194225,0.00744,0,0.0131075,0,0,0,0.004461
DW31240510802820,0.119907,0.0071793,0.6701507,0.051241,0.0252535,0,0,0,0,0,0.0146312,0,1.5795335,0.001692,0.046261,0.081213,0.224725,0.022407,1.119723,0.61714,0,0,0.0077155,0,0,0,0.1432154
DW31240411301829,0,0,0,0,0,0,0,0,0,0,0,0,0.46582,0,0,0,0,0,4.53418,0,0,0,0,0,0,0,0
DW31240411302424,0.089171,0.0148015,0.9875084,0,0.0309385,0,0,0.041301,0,0,0.023644,0,1.2314316,0.036645,0.004599,0,0.1238925,0.008788,1.9449917,0.327809,0,0,0.017306,0,0.0004851,0,0.0004306
DW31240411301754,0,0.066716,0,0,0,0,0,0,0,0,0,0,1.2562995,0,0,0.0010845,0.034362,0,1.378469,1.8547565,0,0,0,0,0,0,0.0565792
DW31240510806693,0.1241412,0,3.1717351,0.1116032,0.2000515,0,2.45E-05,0.2774885,0,0,0.013928,0.0041129,0.2582452,0.0058647,0.003287,0.005678,0.0807665,0,0.1435028,0.120268,0.001033,0,0.3266355,0,0,0,0.0126062
DWO31240663105418,0.059482,0,2.727718101,0.1801907,0.1929135,0,0.0121235,0.038829,0,0,0.0138558,0.0044565,0.522346,0,0,0.0031035,0.252162,0,0.5542235,0.195368,0,0,0.080387,0,0,0,0.039518
DW31240663105479,0,0,2.266981,0,0,0,0,0,0,0,0,0,0.3705025,0,0,0,0.004018,0.5384497,0.0937272,1.7183123,0.002825,0,0,0,0,0,0.002074
DW31240411301135,0.009775,0.1709126,0.0193982,0.0020495,0.0358885,0,0.0583915,0,0,0,0,0,0.2946292,0,0,0.0006854,0.0838606,0,3.3817878,0.3109165,0.014483,0.0144771,0,0,0,0,0
DW31240663106496,0,0.0438224,0.4476658,0.005533,0,0,0,0,0,0,0.0009044,0,0.928084,0.112916,0,0,0.074411,0.39893,0.5500467,2.2290493,0,0,0,0,0,0,0.0127966
DW31240510809868,0,0.098368,0.036609,0,0,0,0,0,0,0,0,0,1.0510055,0,0,0,0.011639,0,0.288992,3.119914698,0,0,0,0,0,0,0
DW31240411301697,0.069434,0.0004913,1.4685997,0.3275878,0.1873785,0,0.004401,0.116307,0,0,0.0292634,0.0072195,1.7459433,0.0003365,0,0.0105955,0.262802,0.003667,0.1135733,0.3959963,0.001587,0,0.1002205,0,0,0,0.0060064
DW31240510806756,0.0333815,0.0003628,0.1732325,0.2659995,0.039975,0,0,0,0,0,0,0,1.1775495,0,0,0,0.093172,0,0.5239845,0.7492595,0.1316975,0,0,0,0,0,0.6921304
DW31240510802853,0.0280112,0.0176793,2.3614918,0,0.056882,0,0.0408245,0,0,0,0.0343408,0.0007532,0.1402915,0.1907704,0.1658775,0,0.235906,0.019917,0.876811,0.7045702,0,0,0,0,0,0,0
DW31240411301724,0.0839286,0.0036417,3.0161382,0.0872912,0.095072,0,0.0150785,0.0429875,0,0,0.0145972,0.0008073,0.3219875,0.00296,0,0.01135,0.13349,0,0.6858325,0.1975332,0.005144,0,0.1978135,0,0,0,0.012115
DW31240411302297,0.032187,0.2563562,0.0237895,0,0.009992,0,0,0,0,0,0,0,0.4295195,0.0488315,0,0,0.1708325,0.0743575,1.9442663,0.984443,0,0,0,0,0,0,0
DW31240411302368,0.0006925,0.0065539,0.0070755,0,0,0,0,0,0,4.580373,0,0,0.1073102,0.0050495,0,0,0.0107835,0.009073,0.1170732,0.129801,0,0,0,0,0,0,0
DW31240411302401,0.000405,0.0074745,0,0,0,0,0,0,0,0,0,0,0.3022203,0,0.039519,0.1957455,0.226264,0.0652395,3.040907,0.8879425,0,0,0,0,0,0,0.0817538
DW31240411303646,0.006689,0.0237075,1.470918,0.0215678,0.0082095,0,0.0439182,0,0,0,0,0,0.290266,0,0,0.0196804,0.285437,0,2.0396032,0.4529615,0.028454,0,0.019763,0,0,0,0.0164086
DW31240510804176,0.1147025,0.043109,0.8978701,0.0359328,0.0748315,0,0,0.0017485,0,0,0.0050248,0,0.5232785,0.183993,0.0087795,0,0.5526475,0.1361865,0.978488,1.2396765,0,0,0,0,0,0,0
DW31240510804195,0.02047,0.0029426,0.686917,0.0234248,0.0143075,0,0.0040235,0,0,0,0.0021756,0,2.3810212,0.0007175,0.0084095,0.0157705,0.088683,0.0011415,1.037543,0.4362965,0.026765,0,0,0,0,0,0.086415
DW31240510805113,0,0.011293,0.7514185,0.3116629,0.0359995,0,0,0.008712,0,0,0.0012974,0.0002989,1.7211237,0.0037185,0,0.004836,0.3380025,0,1.3504258,0.1831575,0.0013355,0,0,0,0,0,0.0518536
DW31240510807776,0.0130972,0.0499887,2.1736301,0.0280075,0.137936,0,0.0048645,0.048488,0,0,0.0047356,0.0018799,0.3213961,0.0231655,0.0090115,0,0.0687774,0,1.058205,0.5827262,0,0,0.056247,0,0,0,0
DW31240510808603,0.000975,0.0319457,0.0072525,0,0,0,0.0006335,0,0,0,0,0,1.814955,0.0151285,0.0062142,0,0.002673,0.020176,1.567404,1.3844252,0.00473,0,0,0,0,0,0.0028206
DW31240510809841,0.0589105,0.0233385,0.5688348,0.013484,0.0189645,0,0,0,0,0,0,0,1.078283,0.067029,0.0180645,0,0.1436655,0.1058585,2.026002,0.7064528,0.0522275,0,0,0,0,0,0.0057564
DW31240510809938,0,0.0703071,0,0,0,0,0,0,0,0,0,0,0.0884162,0.009259,0,0,0.1601035,0.108057,3.7283622,0.5542665,0,0,0,0,0,0,0
DW31240510802899,0.040332,0,3.492078698,0.0821845,0.18738,0,0.0110385,0.255056,0.001154,0,0.0065462,0.0022219,0.4320152,0.002455,0,0.0083235,0.0637545,0,0.1027853,0.1040383,0,0,0.1184258,0,0,0,0.0077272
DW31240510809112,0.102716,0.000992,0.7380257,0.6119714,0.0657897,0,0.009755,0.0272215,0,0,0.0065924,0.0004972,1.8481005,0.010563,0.006433,0.0681345,0.3727255,0,0.4467728,0.2285725,0.0150195,0,0.021772,0,0,0,0.1303608
DW31240510802793,0.000239,0.0003122,0.007537,0.0011605,0,0,0,0,0,3.1347825,0,0,0.1775287,0,0,0,0.033654,0.048981,0.9532141,0.1584315,0,0.2786895,0,0,0,0,0.0073712
DW31240510806620,0.0542513,0.0020772,3.2449777,0.0102456,0.1142815,0,0.0013947,0.0586545,0,0,0.021501,0.0011842,0.3361075,3.65E-05,0.008073,0.000378,0.2456255,0.002238,0.4622863,0.3083225,0.0079035,0,0.0284922,0,0,0,0.0076982
DW31240411301121,0.0250945,0.0688638,0.3267135,0,0.009999,0,0.0041765,0,0,0,0.0070282,0,0.4785887,0.935112,0,0,0.075994,0.0561005,1.6540514,1.0538772,0.013784,0,0,0,0,0,0.0018478
DW31240411301634,0,0.0050542,1.7346651,0.248987,0.07606,0,0,0,0,0,0.0355486,0,1.5284421,0.0013255,0,0.012226,0.237673,0.166737,0.3875553,0.3717362,0,0,0.06799,0,0,0,0.0204232
DW31240411301682,0,0,0.5623465,0.5711545,0.071769,0,0,0.081885,0,0,0,0,0.233841,0,0,0,0.0166625,0,3.0022989,0.0099745,0.027447,0,0,0,0,0,0.1262078
DW31240411301722,0.0112355,0.0048924,0.4914396,0.002629,0.003176,0,0.00057,0,0,4.124249,0.0040516,0,0.0389355,0,0,0,0.0629605,0.0031675,0.1273225,0.099362,0,0,0,0,0,0,0
DW31240663105432,0.0149783,0.0345922,2.0160515,0.006181,0.0237575,0,0.004678,0.020688,0,0,0.0032528,0,0.70676,0.3036215,0.0145375,0.018092,0.141899,0.1593175,0.864365,0.4983665,0,0,0.010426,0,0,0,0.0049832
DW31240663106320,0.0573025,0.089541,0.5852308,0,0.054573,0,0.0243485,0.01396,0,0,0,0.0010138,0.363224,0.1467925,0.007295,0,0.4612965,0.0005815,1.883008,0.869385,0.000233,0,0.01228,0,0,0,0
DW31240663106340,0.032841,0.0175025,0.1559778,0.0263466,0.0043555,0,0.000634,0,0,0,0.0007936,0,1.1459027,0.0140225,0.0602945,0.011173,0.753535,0,1.816193,0.7697705,0,0,0,0,0,0,0.046916
DW31240663106342,0.1141063,0.0027751,2.9350912,0.022913,0.05789,0,0.000997,0.191763,0,0,0.0244726,0.0035377,0.6260882,0,0,0.0161145,0.007444,0,0.6217983,0.1939605,0.0063151,0,0.06684,0,0,0,0
DW31240663106538,0,0.1183149,0,0,0,0,0,0,0,0,0,0,0,0,0,0,0,0,4.408425498,0,0,0,0,0,0,0,0
DW31240663106322,0.0886577,0.0187884,1.2455566,0,0.0086875,0,0.0009805,0.027324,0,0.0182575,0.0043008,0.0006414,0.1574595,0.1327233,0,0.008579,0.022494,0.074589,2.4372857,0.6344642,0,0,0.035041,0,0,0,0
DW31240663106387,0.010319,0.0085046,0.3251539,0.1820619,0.058184,0,0,0,0,0.0025215,0.0001244,0,1.5639279,0.0063275,0,0.0012745,0.1572885,0.0049515,2.2384031,0.1869065,0,0,0.004161,0,0,0,0.075021
DW31240663106473,0.0504443,0.002623,3.0924041,0.0718582,0.106104,0,0.000365,0.006891,0,0,0.001174,0.0009805,0.296073,0.066968,0.0016085,0,0.0817855,0.000405,0.5090305,0.5497002,0.001927,0,0.0569506,0,0,0,0.0294214
DW31240663105312,0.2117145,0.0009023,0.5478638,0.0697885,0.02404,0,0.1432355,0,0,0,0.007845,0,1.2605635,0,0,0.001817,0.2749285,0.0596285,1.6363673,0.5248978,0.10581,0,0,0,0,0,0.0460882
DW31240663106548,0,0.1120038,0,0,0,0,0,0,0,0,0,0,0,0,0,0,0.131038,0,3.2696502,1.039293,0,0,0,0,0,0,0
DW31240663106421,0.0421375,0.004966,1.755944701,0.0303053,0.0391,0,0.0016665,0,0,0,0.0145378,5.87E-05,1.2479798,0.000272,0.028168,0.0152725,0.6989735,0.00039,0.5409985,0.4199275,0.008675,0.0004785,0.043019,0,0,0,0.0248348
DWO31240663105208,0.0159817,0.0003128,3.5313327,0.1810475,0.146728,0,0.005022,0.449926,0,0.0001992,0.0069732,0.007055,0.2914202,0.000148,0,0,0.0368216,0.0060305,0.129255,0.0531001,0.0005205,0,0.0912725,0,0,0,0
DWO31240411301652,0.0018015,0.0797509,0.1593275,0.002437,0,0,0.01914,0,0,0,0,0,0.5314335,0.0142335,0,0,0.048541,0.6281505,1.957205,1.1298467,0,0,0,0,0,0,0.0436518
DW31240510806621,0,0.1954155,0,0,0,0,0,0,0,0,0,0,0,0,0,0,0.0758337,0,2.636747,1.2597855,0,0,0,0,0,0,0
DW31240510805111,0.0389635,0.1641556,0.6769095,0,0,0,0,0,0,0,0,0,0.405141,0,0,0,0.016206,0.155379,1.979193,0.90743,0,0,0,0,0,0,0
DW31240510809961,0.009915,0.0001481,3.0280329,0.1617055,0.0660128,0,0,0.392124,0,0,0.000411,0.0077074,0.5739215,0,0,0,0.0335905,0,0.463941,0.0251829,0,0,0.0751098,0,0,0,0.0237118
DW31240510802824,0.014309,0,3.847473599,0.2339327,0.073638,0,0.020345,0.092909,0,0,0.0160478,0.001962,0.135172,0.001796,0,0.011876,0.221535,0,0.0755815,0.1043153,0.013706,0,0.084328,0,0,0,0.0038706
DW31240510802010,0.0213753,0.0020033,4.119587,0.0169673,0.0266815,0,6.00E-05,0.1732215,0,0,0.0147048,0.0100365,0.025763,0.023336,0,0,0.0364865,0.0003185,0.322397,0.0272265,0.002261,0,0.0904898,0,0,0,0.001222
DW31240510805126,0.001339,0.043882,0.0007755,0.0328504,0,0,0.0154415,0,0,0,0,0,2.897929,0,0.0164495,0.0560935,0.1058615,0,1.3054757,0.0623965,0,0,0,0,0,0,0.1113994
DW31240663106403,0.0651615,0.0030971,1.5078094,0.0825351,0.050778,0,0.0005685,0.0005275,0,1.3820965,0.0170902,5.37E-05,1.1466521,0.014002,3.50E-05,0.0168105,0.1183445,0,0.2635415,0.2092853,0.002923,0.0012855,0.0110565,0,0,0,0.0194534
DW31240411301100,0.074674,0,2.8052472,0.1576306,0.245714,0,0,0.059181,0,0,0.081987,0.0024193,0.2092687,0,0,0.0084705,0.1454935,0,0.5047158,0.1451388,0,0,0.3277295,0,0,0,0.032732
DW31240411303593,0.059281,0.0055174,0.1099593,0.0691859,0.009432,0,0.0089755,0,0,0,0,0,1.329787,0,0.002978,0.0147355,0.0575465,0.2210495,2.4498315,0.1501785,0.036124,0,0,0,0,0,0.180848
DW31240510801994,0.1070375,0.0075323,1.9469935,0.7790961,0.056087,0,0,0.0083935,0,0,0,0.0015268,0.6574738,0.002917,0,0.009874,0.0082635,0.005508,0.5510295,0.4928447,0.0021975,0,0,0,0,0,0.1290288
DW31240510808836,0,0.037649,0.688318,0.0114965,0,0,0,0,0,0,0,0,1.3566253,0.1180225,0,0.3127425,0.565061,0.0485077,1.1204353,0.3813402,0,0,0,0,0,0,0
DW31240411301104,0.0875972,0,3.7582405,0,0.0657495,0,0.011314,0,0,0.0816274,0.0109048,0,0.28334,0,0,0,0,0,0,0.562428,0,0,0,0,0,0,0
DW31240510808945,0.1181432,0.0113589,0.9617661,0,0.0530465,0,0.0039285,0.004894,0,0,0.0170648,0,0.761877,0.154947,0,0.022578,0.4388876,0,1.427125,0.9039478,0.005351,0,0.005446,0,0,0,0
DW31240510809084,0.033614,0.0193889,0.061303,0,0,0,0,0,0,0,0,0,0.4211033,0.0108995,0,0,0.029098,0.2352555,2.6960122,1.4157692,0,0,0,0,0,0,0
DW31240411302423,0.0415515,0.0010259,1.491108,0.1001854,0.0110325,0,0.0012185,0,0,0,0.008323,0,1.0015616,0.000608,0,0.006516,0.555248,0.0081455,0.574552,1.0399578,0.0007135,0,0,0,0,0,0.055635
DW31240510802972,0,0.253578,0,0,0,0,0.0009135,0,0,0.0022357,0,0,0.105199,0,0,0,0,0,3.2646478,0.350171,0,0,0,0,0,0,0
DW31240510809988,0,0.1017757,0.0327527,0.0022455,0.001872,0,0.0026125,0,0,0,0,0,0.4377611,0.0042725,0.006681,0.014192,0.3744109,0.027711,2.2145405,1.282222,0.002587,0,0,0,0,0,0.0334286
DW31240510809029,0,0.3748746,0,0,0,0,0,0,0,0,0,0,0.301232,0,0,0,0,0,2.154868,0.6695272,0,0,0,0,0,0,0
DW31240411301798,0.0349325,1.28E-05,1.9183821,0.4363219,0.0641175,0,0.00803,0.038261,0,0,0.0258598,0.0023342,0.911598,0,0.002424,0.0272663,0.015604,0.012716,0.6037207,0.4137905,0.01205,0,0.05826,0,0,0,0.1230072
DW31240663106435,0.040224,0.0186923,2.4220049,0,0.1682985,0,0,0.1903766,0,0,0.007309,0.0030986,0.230915,0.170153,0.0146425,0,0.2715835,0.0232735,0.9578955,0.3268487,0,0,0.055325,0,0,0,0
DW31240411302178,0.064051,0,2.310225,0.409062,0.1098475,0,0.0058555,0.121456,0,0,0.0246866,0.0008982,0.4944863,0.0012569,0,0,0,0.0037095,0.7301258,0.2269785,0.0017495,0,0,0,0,0,0.175042
DW31240411302202,0.0267205,0.0348075,0.0072335,0,0,0,0,0,0,0,0,0,0.4201125,0.05306,0,0,0.073424,0,3.451178002,0.7567785,0.010638,0,0,0,0,0,0.0107272
DW31240411302276,0.0275585,0.0039336,2.7374375,0.2448579,0.16993,0,0.0113977,0.3775599,0.0109495,0,0.0081526,0.0191129,0.6231552,0.0803625,0,0.0100555,0.1174968,0,0.1240495,0.1055193,0.00593,0,0.1975845,0,0,0,0.0088986
DW31240411302281,0.1256202,0.0001873,2.827694,0.122724,0.219549,0,0.0252175,0.1051861,0,0,0.0094486,0.0020363,0.6142015,0.0009025,0.0006945,0.003185,0.1888295,0.0056665,0.2798371,0.1305508,0.0037283,0,0.263897,0,0,0,0.0108974
DW31240411302298,0.049347,0.1251858,0.3477086,0.0323789,0.0839815,0,0.010943,0,0,0,0,0,0.1927508,0.0429005,0,0,0.036094,0,1.0298348,2.530566,0,0,0,0,0,0,0
DW31240411302372,0.086907,0.003045,3.0131772,0.0929648,0.1093675,0,0,0.2649969,0,0,0.004208,0.0062497,0.475425,0.0006145,0,0.0004825,0.1062235,0,0.4095252,0.1812575,0.0040555,0,0.0584186,0,0,0,0.0172592
DW31240411302981,0,0.0239252,0.002011,0,0,0,0,0,0,0,0,0,1.8426614,0,0,0.040674,0.0364655,0.1080395,2.0673523,0.7399648,0,0,0,0,0,0,0.0172824
DW31240411303806,0.0032602,0.0089451,2.7142039,0.0209762,0.0573615,0,0.0091465,0,0,0,0.1584494,0,0.4367635,0.0216761,0.0041405,0.0079,0.1989495,0.0437985,0.1345953,0.865836,0.0010335,0,0.02306,0,0,0,0.002837
DW31240510802992,0.112927,0.0082875,1.128028,0.4053574,0.2181025,0,0.008382,0.0061775,0,0,0.0191592,0.0003826,1.4575732,0,0.001421,0.0313626,0.276565,0.005862,0.3434695,0.354498,0.1343635,0,0.03029,0,0,0,0.1340606
DW31240510803391,0.0200655,0,0.0010785,0.1625178,0,0,0,0,0,0,0,0,0.930725,0,0.003004,0,0.0038755,0,3.1246085,0.4447375,0.0420155,0,0,0,0,0,0.0987896
DW31240510805136,0.0516475,0,0.3544815,0,0,0,0.009174,0,0,0,0,0,0.7916365,0,0,0.1457125,0.002112,0.068979,1.5778325,1.945486,0.0529385,0,0,0,0,0,0
DW31240510809955,0.041116,0.0653113,0.405903,0,0.040096,0,0.002426,0,0,0,0,0,0.333915,0.2513175,0.0202615,0,0.0143055,0.3795792,1.902133,1.2628915,0.0180275,0,0,0,0,0,0
DW31240510809986,0,0.215484,0,0,0,0,0,0,0,0,0,0,0.0545625,0,0,0,0.076989,2.060044,0.919135,0.8118495,0,0,0,0,0,0,0
DW31240510810104,0.0722335,0,0.5743465,0.0411548,0.0351265,0,0.0005965,0,0,0,0,0,1.6060992,0.0162225,0.0121165,0,1.698668,0,0.2357047,0.60659,0,0,0.031863,0,0.001329,0,0.0048702
DW31240510802925,0.1136227,0.0296936,0.5919807,0,0.0026785,0,0.2730755,0,0,0,0,0,0.5478857,0.1492465,0,0,0.0671375,0,1.6764283,1.253197,0.162804,0,0,0,0,0,0
DW31240510802926,0.0608527,0.0001713,2.4663528,0.17718,0.074304,0,0.004527,0.0713915,0,0,0.0157166,0.0009413,1.063373,0.0001055,0,0.0046575,0.377928,0,0.223205,0.1813262,0.0029405,0,0.0646644,0,0,0,0.0396232
DW31240510802976,0.0329913,0.0002034,3.31372,0.3066634,0.182719,0,0.001773,0.0103535,0,0,0.0220426,0.0028662,0.5848401,0.0008,0,0.0007995,0.1492565,0,0.1020732,0.0781868,0.060817,0,0.083513,0,0,0,0.002507
DW31240510806606,0.0967148,0.0317146,0.6695235,0.3319367,0.1400355,0,0,0.031783,0,0,0.0309416,0,0.617086,0.055369,0,0,0.178044,0.143201,2.1340995,0.2187198,0.0039155,0,0.0373275,0,0,0,0.001564
DWO31240510808908,0.07392034,0.014305239,2.284085443,0.054028897,0.18108261,0,0.000725055,0,0,0.000275794,0.092650888,0.000136794,0.377502679,0.001440595,0,0.000152,0.01295183,0,0.773090217,0.860285885,0,0,0.06988166,0,0,0,0
DW31240510806676,0.0685603,0.005672,0,0.3843014,0,0,0.0375628,0,0,0,0,0,2.5143875,0,0.0015675,0.035054,0.2423565,0,0.430268,0.6870273,0.0156705,0,0,0,0,0,0.2106576
DWO31240411301707,0,0.0359198,0.0096656,0,0,0,0,0,0,0,0,0,0.266131,0.0006925,0,0,0.0129685,3.1660322,0.814731,0.528084,0.007598,0,0,0,0,0,0
DW31240411301688,0.0980695,0.0037207,1.860035,0.0866612,0.12734,0,0,0.020456,0,0,0.015383,0,0.3826865,0.0201924,0.011778,0,0.1039285,0,1.420421,0.6599495,0,0,0.1295095,0,0,0,0.0007914
DW31240663105229,0.0024555,0.0110908,0,0,0,0,0.0018645,0,0,0,0,0,0.2058689,1.550114,0.00511,0,0.0283785,0.027874,0.4768925,2.6438125,0.0009905,0,0,0,0,0,0
DW31240663106444,0,0.0032521,0.1889485,0.009321,0,0,0,0,0,0,0,0,1.8076173,0.003215,0,0.0004525,0.1192,0.031022,1.8423928,0.9065485,0,0,0,0,0,0,0.0300084
DWO31240663105406,0.0776495,0.0003267,1.0978013,0.4486373,0.046973,0,0.007039,0.0348234,0.000168,0,0.002227,0.0007088,1.9709413,0.0097755,0,0.04792,0.2052235,0,0.3094319,0.2847412,0.0055295,0,0.0752009,0,0,0,0.112324
DW31240663106370,0.0371343,0.0026589,1.9840893,0.1223831,0.0597737,0,0,0.0145711,0,0,0.0074736,0.0005437,1.2158228,0.0155714,0,0.0055295,0.0384795,0.0064655,0.7914325,0.4119617,0.004004,0,0.0598585,0,0,0,0.0729076
DW31240411301875,0.025138,0.0846735,0.1252472,0,0,0,0,0,0,0,0,0,0.2894685,0.0750005,0,0,0.029609,0.046551,2.4211932,1.564425,0,0,0,0,0,0,0
DW31240663106467,0.0116685,0.0191436,0.0536936,0.386608,0.015412,0,0.0077895,0,0,0,0,0,2.2831477,0,0,0,0.664516,0.0738575,0.9440345,0.1600885,0.057346,0,0,0,0,0,0.061468
DW31240510808903,0.0124798,0.0031441,0.0548368,0.0519621,0.001935,0,0.0036381,0,0,0,0,0,0.2039777,0,0,0.0012685,0.151149,0,4.323526997,0.0828245,0.0565324,0,0,0,0,0,0.0115314
DW31240663105299,0.043086,0.0839782,0.8384537,0,0.042787,0,0,0,0,0,0.003667,0,0.6581798,0.007163,0,0,0.502826,0.217263,1.0592315,1.2013272,0,0,0,0,0,0,0
DW31240411302351,0.0031665,0.0005354,0.0044515,0.2413246,0,0,0.0062665,0,0,0,0,0,2.787782,0,0.023872,0.0085119,0.0690045,0,1.1088877,0.1730523,0.04841,0,0,0,0,0,0.1979398
DW31240411303787,0.0094475,0.0024681,0.7575918,0.0816055,0.1537015,0,0,0.0232715,0,0,0.0022226,0,1.049047,0,0,0.047753,0.4353826,0,1.8936502,0.133857,0,0,0,0,0,0,0.0813974
DW31240411301881,0.141929,3.26E-05,3.0650945,0.0312411,0.0807535,0,0,0.004323,0,0,0.0249048,5.79E-05,0.6330908,0.000701,0,0,0.1556775,0,0.2292865,0.5474142,0.002856,0,0.0008295,0,0,0,0.01025
DW31240663106439,0.0217252,0.0131475,3.64683,0.009331,0.0539132,0,0,0.0079925,0,0,0.0202706,0.0005897,0.2650943,0.0192485,0.0023805,0,0.2115967,0,0.275557,0.2951381,0.002666,0,0.0263398,0,0,0,0.002768
DW31240663106328,0.3354285,0.0047716,0.9805648,0.021422,0.08854,0,0.1188835,0,0,0,0.0273576,0,0.6584597,0.0163205,0,0,0.183167,0.0195948,2.0273592,0.3211105,0.1073081,0,0,0,0,0,0.0118358
DW31240510809838,0.013681,0.0113629,0.3308723,0.0028998,0,0,0.005268,0,0,0,7.70E-05,0,1.9112119,0.0133885,0.0093715,0.0404115,0.170059,0.141561,1.8240613,0.4155895,0,0,0,0,0,0,0.0219194
DW31240411302236,0.027991,0.0131143,0.614047,0.0262135,0.0072645,0,0,0,0,0,0,0,1.366802,0,0.082436,0,0.548933,0.0733728,1.099683,1.0112707,0.002093,0,0.0159845,0,0,0,0.023335
DW31240510807766,0,0.021406985,1.305885853,0.040634915,0.05938901,0,0,0,0,0,0,0,1.135143865,0.00452093,0,0.007447885,0.08756271,0.15928945,1.780846767,0.238624621,0,0,0,0,0,0,0.01807313
DW31240510808821,0.0828565,0.0004184,3.1115461,0.0695135,0.1876013,0,0.0022455,0.032242,0,0,0.0053674,0.0029235,0.390901,0.000745,0,0,0.051814,0.0437915,0.663585,0.1918362,0.009475,0,0.1141475,0,0,0,0.0067402
DW31240510808952,0.0528435,0,3.783178201,0.0794888,0.0845468,0,0,0.0279635,0,0,0.0657378,0.0019172,0.180567,0,0.0015085,0,0.189227,0,0.1292843,0.2619382,0.0048255,0,0.0253505,0,0,0,0.0001866
DW31240510809885,0.016892,0.0004963,1.2527341,0.0396644,0.119207,0,0.0006655,0.061654,0.001056,3.257577,0.0019332,0.0020945,0.0608985,0.017251,0,0,0.0226445,0.005398,0.030919,0.0227095,0.002445,0,0.0572178,0,0,0,0.0011058
DW31240510806392,0.061381,0.0040789,3.3952603,0.0063975,0.0653795,0,0.000162,0,0,0,0.1710158,0.0003804,0.2826568,0.0343965,0.0003355,0.00303,0.041378,0.0321425,0.1488957,0.4530327,0.003357,0,0.0106895,0,0,0,0.002554
DW31240510802975,0.0648727,1.57E-05,2.1657721,0.0238418,0.2237132,0,0.001262,0.000952,0,0,0.0121286,0.0018575,0.8079609,0,0.08288,0.006108,0.242163,0.001079,0.5941615,0.6046632,0.004901,0,0.0876515,0,0,0,0.0036974
DW31240510806562,0.183937,0.001467,1.9230018,0.2650387,0.0825942,0,0.0030375,0.0309315,0,0,0.005277,0.0021835,0.8421435,0,0,0.0193257,0.639568,0,0.1084948,0.101558,0.008305,0,0.0238613,0,0,0,0.275262
DW31240510806567,0,0.0058015,0,0,0,0,0,0,0,2.7107997,0,0,0.004939,0.0179105,0,0,0.0034155,0.120748,0.1504935,0.155487,0,0,0,0,0,0,0
DW31240663106443,0.0099392,0.0073083,0.0211407,0.109069,0.000927,0,0,0,0,0,0,0,2.1467015,0.0228735,0,0.0297965,0.149757,0.0042495,1.4817151,0.501183,0.0021671,0,0,0,0,0,0.1763426
DW31240663106477,0.0392898,0.0064826,2.918574,0.0528577,0.1093995,0,0.1006685,0.093485,0,0,0.0332696,0.0022105,0.6152918,0.0399524,0,0,0.055869,0,0.464825,0.2531835,0.0266645,0,0.0073152,0,0,0,0.0185632
DW31240663106446,0.021625,0.0032421,3.927824198,0.0030283,0.1154093,0,0.001983,0.2083274,0,0,0.0106866,0.0042147,0.1852298,0.0046737,0.0011925,0.000791,0.0803745,0.002508,0.17057,0.0869222,0.0034685,0,0.0899242,0,0,0,0.001395
DW31240663106475,0.0806195,0.0310783,1.187568,0.0249074,0.075072,0,0,0,0,0,0.0278624,0,0.6154076,0.264067,0,0.0125155,0.4039345,0.005757,1.4833331,0.611861,0,0,0.0052755,0,0,0,0
DW31240411301822,0.016694,0.0122904,0.1024115,0.0431584,0.0015885,0,0,0,0,0,0,0,1.8861108,0.0430195,0.006406,0,0.0721305,0.0467515,2.340174,0.341519,0,0,0,0,0,0,0.0142304
DW31240411303779,0.0121925,0.0028485,1.6861877,0.0802595,0.1169115,0,0.000759,0.0499495,0,0,0.0052262,0.0007211,1.9429277,0.0014625,0.0017865,0.00873,0.105559,0.0790238,0.5071473,0.1662073,0.0015535,0,0.064951,0,0,0,0.0519308
DW31240510804184,0.0211017,0.0009024,3.8372521,0.0148937,0.1066655,0,0,0.058469,0,0,0.005871,0.0004854,0.1710885,0.0049739,0,0.003153,0.232671,0.003405,0.3526533,0.1300921,0.0063955,0,0.0180847,0,0,0,0.0049742
DW31240510802080,0,0.1002167,0.2161645,0.055578,0,0,0,0,0,0,0,0,1.6038325,0,0.0077735,0.020892,0.206712,0,2.0440993,0.3000028,0,0,0,0,0,0,0.0175448
DW31240411301899,0,0.1326072,0,0,0,0,0,0,0,0,0,0,0.0969165,0,0,0,0,0.282831,3.430156,0.5270605,0,0,0,0,0,0,0
DW31240510806578,0.1226342,0.0005319,2.8184006,0.1883467,0.1550775,0,0.0108055,0.1009035,0,0,0.0388162,0.0006895,0.3408725,0.0010805,0,0.0028205,0.333073,0,0.2560165,0.1622447,0.0055715,0,0.262808,0,0,0,0.0449906
DW31240411301111,0.103282,0.0037604,1.3285985,0.1365141,0.057522,0,0.029434,0,0,0,0.039322,0,1.4736854,0,0,0.000439,0.0676435,0.0332,0.9404905,0.626181,0.014943,0,0,0,0,0,0.0255924
DW31240663105394,0.0258847,0.0181706,1.0359066,0.0260296,0.0154165,0,0,0,0,0,0.0025654,0,1.4504323,0.027058,0.003123,0.021664,0.4624015,0,0.5817225,1.1475607,0.001262,0,0.0112895,0,0,0,0.0364332
DWO31240663105390,0.155952,0.0039498,2.2082817,0.1143658,0.0411835,0,0.000374,0,0,0,0.0006926,0.0001303,1.2630878,0.000105,0,0.0059615,0.0616675,0,0.5206998,0.4399157,0.0030383,0,0.0191855,0,0,0,0.053072
DW31240663106527,0.0226295,0.0069299,1.2401012,0.009645,0.0604255,0,0,0,0,0,0.0443542,0.0012171,0.4610659,0.0027495,0.0046785,0.0008635,0.4011245,0.1688365,1.814918,0.5526818,0.0020555,0,0.0168575,0,0,0,0.0358992
DW31240510805143,0.0925785,0.0019697,1.5785284,0.0201392,0.059164,0,0.009383,0,0,0,0.0393742,0,0.7590658,0,0,0.00155,0.1420885,0.124725,1.3297855,0.752519,0.0035835,0,0.014627,0,0,0,0
DW31240510809893,0.0487007,0.0024907,0.5724178,0.0501856,0.0524742,0,0.0006435,0.0003175,0,3.277971,0.0078178,0,0.3702187,0.0004855,0.00058,0.0010675,0.0593615,0.014189,0.2892082,0.1712033,0.0023743,0,0.0032888,0,0,0,0.019703
DW31240510809966,0,0.0144242,2.1065695,0,0.031693,0,0,0,0,0,0.004988,0,0.538,0,0.0039565,0.0020415,0.050009,0.0635405,1.2004971,0.8849795,0,0,0,0,0,0,0.0136494
DW31240411301889,0,0.033377,0.0374393,0,0,0,0,0,0,0,0,0,0.269414,0.134752,0,0,0.0534035,0.164079,1.2796487,2.894378302,0,0,0,0,0,0,0
DW31240663106472,0.0429622,0.0001693,2.671960401,0.0607405,0.1800645,0,0.010216,0,0,0,0.0173586,0.0006015,0.4366887,0,0.002478,0,0.7060415,0,0.4267185,0.127988,0.0007945,0,0.1740675,0,0,0,0
DW31240411301677,0.0421095,0,3.6651781,0.0062842,0.1752195,0,0,0.12401,0,0,0.020873,0.0026141,0.2187283,0.00137,0,0.0004272,0.0264705,0.0010905,0.1383968,0.3724577,0.0045565,0,0.036827,0,0,0,0.0079346
DW31240411301743,0.0697088,0.0027812,3.3320954,0.1190985,0.185237,0,0.0200845,0.1475475,0.006164,0,0.0109742,0.0402022,0.2440693,0.064631,0,0.00141,0.1942805,0.0145838,0.029473,0.1576025,0,0,0.2416773,0.0096138,0.009534,0,0
DW31240411303645,0.0738731,0.0053711,0.5197635,0.012602,0.0143045,0,0.001442,0,0,3.464859,0.0147818,0,0.2337887,0.0010715,0.0027165,0.002514,0.003564,0.0082107,0.1976417,0.3784797,0.0187655,0,0.001088,0,0,0,0.0006026
DW31240411303757,0.0468022,0.0039285,1.2967681,0.2019197,0.0333455,0,0.0046525,0.0165085,0,0,0.01125,0.0015398,0.5753887,0,0.030379,0.0182475,0.1228095,0,2.1718502,0.2992025,0.048734,0,0.019413,0,0,0,0.0021726
DW31240411303786,0.0217025,0.0009312,2.3643743,0.3806609,0.1401555,0,0.003293,0.3135724,0.0714705,0,0.0038662,0.0052084,0.7902442,0.0072705,0,0.0192897,0.151834,0,0.3165815,0.1205853,0.0153098,0,0.104614,0,0,0,0.0332994
DW31240411303869,0.023873,0.0019216,1.7407627,0.086432,0.0971935,0,0.0012653,0.020901,0,0,0.0056704,0.0008746,1.3293205,0.0267675,0,0.028944,0.7522425,0.004438,0.4879888,0.2209085,0,0,0.0425715,0,0,0,0.037186
DW31240510803392,0,0,0,0,0,0,0,0,0,0,0,0,0,0,0,0,0.0502355,0,4.8230445,0.12672,0,0,0,0,0,0,0
DW31240510805130,0,0,0,0.0211155,0,0,0.012551,0,0,0,0,0,0.8539175,0,0,0,0.002834,0.6808435,3.1249276,0.141889,0.00683,0,0,0,0,0,0.0620366
DW31240510805137,0.0190395,0,0,0.3287645,0,0,0,0,0,0,0,0,1.0154131,0,0,0.0263335,0.0229995,0.0024835,0.4130996,2.2140264,0.001735,0,0,0,0,0,0.3438208
DW31240510805147,0.0198597,0.0364682,0.224474,0.0767805,0.0083745,0,0.010534,0,0,0,0.0025592,0,0.9232895,0.5076415,0.024292,0,0.3085612,0.0177335,2.2837278,0.272218,0.002484,0,0,0,0,0,0.0613022
DW31240510805357,0.0230488,0.0966646,0.0007162,0.026808,0,0,0.00867,0,0,0,0,0,1.2451634,0.0019565,0.001824,0,0.0565355,0.0276723,1.7550225,1.3073837,0.0191824,0,0,0,0,0,0.0158506
DW31240510807749,0.045796,0.0175091,0.2976655,0,0,0.0159243,0,0,0,0,0.0043446,0,2.2778178,0.065583,0.010144,0.0620975,0.2136225,0,0.691088,1.1927878,0,0,0,0,0,0,0.0061642
DW31240510808835,0.239434,0.0104271,1.2911585,0.1117412,0.0608165,0.0003132,0.0014515,0.0028765,0,0,0.0358408,0,1.1916659,0.0001795,0.0196295,0,0.3268725,0.068066,0.8353325,0.5877087,0.0188575,0,0.016085,0,0,0,0.031316
DW31240510808954,0.0008233,0,0.011154,0.001553,0,0,0,0,0,4.9282755,0,0,0.019909,0,0.0016935,0,0.020458,0,0.0138555,0,0.0012895,0,0,0,0,0,0.0003958
DW31240510809860,0.0402515,0.0069417,1.6451948,0.0027475,0.224733,0,0,0.016166,0,0,0.0212766,0.0011389,0.4056487,0.0012945,0.0103985,0,0.535572,0.0584925,1.485104,0.4202856,0.0028845,0,0.0176525,0,0,0,0
DW31240510809915,0.0913302,0.0066091,2.372235,0.1757488,0.081483,0,0.0041855,0.0224515,0,0,0.0140936,0.0015101,1.004019,0.0031754,0.0156595,0.0525625,0.318912,0.0017545,0.5451681,0.0952575,0.013053,0,0.0467327,0,0,0,0.0136294
DW31240510809978,0.031477,0.0008997,3.3521285,0.1093562,0.0881092,0,0,0.0020405,0,0,0.0141678,0.0002309,0.6918672,0.0012115,0.0006545,0.0143245,0.118489,0,0.2240435,0.1904233,0.0001105,0,0.0775137,0,0,0,0.0183548
DW31240510809990,0.087583,0.0058138,0.691645,0.055186,0.0225915,0,0.0982765,0,0,0,0,0,2.1249825,0.018149,0,0,0.267686,0.108912,1.1011274,0.2758677,0.0901435,0,0,0,0,0,0.0115126
DW31240510810043,0,0.273892,0,0,0,0,0.0207905,0,0,0,0,0,0.010276,0.042988,0,0,0.0517985,0,1.4201503,2.084537,0,0,0,0,0,0,0
DW31240510802891,0.077617,0.0023348,2.6293515,0.1889136,0.1434555,0,0.0022025,0.06186,0,0,0.0062952,0.0019707,0.485418,0.0027166,0,0.041234,0.4038285,0.0064011,0.3453933,0.348165,0.002173,0,0.1742752,0,0,0,0.0102312
DW31240510809010,0.1126022,0,1.459087,0.01413,0,0,0.021877,0.000603,0,0,0,0,1.1345352,0.0008555,0,0,0.2767587,0.1935358,1.2501033,0.3040315,0.162492,0,0,0,0,0,0.0241564
DW31240510805150,0.084684,0.0043734,3.1359825,0.0681313,0.186312,0,0.007892,0.0574035,0,0,0.035239,0.0007341,0.6417051,0.009548,0,0.0037455,0.060619,0.0058205,0.1951137,0.2674415,0.005759,0,0.0339945,0,0,0,0.0055346
DW31240510808997,0.040233,0.0055284,2.2637573,0.4264613,0.047488,0,0,0.0092225,0,0,0.0031232,0.0001317,1.0737939,0.007848,0.000453,0.087129,0.106153,0.006814,0.3823297,0.3024325,0.005981,0,0.0542647,0,0,0,0.0474958
DWO31240510802087,0.1330002,0.0087834,0.2222847,0.2125033,0.02057,0,0,0,0,0,0.0106922,0,1.8179815,0,0,0.2480875,0.183341,0,1.4686473,0.162244,0.0157685,0,0,0,0,0,0.158906
DW31240510802942,0.053598,0,2.2178184,0.210388,0.220928,0,0.0039035,0.0576855,0,0,0.0142126,0.0039594,0.5740388,0,0,0.0057155,0.142981,0,0.6281397,0.608775,0.004358,0,0.067503,0,0,0,0.033729
DW31240510806532,0.013129,0,3.794273501,0.285403,0.1062298,0,0.012027,0.059317,0,0,0.0024188,0.007858,0.0808785,0,0,0,0.114425,0,0.211385,0.063478,0.064011,0,0.1248135,0,0,0,0
DW31240510806667,0.0506392,0.0111538,2.675011599,0,0.221465,0,0,0,0,0,0,0.0034599,0.116717,0.0694835,0,0,0.4477665,0,0.4157138,0.8505309,0,0,0.0819395,0,0,0,0
DW31240663105450,0.0124545,0,0,0.0188164,0,0,0.0771495,0,0,0,0.0046296,0,3.605345601,0,0,0,0.2118575,0,0.6233023,0.3890315,0.0222445,0,0,0,0,0,0
DW31240663105473,0.0831835,0.018578,0.3576605,0.0245499,0.0123785,0,0,0,0,0,0.0017668,0,0.779062,0.017243,0.0046765,0.0174545,0.086829,0.090457,1.544386,1.8807145,0,0,0,0,0,0,0.0015344
DW31240411301696,0.049456,0.0003467,0.1388795,0.241821,0.0033925,0,0,0,0,0,0,0,2.82648,0,0.036256,0.0852155,0.3327785,0.0074545,0.3694715,0.595657,0.020154,0,0,0,0,0,0.114318
DW31240510809045,0.0128078,0.0011055,0.0239707,0,0,0,0.0023075,0,0,3.727318,0,0,0.199809,0,0.0015495,0,0.038274,0.0791745,0.6336927,0.250195,0,0,0,0,0,0,0.003007
DW31240663105383,0.0654385,0.011742,2.4279137,0.0361908,0.0933025,0,0.0449655,0.031829,0,0,0.090816,0.0066364,0.4105992,0.077224,0,0,0.063788,0.0116922,0.6709616,0.516442,0.1663095,0,0.0124112,0,0,0,0.0198266
DW31240663105384,0,0.006867,0.7706089,0.0297377,0.0026715,0,0,0,0,5.99E-05,0.1543895,0.0346576,0.3767317,0.0322632,0,0.005807,0.083679,0.0002365,1.4024258,0.0027903,0.0003925,0,0,0,0,0.0006408,0.0165422
DW31240411301624,0.0008595,0.0185637,0.001056,0,0,0,0,0,0,0,0,0,1.5454683,0.0136775,0,0.004471,0.247251,0,1.4332512,1.4971285,0,0,0,0,0,0,0.0656074
DW31240411301720,0.0266367,0.083533,0.7716568,0.0084164,0,0,0.0023355,0,0,0,0.0025804,0,1.3502674,0.1771305,0.025341,0.022866,0.1979365,0,1.0863167,0.871821,0.0164715,0,0,0,0,0,0.0024254
DW31240663105024,0.0193155,0.0096432,0.055383,0.1390333,0,0,0,0,0,0,0,0,2.625595,0.0140165,0.002105,0.048688,0.062663,0.1488765,0.376436,1.0201685,0,0,0,0,0,0,0.1758014
DW31240663106440,0.0131953,0.0210425,0.7806027,0.0057235,0.011182,0,0,0,0,0,0,0,1.1882256,0.011525,0.0024435,0.010326,0.3959645,0.0855145,1.3998314,0.9011319,0,0,0,0,0,0,0.0356486
DW31240510808946,0.0253315,0.0017718,2.1213203,0.166757,0.0812195,0,0,0,0,0,0.0088582,0,1.4427415,0,0,0.010396,0.2366515,0,0.531051,0.2984355,0,0,0.0126095,0,0,0,0.0093458
DW31240663105249,0.0150975,0.0111982,3.4148471,0,0.083762,0,0.0024905,0.045593,0,0,0.0446578,0.0030752,0.0989974,0.0020905,0.031103,0,0.205551,0.234743,0.3008807,0.3443013,0,0,0.0256535,0,0,0,0
DW31240663106318,0.0373285,0.0215502,1.2783426,0.0072255,0.0059075,0,0,0,0,0,0.059737,0,1.6326174,0.011232,0,0.0125915,0.19746,0.0322545,0.4969153,1.0118317,0,0,0,0,0,0,0.0076802
DW31240663105360,0.0283443,0.1664706,0.0147143,0,0,0,0,0,0,0,0,0,0.3191394,0.0061755,0.0028764,0.021106,0.058616,0.1035213,3.301614,0.2896505,0,0,0,0,0,0,0.0079888
DW31240663106463,0.002887,0.0335049,1.8262337,0.001554,0.0310635,0,0,0,0,0,0.0102228,0,0.5193855,0.145617,0.012683,0.0052475,0.185543,0,1.1850015,0.8092568,0,0,0.0453705,0,0,0,0
DW31240663106535,0.0233525,0.0046331,2.7924295,0.0968815,0.197839,0,0,0.9841351,0,0,0.0088622,0.003617,0.1542027,0,0.0120075,0,0.0895475,0.0693862,0.058551,0.0522335,0,0.0962454,0.2283123,0,0,0.0013528,0
DW31240510802043,0,0.0219973,0,0,0,0,0.0510945,0,0,0,0,0,0.5252987,0,0,0,0.0877185,0,3.9120338,0.3138682,0,0,0,0,0,0,0
DW31240663105198,0.0076135,0.0267328,0.006264,0,0,0,0,0,0,0,0,0,0.2808146,0.058631,0,0,0.041446,0.051954,3.3234018,1.0962112,0,0,0,0,0,0,0
DW31240663105363,0,0.0837347,0,0,0,0,0,0,0,0,0,0,0.2595265,0.0148055,0,0,0.0773645,0.508798,0.7807283,2.940104,0,0,0,0,0,0,0
DW31240663106526,0.0005005,0.0465457,0.113945,0.0275628,0.0007285,0,0,0,0,0,0,0,1.5349875,0.0065555,0.0196345,0,0.430204,0.074937,1.9349105,0.283931,0.0006565,0,0,0,0,0,0.133517
DWO31240663105386,0,0.021187,0.1072888,0,0.030827,0,0,0,0,4.2044935,0.0017594,0,0.1361284,0.002286,0,0,0.0113445,0,0.1589415,0.2218815,0,0,0,0,0,0,0.00659
DW31240411303749,0.006034,0.0027901,0.0547975,0.0744974,0.0009775,0,0.004027,0,0,0,0,0,3.183714501,0.003301,0.004375,0.059897,0.060566,0,1.090192,0.2878425,0.003406,0,0,0,0,0,0.0575018
DW31240510806701,0,0.0569645,0,0,0,0,0.031105,0,0,0,0,0,0.1674735,0,0,0,0,0,4.198027,0.318572,0,0,0,0,0,0,0
DW31240510809046,0.0207015,0.0084695,0.4467103,0.0486306,0.071484,0,0,0,0,0,0.0171808,0,0.5877216,0.0638835,0.0035175,0.012046,0.5859355,0.0782165,2.3563925,0.5862685,0,0,0.0101765,0,0,0,0.0109134
DW31240663105278,0.0125813,0.0016205,2.0829403,0.4417222,0.192453,0,0.0038925,0.5612685,0,0,0.0088574,0.0080453,0.4150865,0.0502151,0,0,0.293192,0,0.5126225,0.04225,0.013919,0,0.1326343,0,0,0,0
DW31240411301758,0.0012585,0.0188321,0.025145,0.003956,0,0,0.0057173,0,0,0,0,0,2.5251776,0.088882,0,0,0.0470925,0.1337025,1.965896,0.103725,0,0,0,0,0,0,0.0021148
DW31240411303475,0.0251397,0.0068912,0.7506143,0.0133171,0.1137065,0,0,0,0,0,0.0168862,0,0.9930741,0.01015,0.017333,0,0.6629585,0,1.617642,0.70077,0,0,0,0,0,0,0.0065134
DW31240411303741,0.012887,0.0068512,0.711332,0.1462883,0.073269,0,0,0.0027085,0,0,0.0074034,0.0004368,1.7890737,0.04452,0,0.012133,0.439209,0.0021555,1.3143922,0.1835855,0.0020675,0,0,0,0,0,0.0558262
DW31240510802134,0,0.2224425,0.1054365,0,0,0,0,0,0,0,0,0,0.04793,0,0.034776,0,0.132457,0,2.5065547,1.055896,0.004738,0,0,0,0,0,0
DW31240510809862,0.169967,0.0029915,1.8086198,0.1667445,0.252176,0,0.0016335,0.0618905,0,0,0.0646028,0.0002985,1.307997,0,0.015857,0.003213,0.1092325,0.009603,0.6735895,0.09163,0,0,0.0222955,0,0,0,0.0202646
DW31240510809886,0.0504165,0.0228281,0.3100262,0.1084355,0.041185,0,0.0008395,0.0241575,0,0,0.0016704,0,0.4889968,0.0241075,0.006773,0.006509,0.187127,0.0065865,2.660545498,0.7685828,0.014198,0,0,0,0,0,0.0250964
DW31240510809892,0.1593377,0,1.1465155,0.4828475,0.1308227,0,0.0929685,0.1210965,0,0,0.114691,0.0060258,1.5124811,0,0,0.1344562,0.2745695,0.015697,0.225489,0.1112328,0.0032605,0,0.178811,0,0,0,0.0175332
DW31240510810426,0.009143,0.05846,0.1413515,0.0915349,0,0,0.001542,0,0,0,0.0012526,0,0.4511585,0.006396,0.01328,0.002646,0.0401455,0.030085,2.436635,1.1299545,0.010106,0,0,0,0,0,0.1265308
DW31240510806546,0.0955162,0.0030878,0.6260297,0.1818503,0.155156,0,0.006768,0,0,0,0.0065938,0.001075,1.7612402,0.102424,0.002616,0.0617415,0.1096265,0.0410075,0.9444091,0.5630352,0.0096791,0.0036312,0.0175615,0,0,0,0.0792696
DW31240663105397,0.0028975,0.0122776,3.124098498,0.0683493,0.025734,0,0,0.0027275,0,0,0.1080048,0.0001233,0.3262151,0,0,0,0.5045095,0.001188,0.4769803,0.10806,0,0,0,0,0,0,0.0033964
DW31240663106545,0.0347655,0.0124296,0.8481942,0.0240325,0.0023915,0,0.0492855,0,0,0,0.0028548,0,1.7022275,0.014067,0,0.00427,0.2427665,0.003092,0.9671877,0.9985987,0.006243,0,0,0,0,0,0.0130088
DW31240510806785,0.1666305,0,2.078231,0.0461654,0.0677862,0,0,0.0416235,0,0,0,0.0012665,0.9220701,0.147311,0.0007945,0.018516,0.7588995,0.0037015,0.2919175,0.3252455,0.0088277,0,0.0634736,0,0,0,0.0181812
DWO31240510808913,0.0954306,0.0032086,3.87715,0.012433,0.09564,0,0.001073,0.005398,0,0,0.0317914,0.0018716,0.2010607,0.009424,0.0008045,0,0.1705125,0,0.0886034,0.291739,0.0011415,0,0.0447787,0,0,0,0
DW31240663106559,0.0112812,0.0135345,0.7368992,0.0284426,0.0577365,0,0.0021955,0.0418415,0,0,0.0005116,0.0015324,1.8668932,0.053082,0.030023,0,0.1380785,0.1107255,0.8349208,0.8844128,0,0,0.089057,0,0,0,0.0143648
DW31240663106503,0.0118325,0.0459883,2.1375498,0.003853,0.0373125,0,0.0018965,0,0,0,0,0,0.480791,0.0084055,0.0025605,0.0014462,0.001989,0,1.1760445,0.886683,0,0,0,0,0,0,0.0046982
DW31240663105370,0.0487355,0.0052986,3.874298799,0.0996202,0.0469225,0,0,0.048002,0,0,0.050751,0.0011107,0.3372675,0,0,0,0.0603805,0.0133405,0.1715834,0.109803,0.008349,0,0.0046005,0,0,0,0
DW31240411301824,0.0130757,0.001822,2.2558738,0.1426451,0.1168695,0,0.0003985,0.3349745,0.00351,0,0.007718,0.0019305,0.7595298,0.0041758,0,0.004094,0.3532335,0.0631599,0.5967707,0.1421763,0.011298,0,0.061881,0,0,0,0.015802
DW31240411302273,0.0469105,0.0617142,0.1853287,0.0415444,0,0,0.000387,0,0,0,0,0,1.2453175,0.185744,0.004594,0.084935,0.166809,0,2.0854597,0.4151525,0,0,0,0,0,0,0.084222
DW31240510805135,0.0126647,0.0012242,2.3968435,0.0541165,0.024836,0,0,0.0012155,0,0,0.0017574,0.0002644,0.8580885,0.017307,0.0104895,0.039815,0.580069,0.011966,0.325642,0.2732103,0,0,0.0119135,0,0,0,0.1410046
DW31240510802943,0.130595,0.0020546,1.404235,0.1707474,0.0647655,0,0.0095017,0,0,0,0.015236,0,1.2097155,0,0.0040165,0.068789,0.1789565,0,0.7806552,0.6563395,0.0055935,0,0.0127135,0,0,0,0.0900854
DW31240510806700,0.0256065,0,4.214077298,0.0167446,0.1253835,0,0.0087535,0.1021076,0,0,0.0402202,0.0059897,0.1125475,0.0496345,0,0.0019715,0.0005765,0,0.07578,0.0635853,0,0,0.0482795,0,0,0,0
DW31240510806761,0.028662,0.0045844,0.204982,0.0498865,0.00069,0,0,0,0,0,0.0006466,0,1.4445645,0,0.0155715,0.0801075,0.5535565,0,1.7189337,0.789106,0,0,0,0,0,0,0.0343548
DW31240663105366,0,0.0009119,0,0,0,0,0,0,0,1.5173955,0,0,0.0933095,0,0,0,0.027689,0,2.157212602,0.1764865,0,0,0,0,0,0,0.0047
DW31240411301797,0.0026275,9.23E-05,0.0608722,0.0162375,0.0019005,0,0,0,0,3.984262,0.00091,0,0.5952908,0,0.0092885,0.0243298,0.0605432,0.0212395,0.1576295,0.0356278,0,0,0,0,0,0,0.009662
DW31240663106436,0.0326175,0.0176179,1.0189638,0.0612258,0.027786,0,0,0,0,0.0170695,0.0040454,0,0.7009614,0,0,0,0.181373,0.0061505,1.3183458,1.4917891,0,0,0,0,0,0,0.014012
DW31240411301883,0.0070867,0.0059121,0.9332871,0.4589532,0.064301,0,0.000278,0,0,0,0.015721,0.0003204,2.0505055,8.00E-05,0,0.047181,0.121895,0.004532,0.5471805,0.164135,0.0064325,0,0.056558,0,0,0,0.1828156
DW31240411303812,0.002338,0.0045079,0,0.0012425,0.0007465,0,0,0,0,4.6647735,0,0,0.1460384,0.0008495,0.001402,0.003593,0.0081895,0.0014725,0.0506432,0.0852925,0,0,0,0,0,0,0.004352
DW31240510809997,0.025421,0.0001822,0.7618056,0.1012976,0.046549,0,0.0014545,0.0013615,0,0,0.020934,0,1.7560982,0,0,0.051375,0.782217,0.000304,0.5994882,0.626906,0.0057835,0,0.0062505,0,0,0,0.0680018
DW31240510807785,0.0397647,0.0480916,0.6360465,0.0107435,0.033834,0,0.0155255,0,0,0,0.0028856,0,0.822186,0,0.002464,0.020441,0.089911,0,2.053882,1.0980129,0.002573,0,0,0,0,0,0.0286132
DW31240411301088,0.1160798,0.0157235,0.3582125,4.60E-05,0.001149,0,0,0,0,2.6229356,0,0,0.331534,0,0,0,0.277419,0,0.2739305,0.2843432,0,0,0,0,0,0,0
DW31240663105368,0,0.0339839,0.257968,0,0,0,0,0,0,0,0,0,1.0530803,0,0,0,0.087683,0.0991155,2.407348,0.9031423,0,0,0,0,0,0,0.0086974
DW31240510806710,0,0.0468184,0.5488932,0,0.008387,0,0,0,0,0.3028425,0,0,0.379793,0.0128685,0,0,0.18056,0.0908255,1.0386805,2.1916848,0,0,0,0,0,0,0
DW31240663106364,0.001607,0.0139605,0.616222,0.016943,0.0068845,0,0,0,0,3.377436,0.0022248,0,0.3579455,0.012641,0.0037155,0.0002225,0.0661455,0.0678503,0.1453024,0.22631,0,0,0,0,0,0,0.0049778
DW31240411301661,0.0508008,0.001429,0.214581,0.064701,0.0305515,0,0.0538592,0,0,0,0,0,0.4377627,0,0,0,0.007511,0.0269065,3.7642927,0.2267268,0.069606,0,0,0,0,0,0.014213
DW31240411302182,0,0.26945,0,0,0,0,0,0,0,0,0,0,0.0457965,0.182597,0,0,0.009536,0,3.138429,0.276392,0,0,0,0,0,0,0
DW31240411302195,0.0137659,0.0012022,0.4099449,0.0294464,0.016122,0,0.0011845,0.009684,0.000159,4.133351,0.0037122,0.004897,0.0909455,0.015909,0,0.0018085,0.01437,0.002407,0.1372081,0.0591155,0.000804,0,0.0119672,0,0,0,0.0085384
DW31240411302197,0.0164395,0.0072325,1.060764,0.0277706,0.0289205,0,0.019266,0,0,0,0.002172,0,1.1720668,0,0.021953,0.0515525,0.4536135,0,1.1783395,0.6756865,0,0,0.0158625,0,0,0,0.0921606
DW31240411302201,0,0.0080392,0.0022365,0,0,0,0,0,0,0,0,0,1.420552,0.228756,0,0.0150175,0.027613,0.02873,3.183237,0.0292898,0,0,0,0,0,0,0.0097488
DW31240411302275,0.060856,0.0004696,2.4100971,0.2202597,0.1682755,0,0.011032,0.214547,0.0113035,0,0.0139302,0.0018019,0.898275,0.005387,0.001729,0.0049423,0.3318945,0,0.3171813,0.1402492,0.002651,0,0.0749595,0,0,0,0.0206224
DW31240411302365,0.0580125,0.0085793,0.9921451,0.0687176,0.125433,0,0.004264,0.013,0,0,0.0147662,0.0024977,1.4967255,0.0744485,0,0,0.2318095,0,1.4976167,0.296432,0,0,0.0143165,0,0,0,0.012305
DW31240411302946,0.0529675,0.0221174,1.2119,0.0305107,0.0092435,0,0,0,0,0,0.032051,0,1.1516085,0.018403,0,0,0.1195555,0,1.647576,0.492497,0.006073,0,0,0,0,0,0.020458
DW31240411303718,0.018059,0,0.3762031,0.000633,0.009424,0,0.000382,0,0,3.9793005,0.0027792,0,0.126018,0,0.0007745,0.0039295,0.0437035,0.0103125,0.3755014,0.034514,0,0,0,0,0,0,0.0056364
DW31240411303721,0.0242705,0.042576,0.294694,0,0,0,0,0,0,0,0,0,1.504089,0.049944,0.0087515,0.0032975,0.065433,0.0334805,1.9760735,0.821323,0,0,0,0,0,0,0.0023054
DW31240411303723,0.0313565,0.0006054,3.8947329,0.008697,0.1761915,0,0,0.2378556,0,0,0.0169344,0.0085945,0.1820744,0,0,0,0.0566855,0.000254,0.118662,0.108645,0,0,0.0865514,0,0,0,0
DW31240411303808,0,0.0556537,0.0397647,0.0360095,0,0,0.004618,0,0,0,0,0,2.2797128,0.0023355,0.004071,0.0022265,0.0424215,0.0190785,1.0289225,1.2442572,0,0,0,0,0,0,0.0073254
DW31240510804192,0,0.0452991,0.0062167,0.001103,0,0,0.001666,0,0,0,0,0,0.277773,0.150671,0,0,0.00721,0.1485705,1.6068226,2.5351356,0,0,0,0,0,0,0.0153344
DW31240510806472,0.0177255,0.0977442,0.2185272,0.0771452,0,0,0.0151385,0,0,0,0,0,1.134118,0,0,0,0.2813385,0.002122,2.4086967,0.3213403,0.010236,0,0,0,0,0,0.0098382
DW31240510808607,0.097907,0.0312331,1.2714381,0.0253866,0.152689,0,0.0029365,0.0062205,0,0,0.0362062,0,0.4250385,0.0512315,0.0129065,0,1.1740175,0.032449,0.6185032,0.8344135,0,0,0,0,0,0,0.014272
DW31240510809940,0,0,0,0,0,0,0.193451,0,0,0,0,0,0,0,0,0,0.0561665,0,4.7503828,0,0,0,0,0,0,0,0
DW31240510809983,0.080435,0.0717226,1.2788338,0.004542,0.0193515,0,0.02644,0,0,0,0.0047778,0,0.66759,0.006956,0.0285995,0,0.0208965,0.019401,2.1901165,0.1604718,0.0584215,0,0,0,0,0,0.02577
DW31240510810029,0,0.1192757,0.3018705,0,0,0,0,0,0,0,0,0,0.125436,0.0834205,0.024298,0,0.404653,0,1.9576863,1.5062567,0,0,0,0,0,0,0
DW31240510810100,0.061693,0.0034412,3.868384801,0.0156705,0.1137207,0,0.000427,0.013878,0,0,0.0072284,0.0016807,0.1159427,0.0098625,0,0,0.0665365,0,0.2118268,0.4133518,3.45E-05,0,0.028829,0,0,0,0
DW31240510809100,0.2454742,0.0011034,3.2299256,0.0166643,0.182374,0,0.00623,0.002633,0,0,0.0437628,0.0003424,0.3024386,0.005702,0.0156155,0,0.0733195,0.0019557,0.269174,0.4611285,0.0046795,0,0.0461815,0,0,0,0.0013136
DW31240510808939,0.123879,0.0440806,1.3876218,0,0,0,0.0001955,0,0,0,0.0106566,0,1.6547176,0.1417585,0.0053795,0.0064035,0.0934055,0.0213448,0.671043,0.581332,0.007487,0,0,0,0,0,0.023355
DW31240510809076,0,0.0053776,0,0,0,0,0,0,0,4.752139,0,0,0.0015315,0,0,0,0,0,0.041732,0.1775355,0,0,0,0,0,0,6.96E-05
DW31240411301071,0.016313,0.0105042,0.0148852,0.0140403,0.0021245,0,0.0002615,0,0,2.183694,0,0,1.283668,0.020934,0.044742,0.037404,0.269536,0.007108,0.707392,0.3162415,0.0043115,0,0,0,0,0,0.0077146
DW31240510806762,0.040853,0,1.1784173,0.3622098,0.0766285,0,0.006552,0.0958325,0.000536,0,0.0026556,0.0037071,0.8703549,0,0,0,0.203794,0,1.6057319,0.1902153,0.067682,0,0.1619068,0,0,0,0.0174474
DW31240411301073,0,0.099309,0.002532,0,0,0,0,0,0,0,0,0,0.9982393,0,0,0,0.0571205,0.1170442,2.556203,0.732374,0,0,0,0,0,0,0.0159768
DW31240510809048,0.0003975,0.0011777,0.01045,0.0001526,0.0008025,0,0,0,0,4.754451204,0,0,0.1114375,0,0,0.003486,0.0034635,0.0015225,0.0803595,0.0247983,0,0,0,0,0,0,0.0010094
DW31240663104812,0,0.0278511,0,0.0055505,0,0,0,0,0,0,0,0,0.4057433,0,0,0,0.0435505,0.003684,3.9356197,0.3605665,0.021664,0,0,0,0,0,0.0337462
DW31240663105423,0.117527,0.0004933,3.6388965,0.0828662,0.0485835,0,0.004237,0.0394186,0,0,0.006735,0.0036008,0.284844,0.000856,0,0.01871,0.056483,0.0225615,0.3763655,0.1033925,0,0,0.1406823,0,0,0,0.0091176
DW31240411301752,0.0367598,0.0003958,3.9415442,0.0859743,0.3254,0,0,0.1396245,0,0,0.0018498,0.0008262,0.1031575,0.0019594,0.005692,0,0.0459815,0,0.032067,0.1019065,0,0,0.1245628,0,0,0,0.0009882
DW31240663105224,0.0060865,0.0149859,3.302366801,0.003505,0.085271,0,0,0.0058525,0,0,0.0021628,0.0340762,0.136815,0.015361,0,0.0005465,0.0733315,0,0.2460197,0.567413,0,0,0.3907957,0,0.00462,0,0
DW31240663105425,0.075055,0.004546,2.0929426,0.0319825,0.0418255,0,0,0.023623,0,0,0.0089462,0.000561,0.9870925,0.0377563,0.0086498,0.010537,0.120753,0,1.105931,0.2456525,0,0,0.076331,0,0,0,0.0031114
DW31240663106539,0.0135255,0.0019463,1.9815591,0.1462645,0.0697905,0,0.0040205,0.3605745,0,0,0.0022632,0.0042471,0.5354081,0,0,0.017911,0.409061,0,0.960563,0.1044535,0.003967,0,0.2058942,0,0,0,0.0231656
DW31240663105258,0.2033593,0.007931,1.8025535,0.4249704,0.0427555,0,0,0.0051765,0,0,0.0317644,0,0.8646992,0.0020985,0,0.0294115,0.05998,0,0.3938775,0.934372,0.0275595,0,0.003812,0,0,0,0.0344874
DW31240411301115,0.0868313,0.0250398,0.1044485,0.0173435,0.070872,0,0.1366665,0,0,0,0.0145316,0,1.012765,0.2099385,0.015373,0,0.3400655,0,2.3018277,0.5043605,0.003429,0,0,0,0,0,0.0114834
DW31240663105480,0,0.0741072,0.368799,0.0681238,0.0069055,0,0,0,0,0,0,0,0.3864498,0.02584,0,0,0.1736235,0.3675232,1.0722657,2.154275,0,0,0,0,0,0,0
DW31240663106451,0.0022185,0.0588292,0.2075496,0.0065325,0.011706,0,0.00321,0,0,0,0.0002372,0,0.1816235,0.9052795,6.20E-05,0,0.1215325,0.3871093,2.2752878,0.5862685,0,0,0,0,0,0,0.0041342
DW31240663106551,0.0308835,0.0065396,1.6417591,0.1673765,0.1179,0,0.002392,0.003648,0,0,0.012621,0.0003544,1.2924442,0.0288055,0.006269,0.0116735,0.206554,0.000756,0.4883095,0.7548352,0.00727,0,0.0269663,0,0,0,0.0461408
DWO31240663105253,0.0400597,0.0012927,1.8947676,0.2470401,0.1193568,0,0.0130375,0.062369,0,0,0.0151332,0.0009891,1.063177,0.0003685,0,0.026374,0.4879028,0.0874395,0.432494,0.2256372,0.0011605,0,0.0855859,0,0,0,0.061355
DW31240411301801,0.1565087,0.0017554,3.349091,0.0440133,0.15264,0,0.0011465,0.0275606,0,0,0.0506414,0.0024805,0.4754117,7.45E-05,0,0.0043145,0.2446555,0.0073255,0.140792,0.144289,0.0041525,0,0.082416,0,0,0,0.0028632
DW31240510806731,0.014599,0,4.2204058,0.005649,0.0839775,0,0,0.0582735,0,0,0.0947162,0.0023406,0.0116,0,0,0,0.138285,0,0.0231593,0.0628115,0,0,0.13232,0,0,0,0
DW31240663105252,0,0.0374889,0.011852,0,0,0,0,0,0,0.7951068,0,0,0,0,0,0,0,0.0163245,2.7922048,0.048298,0,0,0,0,0,0,0
DW31240510805322,0.0251793,0.1256342,0.1923995,0,0.0048565,0,0.000828,0,0,0,0,0,0.3990442,0.0309795,0.0198769,0.045443,0.1841891,0,2.1623369,1.1385307,0.0014439,0,0,0,0,0,0
DW31240411301780,0,0.2646637,0.1358035,0,0,0,0,0,0,0,0,0,0.5932214,0,0,0,0,0.7372725,1.8085963,0.323825,0.0779635,0,0,0,0,0,0
DW31240510802023,0.0066795,0.0045167,0.2678352,0.0063162,0.0186065,0,0,0,0,3.4342925,0.0010542,0,0.730026,0.0047735,0.0015043,0.0060025,0.0960395,0,0.2976352,0.0840231,0,0,0.002641,0,0,0,0.0045704
DW31240510807733,0.067402,0.065958,0,0,0,0,0.0231715,0,0,0,0.0029678,0,0.1259415,0,0.0305955,0,0.0367115,0.269895,3.770404002,0.318924,0.0197455,0,0,0,0,0,0
DW31240510810064,0.0334655,0,3.4248182,0.1008025,0.118736,0,0.0049035,0.117399,0.005871,0,0.0217122,0.0009335,0.253631,0.0022235,0,0.002929,0.2201095,0.0062215,0.3697955,0.181902,0.004642,0,0.0532167,0,0,0,0.0098174
DW31240663105413,0.039787,0.0038756,2.7819028,0.1183821,0.1673275,0,0,0.005305,0,0,0.0145372,0.0017217,0.7592875,0.008081,0,0.006365,0.2042825,0,0.409794,0.3265814,0,0,0.0778687,0,0,0,0.0049122
DW31240510808846,0.0837165,0.000231,2.6133978,0.3338633,0.2414565,0,0.0393745,0.15191,0,0,0.0236336,0.0009491,0.4267097,0.0019105,0,0.0204371,0.153717,0.001123,0.1316525,0.0868523,0.0062595,0,0.3524725,0,0,0,0.0191476
DW31240510802944,0.0607775,0.0099178,1.1233849,0.1022244,0.0277762,0,0.0024215,0.0023455,0,0,0,0,1.9188372,0.022801,0.0063755,0.0520605,0.3263965,0.061332,0.397716,0.4908586,0.0043405,0,0.0325325,0,0,0,0.1000212
DW31240411301819,0.0805553,0.0727968,0.1682305,0.0778543,0.01324,0,0.0081515,0,0,0,0,0,1.1383835,0,0.154929,0.107533,0.574509,0.012602,1.858105,0.371593,0,0,0,0,0,0,0.0204382
DW31240663106361,0.0063455,0.0029538,0.0084748,0.051219,0,0,0,0,0,0,0,0,3.038925005,0,0,0.007495,0,0,0.1224835,1.6376497,0,0,0,0,0,0,0.009239
DW31240411302387,0.077742,0.0001339,2.1957534,0.3548159,0.035434,0,0.0096793,0.008916,0,0,0.0465106,0.0007168,1.2063653,0.0014175,0.007298,0.0200705,0.107865,0.009718,0.4140023,0.206218,0.002548,0,0.001908,0,0,0,0.0783242
DW31240510804140,0.049723,0.0015046,3.7841373,0.0672569,0.1220748,0,0.0010205,0.0568919,0.0022025,0,0.010753,0.0011604,0.3272335,0.002631,0,0.0097478,0.052218,0.002902,0.131247,0.1608812,0.0067368,0,0.1159379,0,0,0,0.0103378
DW31240510802855,0.0214195,0.1010468,0.105967,0,0,0,0,0,0,0,0,0,0.0962312,0.0408055,0,0,0.1317745,0.1136275,1.92847,2.0564705,0,0,0,0,0,0,0
DW31240510802906,0.0600293,0.0023084,2.1156004,0.1862173,0.338322,0,0.006265,0.083107,0.0229275,0,0.0256232,0.000623,0.6147895,0.0036875,0,0.0178645,0.142781,0,0.71798,0.322093,0.012272,0,0.1496285,0,0,0,0.0240512
DW31240411301066,0.0880196,0,2.5604457,0.0437216,0.054507,0,0.003661,0.0229305,0.0065525,0,0.0087502,0.0011277,0.577686,0.001793,0.020004,0,0.082936,0.0090185,0.5843267,0.4769345,0.0602672,0,0,0,0,0,0.147463
DWO31240510809019,0.0414993,0.3652387,0.5328711,0,0,0,0,0,0,0,0,0,0.2830685,0.0485385,0.0757235,0,0.147071,0.1523715,0.6877245,1.1729272,0,0,0,0,0,0,0
DW31240510808924,0.10912,0.0338323,0.3754358,0.3455994,0,0,0.1331409,0,0,0,0,0,2.113927,0,0,0,0.219828,0,1.2420432,0,0,0,0,0,0,0,0
DW31240663105409,0.0186045,0.1693873,0,0.0225329,0,0,0.0157705,0,0,0,0,0,0.5384708,0.029012,0,0,0.2068785,0.149516,2.6949575,0.4666295,0.0587905,0,0,0,0,0,0.0315746
DW31240663106300,0,0.9536572,0,0,0,0,0,0,0,0,0,0,0,0,0,0,0,0,0,0.231714,0,0,0,0,0,0,0
DW31240663106563,0.087422,0.0349963,1.6015625,0,0.0183735,0,0,0,0,0,0,0,0.119286,0.0054325,0.012316,0,0.299658,0.0304495,2.127138,0.513537,0,0,0.0098435,0,0,0,0
DW31240510802789,0.005616,0.053571,0.029038,0,0.004099,0,0.001702,0,0,0,0,0,0.115222,0.0763485,0.0110675,0,0.0286775,0.0371462,3.5145178,0.9057225,0,0,0,0,0,0,0
DW31240510805704,0.0280277,0,0.628092,0.4513616,0.0431365,0,0.0261815,0,0,0,0.00112,0.0001782,2.5304225,0,0,0.0820515,0.063501,0.0209085,0.4688461,0.2724455,0,0,0.0303785,0,0,0,0.1272956
DW31240510806109,0.1170657,0.0039487,0.5018852,0.1333966,0.0165885,0,0.007234,0,0,0,0,0,2.2111732,0,0.0034305,0.0458945,0.1695935,0.145273,0.7602248,0.4288905,0.002739,0,0,0,0,0,0.163992
DW31240510800213,0,0.0007899,0,0.015514,0,0,0,0,0,0,0,0,3.170095,0,0,0,0.425962,0,1.0106632,0.25762,0,0,0,0,0,0,0.0464784
DWO31240663106481,0.109712,0.001521,1.7072965,0.4511658,0.1612475,0,0.0573203,0.0116245,0,0,0.075384,0,0.8495772,0,0,0,0.130119,0.0250045,0.7370432,0.088352,0.0749155,0,0.0330298,0,0,0,0.114318
DW31240411301747,0,0.0113563,0.2035055,0,0,0,0,0,0,0,0,0,0.4355525,0,0.00652,0,0.0478005,0.023202,3.92973,0.2969078,0,0,0,0,0,0,0
DW31240411302218,0.018299,0.0007207,3.8776804,0.234953,0.2589153,0,0,0.0643445,0,0,0.0054644,0.0016469,0.1066988,0.001308,0,0.0023875,0.013885,0,0.2176671,0.019635,0.0004835,0,0.1222145,0,0,0,0.0041234
DW31240411302389,0.0392235,0.0011842,1.8090238,0.2583412,0.35865,0,0.056206,0.262872,0,0,0.0198282,0.0013482,0.7399038,0.0007795,0,0.001081,0.28323,0,0.7311262,0.186975,0.003678,0,0.1619368,0,0,0,0.0070186
DW31240510805123,0.008332,0.0056718,1.5061265,0.1688429,0.075532,0,0.001764,0,0,0,0.0007456,0,1.4798557,0.036095,0.0079755,0,0.206385,0.0041615,0.8016475,0.5069527,0.0061355,0,0.0089635,0,0,0,0.0600404
DW31240510807788,0.0343245,0.0003277,3.649565498,0.0144355,0.5511985,0,0,0.2279655,0,0,0.0053206,0.0083546,0.0797605,0.0170455,0.0090445,0,0.0311265,0,0.06041,0.10167,0,0,0.165511,0,0,0,0.000208
DW31240510808839,0.0160065,0.0091901,1.8320299,0.0207225,0.031876,0,0,0.0045265,0,0,0.010557,0,1.080475,0.0088735,0.0284585,0.0063925,0.3538325,0.053059,0.7273165,0.7432815,0,0,0.0010985,0,0,0,0.0063918
DW31240510809037,0.015914,0.0036603,3.5188154,0.1301495,0.081524,0,0.0109795,0.3224216,0.011568,0,0.006701,0.0050583,0.403059,0.0090535,0.0020525,0.0026433,0.1088497,0,0.1198138,0.0893732,0.001277,0,0.0817595,0,0,0,0.005753
DW31240411301097,0.0425085,0.0127763,1.3184885,0.0811842,0.009781,0,0,0,0,0,0.0148534,0,1.4269467,0.0027765,0,0.040447,0.0489665,0.1150345,0.9600087,0.767447,0,0,0,0,0,0,0.0293972
DW31240411301739,0.010397,0.0326562,2.2764595,0.0009623,0.0330478,0,0,0,0,0,0.002124,1.14E-05,0.3417682,0.0658555,0.0108635,0.020684,0.452328,8.35E-05,0.6130303,0.9679248,0,0,0.0169585,0,0,0,0.0076142
DW31240411301742,0.0277798,0.1177083,0.527059,0.0283445,0.0025325,0,0.0203178,0,0,0,0.0170192,0,0.3793232,0.0556665,0.0077725,0,0.1288045,0.0275095,1.292341,1.8714605,0,0,0,0,0,0,0
DW31240510806648,0,0.0492621,0.1311545,0.0133007,0,0,0.0099155,0,0,0,0,0,0.345772,0,0,0.0027762,0.1239635,0.201513,2.812815,1.034408,0.000949,0,0,0,0,0,0.0290544
DW31240411301734,0.1003996,3.80E-06,3.3324777,0.0874068,0.0905627,0,0.0101825,0.020429,0.00084,0,0.0456866,0.0009857,0.5853112,0.002762,0.014551,0.0006918,0.1544374,0,0.1791784,0.196646,0.0100085,0,0.0307855,0,0,0,0.021796
DW31240510801975,0,0.0151245,0.2713483,0,0.027791,0,0.003691,0,0,0,0.002859,0,0.053864,0.168357,0.003649,0,0.351115,0,0.3753945,3.66096,0.00106,0,0,0,0,0,0
DW31240411301144,0.1871132,0.0114059,3.119204301,0.1641838,0.047701,0,0.004748,0.0253155,0,0,0.0180152,0.002477,0.118545,0,0.0129735,0,0.2180615,0.073541,0.5736697,0.1845808,0,0,0.0769987,0,0,0,0.0035852
DW31240510806643,0.205072,0.0542369,0.8729969,0,0.069581,0,0,0,0,0,0.0018794,0,0.043993,0.0011225,0.0595432,0,0.6313875,0.1571915,0.4215628,2.2563443,0,0,0,0,0,0,0
DW31240663104989,0.1419002,0.0172491,0.8894541,0.1337578,0.016298,0,0.046156,0,0,0,0,0,1.4621721,0.0593835,0,0.005013,0.2011585,0.0026235,1.029231,0.6921265,0.021726,0,0,0,0,0,0.0819804
DW31240411301664,0.0065715,0.0004009,3.6942902,0.1061501,0.0626015,0,0.026165,0.3547155,0,0,0.0025644,0.0095524,0.1513328,0.0033755,0,0.003768,0.1002535,0,0.123057,0.0488935,0.010856,0,0.2134018,0,0,0,0.0014614
DW31240663106388,0.054099,0.0680563,0.027721,0,0,0,0.071344,0,0,0,0,0,0.7771535,0,0.135443,0,0.1372295,0.330866,1.8109032,1.1919592,0.023909,0,0,0,0,0,0.037651
DW31240663105303,0.043538,0.0756259,1.5430556,0,0.111212,0,0.0017215,0,0,0,0,0.0115952,0.2821773,0.1177126,0.028899,0,0.282513,0.036527,1.2601608,0.8317065,0,0,0.028754,0,0,0,0.0034826
DW31240663106502,0.0248714,0.0026576,3.344624399,0.0415515,0.0759618,0,0,0.0140555,0,0,0.0168062,0.0018401,0.5176582,0.0070395,0,0.0019689,0.3026175,0.0046095,0.2361957,0.1943615,0.0475805,0,0.0583733,0,0,0,0.0185504
DW31240411301666,0.00132,0.0008484,0.001837,0,0.0010045,0,0,0,0,2.9166969,0,0,0.0120145,0,0,0.000571,0.0004635,0.0001945,0.0995285,0.017052,0.0001575,0,0,0,0,0,0
DW31240510806535,0.0197955,0.0088473,0.326607,0.0465207,0,0,0,0,0,0,0,0,0.607791,0,0,0,1.3063255,0,2.637977,0.0107465,0,0,0,0,0,0,0
DW31240663105471,0.015851,0.0198444,0.031971,0.0007985,0,0,0.0059885,0,0,0,0,0,2.2172475,0.0950085,0,0,0.25624,0.010169,1.798294,0.458919,0.0078945,0,0,0,0,0,0.0009588
DW31240510806615,0.0189318,0.0046673,0.6421828,0,0,0,0.0089975,0,0,0,0,0,0.1970685,0,0,0,0.0463405,0.4256715,0.224274,3.403594,0.009603,0,0,0,0,0,0
DW31240663106549,0,0.1169079,0.241904,0,0.0018905,0,0,0,0,0,0,0,0.204215,0.0082815,0,0,0.01548,0,2.861438,1.0822512,0,0,0,0,0,0,0
DW31240510809871,0.0354035,0.0036078,3.2416927,0,0.0153015,0,0.000686,0.003055,0,0,0.0445112,0.0020933,0.0514058,0.0985955,0,0,0.051627,0.0237745,0.8871915,0.299822,0,0,0.154177,0,0,0,0
DW31240510806631,0.1063205,0,2.6175246,0,0.380861,0,0,0,0,0,0,0,0.776292,0,0,0,0.0503745,0.024522,0.5959885,0.4481167,0,0,0,0,0,0,0
DW31240663105288,0.0908935,0.0659082,0.512296,0,0.0464645,0,0.054812,0,0,0,0,0,0.7745465,0.082937,0.0036785,0.0236085,0.420669,0,1.3177862,1.3364735,0.0062945,0,0,0,0,0,0
DW31240663106309,0,0.2233144,0,0,0,0,0.018325,0,0,0,0,0,0.1187255,0,0,0,0.216867,0.2513929,0.4585613,0.826151,0,0.059797,0,0,0,0,0
DW31240411302369,0.0289594,9.64E-05,2.6321174,0.1735703,0.0562735,0.0180858,0.007636,0.226997,0,0,0.004189,0.0050526,0.466833,0.0027628,0.0019205,0,0.466231,0,0.2437713,0.286331,0.0089785,0.026919,0.1644235,0,0,0,0.0058454
DW31240411303692,0.031279,0.0491164,0.3478185,0,0,0,0.0130702,0,0,0,0,0,0.4034758,0,0,0,0.0822791,0.1623355,2.9991908,0.6897873,0.0074435,0,0,0,0,0,0
DW31240510804124,0.135795,0.0258709,1.2139035,0,0.052049,0,0.00023,0,0,0,0.01264,0,0.1513468,0.041083,0,0,0.04747,0.072801,2.3049537,0.8194135,0,0,0,0,0,0,0
DW31240510808870,0,0.3036724,0,0,0,0,0,0,0,0,0,0,0,0.2831415,0,0,0.000693,0.024715,0.665017,2.5080718,0,0,0,0,0,0,0
DW31240510810011,0.0276865,0.0358169,0.5930929,0.0150718,0.0272075,0,0.0030225,0,0,0,0.0013998,0,2.04114,0.021955,0,0.014266,0.0673385,0,1.4114377,0.417054,0.0196035,0,0.01764,0,0,0,0.0442328
DW31240510810054,0.4634285,0.1299023,0,0.0023278,0,0,0.01673,0,0,0,0,0,0.333686,0,0,0,0.0146525,0.9199515,0.1405955,2.3217385,0.054579,0,0,0,0,0,0.0317234
DW31240510810061,0.0236575,0.0037535,2.9219257,0.1217725,0.0492925,0,0,0.0078685,0.004446,0,0.0018974,0.0005478,0.996169,0.0063995,0.0078805,0.029096,0.121084,0,0.1652512,0.376829,0.0021685,0,0.0533883,0,0,0,0.0253576
DW31240510802861,0.1949753,0.007586,1.3643058,0,0.0666755,0,0.001225,0,0,0,0,0,2.2624457,0.0076607,0.2324391,0,0.039678,0.000994,0.1242115,0.6488,0.003687,0,0,0,0,0,0.005119
DW31240510809015,0.158883,0.001008,0.1766797,0.4512286,0.0823525,0,0.0032505,0,0,0,0.0794814,0,2.4490593,0,0.006044,0.0780922,0.6193235,0.0159635,0.1938706,0.3834165,0.0199175,0,0.0027515,0,0,0,0.0602888
DW31240663105476,0.1645823,0.0391765,0.3943648,0,0.115911,0,0.003838,0.1766455,0,0,0,0,0.5690435,0,0,0,0.1142125,0,2.1716745,0.782239,0.086355,0,0,0,0,0,0
DW31240663106543,0.0225658,0,1.141451,0.3705887,0.116227,0,0.0012475,0.004878,0,0,0.0007482,0,1.6658129,0,0,0.0333015,0.1156995,0,0.9776545,0.13598,0,0,0.0483682,0,0,0,0.1202524
DW31240510810032,0.008321,0.0959315,0.04331,0.0078006,0,0,0,0,0,0,0,0,0.8844155,0.1669305,0.011252,0,0.2780165,0.3055057,1.0797275,1.2682807,0,0,0,0,0,0,0.1820328
DW31240510808840,0.0103765,0.0288304,1.7100755,0.0933414,0.074127,0,0,0.00302,0,0,0,0,1.7219005,0.0145035,0.0225275,0.037366,0.1049215,0,0.7664453,0.2181785,0,0,0.0508455,0,0,0,0.0026814
DW31240510808914,0.0591885,0.003741,1.820934,0.1312498,0.0349673,0,0.0298525,0.0110945,0,0,0.0346912,0.0002886,0.8205167,0.0056375,0,0.0348935,0.1329055,0.0338275,1.2491205,0.4395582,0.0102245,0,0,0,0,0,0.0269982
DW31240510802897,0.0726595,0,3.2833266,0.1615459,0.1612915,0,0.0217365,0.0356685,0,0,0.007357,0.0009536,0.4177583,0.0031905,0,0.028324,0.1268405,0.0069345,0.3183783,0.1262367,0,0,0.1459673,0,0,0,0.0098492
DWO31240663106480,0.0270535,2.65E-05,3.0205195,0.1837589,0.320006,0,0.00351,0.3794825,0,0,0.0222826,0.0035791,0.3773375,0.000843,0,0.0059685,0.1332505,0,0.1453107,0.134906,0.00013,0,0.1422202,0.0004055,0,0,0.002376
DW31240663105284,0.0054655,0,0.2275865,0,0,0,0,0,0,0,0,0,0.022676,0,0,0,0.0099245,0,2.1712725,2.5630752,0,0,0,0,0,0,0
DW31240510810440,0.033536,0,0.007334,0,0,0,0.004852,0,0,0,0,0,0.093149,0,0.014806,0,0.281938,0,4.3062845,0.2118985,0.0033785,0,0,0,0,0,0.0171292
DW31240510802894,0.011137,0.0063273,0.1389028,0.0648399,0.00554,0,0.00326,0,0,0,0.007849,0,2.1073078,0.0235105,0.0204305,0.0885785,0.2910035,0,1.3793805,0.646172,0.0126335,0,0,0,0,0,0.0561396
DW31240663105251,0.02736,0.0029268,3.248362901,0.0606231,0.1290777,0,0,0.174852,0,0,0.01436,0.0030901,0.6101318,0.0070881,0,0.001726,0.0940495,0,0.2993775,0.1528043,0.0008055,0,0.051424,0,0,0,0.0159568
DW31240663105290,0.0031375,0.0122074,3.3751499,0.0006685,0.1515502,0,0,0.063414,0.018545,0,0.0088148,0.0025166,0.1369746,0.052657,0.003918,0,0.376369,0,0.218031,0.32,0,0,0.146259,0,0,0,0
DW31240663106488,0.011857,0.0005039,4.0352382,0.0222703,0.051698,0,0.0014025,0.1742266,0,0,0.0035592,0.0135061,0.1484485,0.0005405,0.008179,0,0.029235,0.000555,0.290943,0.0594592,0.008225,0,0.055432,0,0.006863,0,0.0021798
DW31240663105419,0.0594914,0.0042872,2.9885031,0.0099712,0.1640083,0,0.0052715,0.363902,0,0,0.0092408,0.0026148,0.482096,0.0095009,0.005874,0.01741,0.0816655,0.0087615,0.2167707,0.201788,0,0,0.2540109,0.0004865,0,0,0.0025078
DW31240411301616,0.1882475,0.0194536,2.937968,0,0.005708,0,0.009975,0,0,0,0,0,0.2222066,0.1130055,0.1025295,0,0.431302,0.0141915,0.3989375,0.458305,0.020355,0,0,0,0,0,0
DW31240411301746,0.0138125,0.0064628,2.3484004,0.1243968,0.1373662,0,0.0058895,0.1044345,0,0,0.0148128,0.0024773,0.598543,0,0.014954,0,0.202477,0,1.0610535,0.268403,0.001387,0,0.0075175,0,0,0,0.0077342
DW31240411301867,0.057567,0.0747926,0.0089535,0,0,0,0,0,0,0,0,0,0.659544,0.689572,0.024904,0,0.221784,0,2.0506835,0.9125983,0,0,0,0,0,0,0.000172
DW31240411303312,0.0927842,0.0235883,3.5796089,0.0132307,0.05257,0,0.0066955,0.0284625,0,0,0.0130218,0,0.2394517,0.1094555,0.0108735,0.0009985,0.0933905,0.0263025,0.235239,0.269439,0.0048825,0,0.0251005,0,0,0,0.0004012
DW31240411303712,0.0452582,0.0047165,1.98625,0.1257909,0.1130203,0,0.0043928,0.0181296,0,0,0.0296118,0.000573,1.7464712,0.007155,0.00568,0.0296155,0.1964105,0.0114735,0.2210632,0.2866363,0.0045043,0,0.0447078,0,0,0,0.0152816
DW31240411303764,0.23467,0.0032062,0.605775,0.0002425,0.0171345,0,0,0,0,0,0,0,0.990212,0,0.4994585,0,0.0012345,0,1.1837777,1.4403647,0.011099,0,0,0,0,0,0
DW31240510808781,0.0213245,0.0372643,0.0091675,0,0,0,0,0,0,0,0,0,1.950281,0,0,0,0.0902475,0,2.5345976,0.1467905,0,0,0,0,0,0,0
DW31240510808892,0,0.0079368,0.0001665,0,0,0,0,0,0,4.901362,0,0,0.0002115,0.0041165,0,0,0,0,0.011165,0.0432945,0,0,0,0,0,0,0
DW31240510808963,0.0356055,0.0060454,0.768946,0.0995086,0.044174,0,0,0,0,0,0,0,1.7697913,0.0108155,0.0180555,0.001782,0.0504815,0,1.6162782,0.5119925,0,0,0.02735,0,0,0,0.0013782
DW31240510807770,0,0.0312382,0.2216428,0.0434973,0.015777,0,0,0,0,0,0,0,0.703879,0.00466,0,0.002311,0.159065,0,3.3626083,0.3253338,0.000697,0,0,0,0,0,0
DW31240510808934,0.07296,0.0817837,0.4019507,0,0.0060855,0,0.0057725,0,0,0,0.0060718,0,0.370338,0.1571175,0.0190075,0,0.222375,0.1875768,2.3705875,0.762131,0,0,0,0,0,0,0
DW31240510806740,4.0927035,0,0,0,0,0,0,0,0,0,0,0,0.9072965,0,0,0,0,0,0,0,0,0,0,0,0,0,0
DW31240510806608,0.1088,0.0028638,2.3113066,0.009475,0.0444505,0,0,0.004431,0,0,0.0861536,0.0602937,0.1768393,0.0054648,0.0050065,0,0.041889,0,0.1239327,0.284909,0.001854,0,0.00866,0,0,0.040485,0
DWO31240411301723,0,0.1110271,0,0,0,0,0,0,0,0,0,0,0,0,0,0,1.8805885,1.64863,0.2104942,0.7051515,0,0,0,0,0,0,0
DW31240411301110,0.0204875,0.001447,0.0716335,0.0235527,0,0,0.01184,0,0,0,0,0,1.0098893,0,0,0,0.0577615,0.031766,3.587645,0.109776,0.002757,0,0,0,0,0,0.0257296
DW31240510806510,0,0.1452678,0.0324505,0,0,0,0,0,0,0,0,0,0.016893,0.008873,0,0,0.304042,0,3.568202,0.3432005,0,0,0,0,0,0,0
DW31240663105424,0.2026277,0,2.4754339,0.3921226,0.2104195,0,0.0006645,0.0030535,0,0,0.0184542,0.0090229,0.4636358,0.0119108,0,0.05846,0.0156225,0.015318,0.3199246,0.1469931,0.0038643,0,0,0,0,0,0.2372378
DW31240663106544,0,0.1798219,0.050829,0.0079103,0.00499,0,0,0,0,0,0,0,1.5005055,0.0019115,0,0.0088795,0.1526535,0.005219,0.6900445,1.6454007,0,0,0,0,0,0,0.0115124
DW31240663106511,0.0840595,0.0114956,2.5766538,0,0.3538785,0,0.01947,0,0,0,0.0005506,0.0011839,0.630793,0.003636,0.5493305,0,0.0273635,0,0.4113,0.2716308,0.0071105,0,0,0,0,0,0
DW31240663106310,0.0499675,0.0065008,0.2828607,0.0268965,0.0606995,0,0.003223,0,0,0,0,0,1.0039539,0,0,0,0.308133,0.1690595,0.5844682,2.2826537,0.0682345,0,0.004433,0,0,0,0
DW31240663106478,0.029961,0.0006932,2.9106261,0.1116256,0.2546978,0,0.0061465,0.248505,0,0,0.0064378,0.0047889,0.4867285,0,0,0,0.2730685,0,0.264733,0.1425025,0,0,0.1766845,0,0,0,0.0051958
DW31240663106495,0.083751,0.0063346,0.3987156,0.018129,0.026966,0,0.016451,0,0,0,0.005591,0,0.6814387,0.048241,0.019665,0.0021895,0.408672,0.022345,2.29256,0.8882524,0.0051065,0,0,0,0,0,0.010413
DW31240663105327,0.0286187,0.0038305,2.7600111,0.2799937,0.0878525,0,0.005972,0.01665,0.0011095,0,0.0356436,0.0003911,0.7919266,0.0204177,0,0.0406545,0.0985795,0.009877,0.2415237,0.2108005,0.0302465,0,0.031848,0,0,0,0.0665876
DWO31240663105317,0.1027502,0.0354455,1.9729868,0.050678,0.3329705,0,0.0020485,0,0,0,0.0290622,0,0.451541,0.153637,0.0025825,0,0.07245,0,0.6356405,0.9612861,0.0076715,0,0,0,0,0,0
DW31240411301630,0.0046975,0.041527,0.013744,0.002916,0,0,0.005463,0,0,0,0,0,2.825942,0.0532125,0.006953,0,0.1905282,0.0005775,1.2125167,0.3860602,0,0,0,0,0,0,0.0355626
DW31240411301642,0.0122833,0.0357869,1.0415885,0.0456148,0.118489,0,0.0203535,0,0,0,0,0,0.5256505,0.053781,0,0,0.5993965,0.122601,0.8774962,1.368767,0,0,0.0185185,0,0,0,0.0059966
DW31240510806725,0.000478,0,4.001003999,0.0746665,0.170576,0,0.00021,0.014926,0,0,0.0043798,0.0005533,0.166176,0,0,0,0.0957525,0,0.0608985,0.094678,0,0,0.2312282,0,0,0,0.0266216
DW31240411301606,0,0.0027571,0,0,0,0,0,0,0,0,0,0,0,0.646972,0,0,0,0.124187,0.0174775,4.197578,0,0,0,0,0,0,0
DW31240510805131,0.0053187,0.0253477,1.1095549,0.284959,0.1408757,0,0,0.0270785,0,0,0.0100514,0.0026891,0.5763643,0,0.0004115,0.0126205,0.0086728,0.2510617,1.6061665,0.50617,0.001831,0,0.0932775,0,0,0,0.069137
DW31240510806487,0,0.4029489,0,0,0,0,0,0,0,0,0,0,0,0.1000565,0,0,0,0.015205,0.0845968,2.785397,0,0,0,0,0,0,0
DW31240510802909,0,0.0573993,0,0,0,0,0,0,0,0,0,0,0.00668,0.704557,0,0,0.010893,0,3.529969,0.460905,0,0,0,0,0,0,0
DW31240411301771,0,0.0346187,0,0,0,0,0,0,0,0,0,0,0.7968352,0.176628,0,0,0.0173755,0.1206365,2.8258542,0.888752,0,0,0,0,0,0,0.0003302
DW31240411301782,0.0405955,0.0013052,2.0270243,0.0652608,0.0658065,0,0,0.023602,0,0,0.0135298,0.0005079,1.1881635,0.017588,0,0.0129985,0.231164,0.002472,0.6460333,0.493216,0.0005545,0,0.0634233,0,0,0,0.0269254
DW31240411302793,0.1482345,0.002398,2.0182239,0.0326178,0.092371,0,0.011509,0.012471,0,0,0.0301302,0,0.983771,0.003228,0.0122785,0.0104585,0.1730925,0.0165245,0.8430932,0.395109,0.005814,0,0.014803,0,0,0,0.0135404
DW31240411303657,0.000945,0.3115517,0.003004,0,0,0,0.0041022,0,0,0,0,0,0.0353869,0.064134,0.0038466,0.012165,0.0030215,0,3.277967,0.0276538,0.004641,0,0,0,0,0,0
DW31240411303705,0.147927,0.0112395,1.6723757,0.0200886,0.0445895,0,0.0061085,0,0,0,0.0493256,0,1.813119,0.010968,0,0.0104995,0.0687465,0.0438745,0.6829045,0.219756,0.011978,0,0.0121155,0,0,0,0.0191126
DW31240411304918,0.067101,0.0182288,2.0954618,0,0.031949,0,0.0002155,0,0,0,0.0272318,0,0.405849,0.0060375,0,0.01508,0.053694,0.00401,1.4221375,0.5928937,0,0,0.001065,0,0,0,0.0348022
DW31240510807734,0.079144,0.0027009,0.5318814,0.3939179,0.0496145,0,0.0069645,0.1073115,0,0,0.0014162,0.0010671,1.9238456,0.0216882,0,0.0080435,0.0690405,0.0281945,1.187376,0.1396468,0.02743,0,0.0087545,0,0,0,0.1278456
DW31240411301641,0.0208798,0.0045152,2.5510443,0.0842882,0.0936925,0,0.0003245,0.00084,0,0,0.0559828,0.0001562,1.0223532,0.0007355,0.0001173,0.0425335,0.041784,0.0224435,0.1218177,0.7169363,0.0008645,0,0.0381802,0,0,0,0.0120694
DW31240663105261,0,0.0587838,0.311114,0,0,0,0,0,0,0,0,0,0.768312,0.0369195,0,0,0.1904625,0.0723805,2.669484,0.615257,0,0,0,0,0,0,0.0168604
DW31240663105305,0,0.05038,0,0,0,0,0,0,0,0,0,0,1.7043375,0.102218,0,0,0,0.0837175,1.809627,1.0482,0,0,0,0,0,0,0
DW31240663106353,0.070997,0.0295417,0.0605302,0.0350286,0.0269235,0,0.003502,0,0,0,0,0,0.6189235,0.0280425,0.015876,0,0.505886,0.2378805,2.7720911,0.4484075,0.0097821,0,0,0,0,0,0.0049604
DW31240510809909,0.0383545,0.0198339,1.309659,0,0.024129,0,0,0,0,0,0,0.0002195,0.148308,0.250213,0,0,0.8032975,0.0033295,1.5534608,0.757515,0,0,0,0,0,0,0.0045866
DW31240411303751,0.003538,0.0604608,0.4102093,0,0,0,0.0026385,0,0,0,0,0,0.6046244,0.389224,0.0019575,0,0.054803,0.044324,1.9526406,1.20947,0.0049835,0,0,0,0,0,0.0077138
DW31240663105238,0.0706725,0.0289117,1.1886112,0.0165093,0.0139565,0,0.0002915,0,0,0,0.033215,0,1.237607,0.0266845,0.0203265,0.010597,0.5721995,0.0028985,0.8776345,0.637771,0.003059,0,0,0,0,0,0.036654
DW31240411301078,0.012034,0.0083377,0.5143889,0.0096156,0.056274,0,0.0011505,0,0,0,0.0021288,0,1.9852265,0.005752,0.0052395,0,0.3142485,0,1.2807276,0.6190145,0.001106,0,0,0,0,0,0.054957
DW31240411302210,0.07763,0,1.628266,0.0186085,0.001249,0,0.034189,0,0,0,0.0422378,0,0.6374125,0,0.032325,0.001598,1.174403,0,0.096763,1.112595,0.0020715,0,0,0,0,0,0.0309182
DW31240411302212,0.0089705,0.0315431,0.013596,0,0,0,0.0107885,0,0,0,0,0,1.7485347,0.055272,0,0,0.007473,0,2.647760998,0.298725,0.0278705,0,0,0,0,0,0.0093172
DW31240411302283,0.0442093,0.0282057,2.0090831,0.0360115,0.0338755,0,0,0.0021895,0,0,0.0105114,0,1.145712,0.0083551,0.036659,0.0511185,0.247928,0,0.5395687,0.6135995,0,0,0.0134065,0,0,0,0.0144828
DW31240411302310,0,0.0707615,0,0,0,0,0,0,0,0,0,0,0.268372,0,0,0,0,0.33397,3.597912802,0.445938,0,0,0,0,0,0,0
DW31240411303280,0.0227605,0.0062524,0.2181418,0.0010887,0.002853,0,0,0,0,4.078909,0.002453,0,0.0570145,0.012882,0.0030785,0,0.140099,0,0.3082662,0.1139555,0,0,0,0,0,0,0.001096
DW31240411303402,0.007947,0.2136152,0,0,0.004098,0,0.008285,0,0,0,0,0,0.6812013,0.0806395,0.0033429,0.074372,0.125542,0,2.6688622,0.2553505,0.016427,0,0,0,0,0,0
DW31240510808829,0,0.1461707,0,0,0,0,0,0,0,0,0,0,0.1320613,0.0934545,0,0,0.007162,0.4069765,0.72291,2.846508,0,0,0,0,0,0,0
DW31240510808906,0.204667,0.002037,2.245669,0.1529211,0.1085445,0,0,0.0055715,0,0,0,0,0.8721897,0.0251245,0.031562,0.0008,0.4017685,0,0.572056,0.187829,0.0123055,0,0,0,0,0,0.05663
DW31240510802917,0,0,0,0.1711675,0,0,0,0,0,0,0,0,1.239234,0,0,0,0,1.2138705,2.0149453,0.360783,0,0,0,0,0,0,0
DW31240510805140,0.2915657,0.0027281,3.0769892,0.0312007,0.1792065,0,0.0016015,0.021934,0,0,0.0465434,0.0005807,0.360258,0.0114435,0.019421,0.000338,0.154578,0,0.3187728,0.2727252,0.0089895,0,0.0264892,0,0,0,0.0063252
DW31240510806147,0,0.3413332,0,0,0,0,0,0,0,0,0,0,0,0.130055,0,0,0,0,2.0528315,1.110447,0,0,0,0,0,0,0
DW31240510808984,0,0.0114737,0.1065165,0,0,0,0,0,0,0,0,0,0,0,0,0,0.560574,0,4.0812695,0.1942715,0,0,0,0,0,0,0
DW31240510809050,0.0213425,0.0114975,3.2764232,0,0.0693925,0,0,0.054328,0,0,0.0892084,0,0.031352,0.0086325,0,0,0.4117305,0,0.2576667,0.4976645,0,0,0.090959,0,0,0,0
DW31240510806724,0.000629,0.0290669,0.0621457,0.000518,0,0,0.005379,0,0,0,0,0,0.2172215,0.048176,0.0054285,0,0.1417855,0,3.1389587,1.2271997,0,0,0,0,0,0,0.0028892
DW31240510806634,0.0390832,0.0001862,3.5103259,0.0291328,0.523747,0,0.022274,0.285559,0,0,0.0070706,0.0035216,0.0459845,0.0039321,0,5.85E-05,0.0411735,0.0032503,0.0911545,0.04815,0.0511305,0,0.248608,0,0,0,0
DW31240510806738,0.0635488,0.0056628,3.676136,0.0067597,0.1021868,0,0,0.0438335,0.010998,0,0.0149868,0.0900057,0.0742334,0.2266273,0,0,0.012259,0.008061,0.1354559,0.2644355,0,0,0.0926208,0,0.012561,0,0
DW31240510808897,0.008757,0.0047621,0.5955059,0.127003,0.0283185,0,0,0,0,0,0.0058348,0.000249,2.0623485,0,0,0.0346255,0.017399,0.006074,0.8274865,0.8671743,0,0,0.0005853,0,0,0,0.1441338
DW31240411301738,0.1102648,0.0351506,0.8407437,0.0077465,0.01178,0,0,0,0,0,0.0114792,0,0.3905023,0.019824,0,0.0639805,0.1512025,0.013431,2.4411268,0.6571385,0.0057638,0.0307881,0,0,0,0,0
DW31240411301081,0.077306,0.0029192,3.5237285,0.0585556,0.0391263,0,0.003334,0.1411101,0,0,0.0133748,0.0061087,0.2374465,0.008333,0.0159162,0.00432,0.207333,0,0.114286,0.3349024,0.001714,0,0.1037159,0,0,0,0.0079086
DW31240411301091,0.0534055,0.0056162,1.5523062,0.3126493,0.0717,0,0,0.04764,0,0,0.0065478,0.0006157,1.3074433,0.0049285,0,0.0579525,0.184748,0.014068,0.7985464,0.0886832,0.0033825,0,0.020918,0,0,0,0.1460178
DW31240510806568,0,0.0687127,0,0,0,0,0,0,0,0,0,0,0.051631,0.284014,0,0,0.0076125,0,1.9404005,2.3727785,0,0,0,0,0,0,0
DW31240510806596,0,0.006207,0,0,0,0,0,0,0,4.451585,0,0,0,0,0.000672,0,0,0,0.373541,0.142719,0,0,0,0,0,0,0
DW31240663105438,0.0376115,0.0123603,0.6533575,0.1181831,0.0195505,0,0.0001945,0,0,0,0.0160856,0,2.692837,0.0071928,0.0103665,0.0225625,0.186346,0,0.454821,0.5777623,0.002333,0,0.00772,0,0,0,0.0365324
DW31240663106447,0.0028167,1.83E-05,3.1868002,0.1769808,0.282046,0,0,0.127388,0,0,0.0016704,0.0044677,0.1581975,0.0007415,0,0.003483,0.0916015,0,0.1864104,0.089889,4.70E-05,0,0.5742633,0,0,0,0.0070098
DWO31240510806565,0.0935,0.0023275,2.9296172,0.2633091,0.037014,0,0.000502,0.080609,0,0,0.019291,0.0146513,0.5064323,5.70E-05,0.0017055,0.0017115,0.107625,0,0.4439957,0.1843485,0.0139855,0,0.040695,0,0,0,0.0430448
DWO31240663105416,0,0.0810788,0.574143,0,0.008831,0,0,0,0,0,0,0,0.097491,0,0,0,0,0,2.012347,1.901794,0,0,0,0,0,0,0
DW31240510808947,0.0066573,0.0017444,4.2319791,0.0058342,0.0626885,0,0.000298,0.029952,0,0,0.0101642,0.0034193,0.160435,0.0373511,0.000239,0,0.0878645,0.0003885,0.1748445,0.066566,0.000491,0,0.040243,0,0,0,0.0011758
DW31240663105052,0,0.2365065,0,0,0,0,0.004215,0,0,0,0,0,0,0,0,0.0002768,0.003091,0.0281425,3.679177,0.09934,0,0,0,0,0,0,0
DW31240663106308,0,0.1224035,0,0,0,0,0,0,0,0,0,0,0.0514705,0.014167,0,0,0.11481,0,2.381968,1.8255673,0,0,0,0,0,0,0
DW31240663106347,0.228362,0.0277008,1.1061683,0.000801,0.0392055,0,0,0,0,0,0,0,0.679497,0.0341415,0.0336185,0,0.003838,0.006762,1.1383615,1.588757,0.000782,0,0,0,0,0,0
DW31240663106323,0.1519274,0,1.583067,0.7757835,0.2121515,0,0.0851975,0.0853015,0,0,0.0026424,0.0012752,1.0684233,0.004812,0,0.0508468,0.138983,0,0.1883525,0.3406892,0.0404175,0,0.0358855,0,0,0,0.0771484
DW31240663105496,0,0.0666218,0.459488,0.001823,0,0,0,0,0,0,0,0,1.566464,0.4880695,0,0,0.032906,0.2508695,0.6421782,1.165169,0,0,0,0,0,0,0.022876
DW31240510809839,0,0,0.090054,0,0,0,0.0027835,0,0,0,0,0,0.497085,0,0.045549,0,0.214947,0,3.7992888,0.2918237,0,0,0,0,0,0,0.0233876
DW31240510808941,0.1560705,0.006024,0.9216939,0.014317,0.045964,0,0,0.0058105,0,0,0.0227728,0.0015316,0.5075974,0.065144,0.0085685,0,0.796455,0.0264587,1.545868,0.77325,0,0,0.0329325,0,0,0,0
DW31240510807761,0.074917,0.0028444,3.809989299,0.0236204,0.0558667,0,0.0034963,0.0276045,0,0,0.0317892,0.0005548,0.3882596,0.001054,0,0,0.077368,0.005714,0.1979127,0.1659708,0.0310753,0,0.019064,0,0,0,0.0044808
DW31240510802967,0.0205215,0.0076314,2.403032401,0.0313988,0.090287,0,0.0053405,0.021447,0,0,0.0345596,0.0008346,0.9951076,0,0.005128,0,0.7609105,0,0.315071,0.1696845,0,0,0.0273265,0,0,0,0
DW31240411301102,0.0997295,0.0952429,0.6352388,0.077298,0.029243,0,0,0,0,0,0.028398,0,1.5875554,0.031689,0.0177365,0.0529719,0.20224,0,0.9328985,0.751601,0.0006,0,0.0033175,0,0,0,0.0040266
DW31240411301888,0.04277,0.0428415,2.211,0.0018675,0.1544055,0,0.0090385,0.064552,0,0,0.0032534,0.0004281,0.2687805,0.0322464,0.0009135,0,0.1871765,0.0439865,1.0228075,0.4537365,0.0033225,0,0.2261055,0,0,0,0
DW31240663105378,0.0347955,0.0022491,3.4497458,0.0739233,0.0934393,0,0.0078295,0.1261345,0,0,0.011758,0.1015199,0.1988715,0.0858668,0.002794,0,0.09386,0,0.3381645,0.1949472,0.0015795,0,0.0930553,0,0,0,0
DW31240510806489,0,0,0,0,0,0,0,0,0,0,0,0,0,0,0,0,0,0.255498,1.1213143,3.623188,0,0,0,0,0,0,0
DW31240411303654,0.0657705,0.0521361,2.4991723,0,0,0,0,0,0,0,0.0103502,0,0.233916,0,0,0,0.0424625,0.759068,0.3196095,0.7753855,0,0,0.0180595,0,0,0,0
DW31240411304921,0.18685,0.0512838,0.4695388,0.050815,0.1316395,0,0,0,0,0,0,0,0.7849613,0.2400675,0,0,0.2732435,0,1.510196,1.0936007,0,0,0,0,0,0,0
DW31240510803385,0,0.0229755,0,0,0,0,0,0,0,0,0,0,0,0.0113335,0,0,0.008728,0,2.7745505,2.0905102,0,0,0,0,0,0,0
DW31240510804145,0.0679405,0.0013338,2.4162846,0.0239453,0.030619,0,0.000975,0.0093155,0,0,0.0216838,0.0002899,0.4695282,0.0016855,0.0007685,0,0.0343515,0,0.522889,1.303038,0.0007065,0,0.0073897,0,0,0,0.0135938
DW31240510809852,0.1993078,0.0001166,0.9559726,0.2361156,0.192028,0,0.0093045,0.088985,0,0,0.001369,0.0107843,1.5860405,0.01086,0.012196,0,0,0,0.942613,0.3413842,0.025126,0,0.0079509,0,0.0002295,0.0022308,0.0665
DW31240510809896,0,0,0,0.0269205,0,0,0.0110335,0,0,0,0,0,0.802382,0,0.161359,0,0,0,3.6245275,0,0,0,0,0,0,0,0.1495112
DW31240510809901,0,0.0012517,0.005545,0,0,0,0,0,0,4.8060885,0,0,0.03255,0.001403,0,0,0.0104005,0,0.1185713,0.019183,0,0,0,0,0,0,0
DW31240510809109,0.0817735,0.0072076,2.7053945,0,0.0404595,0,0,0,0,0,0.0190928,0.0013061,0.2562822,0.009202,0,0,0.553354,0,0.6236647,0.5638628,0,0,0.0757065,0,0,0,0
DW31240663105308,0.0151225,0.0334276,1.1559672,0.1877775,0.02827,0,0,0,0,0,0.033344,0,1.5545857,0.06509,0.0017965,0.0172175,0.148196,0.0136195,0.7241845,0.698557,0.003854,0,0,0,0,0,0.0339314
DW31240663106459,0.123081,0.0005179,2.7688305,0.0704648,0.1222985,0,0,0.001858,0,0,0,0.001013,0.269286,0.0660557,0,0,0.6391915,0,0.1317311,0.5707003,0.002175,0,0.116817,0,0,0,0.0169808
DW31240411302279,0,0.1142736,0,0,0,0,0,0,0,0,0,0,0.375308,0.132463,0,0,0,0.061283,3.364867,0.4947113,0,0,0,0,0,0,0
DW31240411303776,0.0074172,0.0002547,4.117935201,0.000394,0.1467648,0,0,0.3176301,0,0,0.0125162,0.0076642,0.1132055,0.0143365,0,0.0060935,0.011875,0.00338,0.0269125,0.0408797,0,0,0.118798,0,0,0,0
DW31240510805329,0.070364,0.0540401,0.700593,0,0.003996,0,0,0,0,0,0,0,0.2117625,0.383441,0,0.000566,0.0122145,0.112393,1.9822655,1.2418312,0.0083145,0,0,0,0,0,0.000823
DW31240510808850,0,0.1979655,0,0,0,0,0,0,0,0,0,0,0,0,0,0,0.259492,0.2302915,2.8274035,0.6929855,0,0,0,0,0,0,0
DW31240510808867,0,0.1314528,0,0,0,0,0,0,0,0,0,0,0.1075955,0,0,0,0,0.599033,3.6218748,0.0142325,0,0,0,0,0,0,0
DW31240510809844,0.0643345,0.04424,0.2186809,0.0346769,0.019526,0,0.0133243,0,0,0,0.0009798,0,0.4609941,0.047302,0,0,0.145375,0.0293565,2.7524903,0.968393,0.0080035,0,0,0,0,0,0.0021778
DW31240663105276,0,0.1915103,0.1472085,0,0,0,0,0,0,0,0,0,0.6007044,0,0,0,0.0596595,0,2.7864685,0.448408,0,0,0,0,0,0,0
DW31240510810086,0.006063,0.140319,0,0,0,0,0,0,0,0,0,0,0.35217,0.104969,0.0191405,0,0.0204185,0.063554,1.302491,2.3798975,0.001134,0,0,0,0,0,0.019427
DW31240411302253,0.0962573,0.0117928,2.90566,0.058478,0.0647775,0,0.0036275,0.0135695,0,0,0.0467948,0.0005847,0.8669723,0.0266843,0.0125212,0.0099615,0.028118,0.000675,0.252274,0.4260783,0.0019508,0,0.01442,0,0,0,0.010405
DW31240411302303,0,0.0262385,0.9987825,0,0,0,0.030502,0,0,0,0,0,1.3007325,0.5161325,0,0,1.2354345,0,0.7025985,0.0846245,0,0,0,0,0,0,0
DW31240411302313,0,0.0287589,1.308841,0,0.111731,0,0,0.0840515,0,0,0,0,0.0644755,0.031413,0,0,0.459637,0,0.6015123,2.1945443,0,0,0,0,0,0,0
DW31240510805154,0.0021095,0.0340329,0,0,0,0,0,0,0,0,0,0,0,0,0,0,0,0.043377,4.1903555,0.5939935,0,0,0,0,0,0,0
DW31240510809888,0.4555622,0.0144794,0.0664955,0.0004402,0,0,0.000259,0,0,0,0.0524274,0,1.521303,0.202539,0.076956,0,0.696093,0,0.5620942,1.1266219,0.061102,0,0,0,0,0,0.0105356
DW31240510809905,0.0498375,0.0004985,2.955438799,0.0535274,0.0953287,0,0,0.0830255,0,0,0.0276946,0.0104165,0.473848,0.002915,0.006387,0.0979615,0.167498,0,0.4595541,0.3681883,0.0154925,0,0.01285,0,0,0,0.0218226
DW31240510801997,0.03582,0.0111001,0,0.0033645,0,0,0.000223,0,0,3.6682225,0,0,0.6388762,0.032386,0.004762,0.0042795,0.094058,0,0.1542,0.2958283,0,0,0,0,0,0,0.004887
DW31240663105454,0.0899475,0.1411003,0,0,0,0,0,0,0,0,0,0,0.6432365,0,0,0,0,0,3.524031498,0.037283,0,0,0,0,0,0,0
DW31240663105234,0.107937,0.0613356,1.6524273,0.0048475,0.0205915,0,0.0004005,0,0,0,0.0358168,0,0.7609175,0.1021979,0,0.0044905,0.0129923,0.1165715,1.0116973,0.7935503,0.0019845,0,0,0,0,0,0.00527
DW31240510810046,0.0535735,0.0246188,2.1354124,0,0.0302665,0,0.0019732,0,0,0,0.0272682,0,0.1884541,0,0,0.0073645,1.0380555,0,0.8991605,0.5233378,0.002652,0,0.0063395,0,0,0,0
DW31240411302326,0.066046,0.0124262,1.0222174,0.0044385,0.0294805,0,0,0,0,0,0.0240892,0,1.3760375,0,0,0,0.166824,0,1.3746063,0.7574572,0,0,0,0,0,0,0.0319236
DW31240411302378,0.0659365,0.000836,3.8684633,0.0275286,0.084221,0,0.0011465,0.156224,0,0,0.007829,0.0063944,0.107426,0.0798295,0.00072,0.0303655,0.0457075,0,0.1265336,0.1582405,0.0006755,0,0.1502215,0,0,0,0.006463
DW31240411303500,0.0108055,0.0010131,0.0220675,0,0,0,0,0,0,0,0,0,0.2049576,0.008287,0.009738,0,0.132032,0,1.997238,2.609809,0,0,0,0,0,0,0
DW31240411303768,0.0617922,0.0241269,0.7214907,0.1372183,0.018148,0,0.0025412,0,0,0,0.0043748,0.0001172,1.2303565,0.1054778,0.0139435,0.037391,0.5486043,0.0043175,0.5564587,1.219001,0.0459455,0,0.0125965,0,0,0,0.0555978
DW31240510807763,0,0.5563371,0,0,0,0,0,0,0,0,0,0,0,0.0156455,0,0.0460165,0,0.1793775,1.143444,0.461506,0,0,0,0,0,0,0.1333396
DW31240510808826,0.0535295,0.007395,1.8837739,0,0.031792,0,0,0.0085495,0,0,0.0243156,0.0008161,0.114493,0.0290295,0.0033215,0.0011124,1.3875255,0,1.1251818,0.2580877,0,0,0,0,0,0,0
DW31240510809912,0.0851499,0.0010418,2.9638624,0.1642101,0.0939102,0,0.006816,0.1337641,0.000227,0,0.0164578,0.0114927,0.5847255,0.1064577,0.0003561,0.015733,0.130708,0,0.313394,0.1530974,0.0098275,0,0.0724448,0.000992,0,0,0.0141644
DW31240510810042,0.0876033,0.0119737,0.1422583,0.0039999,0.0183385,0,0.0052775,0,0,0,0,0,0.3939925,0.103,0,0,0.004027,0.4134385,3.445881,0.2894173,0.02206,0,0,0,0,0,0.00379
DW31240510810076,0.026498,0.0042724,3.777676,0.0286195,0.057959,0,0,0.020918,0,0,0.0389382,0.000404,0.12286,0.0314346,0,0,0.1431895,0,0.5482005,0.0892037,8.35E-05,0,0.030987,0,0,0,0
DW31240510810419,0.0218028,0.0001226,1.2646474,0.0946353,0.1363202,0,0.0079485,0.2945444,0.0056045,1.1299866,0.005444,0.0082692,0.0481058,0.0078646,0,0.006943,0.0510115,0.000305,0.0518995,0.039628,6.15E-05,0,0.057847,0.0006075,0,0,0.0038652
DW31240510810436,0.0464238,0.0091341,1.2186095,0.0241277,0.034347,0,0.0010655,0.039235,0,0,0.0032358,0.0003099,2.3397665,0.024881,0.0351215,0.080439,0.250113,0.0677935,0.1219262,0.6246128,0.0007605,0,0.0068563,0,0,0,0.0077494
DW31240510805360,0,0.1867858,0,0,0,0,0,0,0,0,0,0,0.125791,0.021439,0,0,0.005142,0.159835,0.1205253,4.0514545,0,0,0,0,0,0,0
DW31240510810421,0.1183368,0.0109429,0.6702938,0.1166063,0.0731285,0,0,0.0305544,0.006171,0,0.0009442,0.0006715,0.516379,0,0,0.0968765,1.7170712,0,1.2622145,0.259755,0.0307585,0,0.0173155,0,0,0,0
DW31240510809025,0.013017,0.0037916,0.0695186,0,0.003627,0,0,0,0,4.330309,0,0,0.1812738,0.0108605,0.0013935,0,0.075803,0,0.1372422,0.1481167,0.0001545,0,0,0,0,0,0.0038904
DW31240510806566,0.0045635,0.1858629,0.2368645,0,0.010829,0,0,0,0,0,0,0,0.1127845,0.014452,0.003004,0,0.2042075,0,1.0757825,2.4081978,0,0,0,0,0,0,0
DWO31240411301741,0.013215,0.0050394,0,0,0,0,0.000443,0,0,0,0,0,0.2598205,0.1179945,0,0.0014775,0.0134205,0,3.976905,0.5915262,0,0,0,0,0,0,0
DW31240411301112,0.002176,0.1295721,0,0,0,0,0,0,0,0,0,0,0,0,0,0,0,0,3.630967,0.718997,0,0,0,0,0,0,0
DW31240411301902,0.0131825,6.10E-05,4.2497081,0.0350581,0.0565915,0,0,0.057245,0,0,0.0791914,0.0052692,0.0566785,0.0363731,0,0,0.0339685,0,0.0507472,0.1078315,0.0074395,0,0.0561653,0,0,0,8.26E-05
DW31240663105427,0,0.0401918,1.2116515,0,0.0062085,0,0,0,0,0,0,0,0.0031745,0.0095515,0.0031731,0,0.475921,0,1.9163145,1.1709305,0,0,0,0,0,0,0
DW31240663105462,0,0.3800893,0,0,0,0,0,0,0,0,0,0,0,0,0,0,0,0,0.36367,0.8876695,1.8482145,0,0,0,0,0,0
DW31240510808894,0.154307,0.0115208,0.7009232,0.409896,0.0727855,0,0,0,0,0,0.0157638,0,1.3589623,0,0.001893,0.021087,0.0733375,0.0099355,1.179959,0.505444,0.00016,0,0,0,0,0,0.1480214
DW31240663106456,0,0.1526237,0,0,0,0,0,0,0,0,0,0,0.0699715,0,0,0,0.0139455,0,4.080053,0.0729115,0,0,0,0,0,0,0
DW31240411301832,0,0.175582,0.010148,0.0013465,0,0,0,0,0,0,0,0,1.631457,0.022699,0.026971,0,0.2672465,0,1.4045205,0.749896,0,0,0,0,0,0,0.0031224
DW31240663106337,0.022749,0.0777878,0.0001815,0,0,0,0,0,0,0,0,0,0.004122,0.0099875,0,0,0.0292865,0.027557,3.191694,1.292942,0.0325415,0,0,0,0,0,0
DW31240663106398,0,0.0291665,0,0,0,0,0,0,0,0,0,0,0.208083,0.039348,0,0,0.093029,0,4.1849088,0.2783535,0,0,0,0,0,0,0.020178
DW31240663105259,0.062477,0.0072577,3.7143795,0.000582,0.0832188,0,0,0.0542095,0,0,0.0031396,0.0114621,0.0791901,0.1490695,0.005876,0,0.186191,0,0.0814319,0.2702492,0,0,0.2432158,0,0,0,0.000951
DW31240663106554,0.0038255,0.0005657,1.656251,0.0269963,0.102401,0,0.0012475,0,0,0,3.30E-05,0.0001012,2.001506,0.003826,0.004715,0.0042715,0.244247,0.0377065,0.4167135,0.3128365,0.002778,0,0.1391315,0,0,0,0.0097468
DWO31240510806734,0.0435985,0.0014798,3.670780401,0.2004584,0.1201705,0,0.005005,0.0824185,0.0041735,0,0.0045774,0.0087896,0.289995,0.002366,0,0.023279,0.0061485,0.0010595,0.1097795,0.1036609,0.004225,0,0.236955,0,0,0,0.0085
DWO31240663106514,0,0.0447203,0.938436,0,0.0698375,0,0.0238015,0.048655,0,0,0,0.0002789,0.127105,0.0566425,0,0,0.943114,0.0014955,2.255446002,0.2700038,0,0,0,0,0,0,0
DW31240411301618,0.5956575,0.001588,0.340718,0.039725,0,0,0.120961,0,0,0,0,0.0006895,3.706564601,0.0042355,0.0012555,0,0.0043835,0.0080385,0,0,0,0,0,0,0,0,0.0429942
DW31240411301761,0.0604868,0.0010636,1.2591042,0.193954,0.044166,0,0,0,0,0,0.0299088,0,0.6364978,0,0,0.0051835,0.175618,0.0123775,1.2178185,1.0320028,0.002387,0,0,0,0,0,0.1094694
DW31240411302420,0.24272,0.0135705,2.1458456,0.0007978,0.077563,0,0,0,0,0,0.083208,0,0.440721,0.064567,0.0121635,0,0.1021475,0,0.723928,0.8905255,0.0055815,0,0.0060955,0,0,0,0
DW31240411303711,0.101104,0.0003027,3.184543,0,0.1673485,0,0,0.0189325,0,0,0.0595142,0.0001046,0.118639,0.5259194,0,0,0.0367075,0,0.1430843,0.5528996,0,0,0,0,0,0,0
DW31240510808898,0.277592,0,2.0951686,0.1980925,0.1472245,0,0.098831,0.052411,0,0,0.0955896,0,0.8085987,0.1241389,0,0,0.061424,0,0.1948965,0.545957,0.110033,0,0,0,0,0,0.0038126
DW31240663106487,0,0.1648497,0,0,0,0,0,0,0,0,0,0,0,0.4269295,0,0,0.0642795,0,2.0504875,1.6340545,0,0,0,0,0,0,0
DW31240663106345,0.0104038,0.0502191,0.2963705,0.0009465,0.0366925,0,0,0,0,0.0498395,0.0001432,0,0.3679662,0,0,0,0.3258615,0,3.4332085,0.1443705,0.038296,0,0,0,0,0,0.0178366
DW31240411303275,0,0.0145483,0.120195,0,0,0,0,0,0,0,0,0,0.1251879,0.072743,0.039807,0,0.2580295,0.089438,3.1735583,1.0483,0,0,0,0,0,0,0
DW31240411303706,0.003585,0.1413328,0,0,0,0,0,0,0,0,0,0,0.0618795,0.951591,0,0,0,0,0.8947152,2.381566,0,0,0,0,0,0,0
DW31240510805115,0.0210667,0.0311231,0.2039967,0.1184329,0.0096725,0,0.0031775,0,0,0,0,0,1.2027125,0.131671,0.04025,0,0.934071,0,1.1677917,0.6170322,0.0244165,0,0,0,0,0,0.1364066
DW31240510809873,0.0370335,0.0203292,0.7966783,0.13327,0.075441,0,0,0,0,0,0.005549,0,1.236794,0.0712555,0,0.040943,0.2198845,0.2044112,1.0880785,0.6344045,0.0362475,0,0,0,0,0,0.1114118
DW31240510809985,0.066186,0.0014999,3.1476962,0.0393856,0.100888,0,0.004935,0.009428,0,0,0.056748,0.0001003,0.3037067,0.00137,0,0,0.1322515,0,0.4983965,0.4689457,0.0024615,0,0,0,0,0,0.0259782
DW31240510810053,0.0001695,0,3.7859429,0.1064322,0.0879718,0,0,0.2361605,0,0,0.0063154,0.0148758,0.015519,0.1720045,0,0,0.4392035,0,0.0536295,0.0126285,0.014202,0,0,0,0,0,0
DW31240663106329,0.0069175,0,3.328094,0.1771453,0.1545935,0,0.0005435,0.1221455,0,0,0.0117612,0.0027525,0.4159047,0.002357,0,0.002843,0.03053,0.004114,0.240906,0.0970574,2.80E-05,0,0.114489,0,0,0,0.083243
DW31240663106299,0.006955,0.2317197,1.6663979,0,0.074351,0,0,0.0451315,0,0,0,0.0013732,0.008051,0.26512,0,0,0.1066445,0,0.3374135,1.287546,0,0,0.030264,0,0,0,0
DW31240663106567,0,0.097548,0,0,0,0,0,0,0,0,0,0,0,0.0905595,0,0,0,0.0981305,3.740709,0.582861,0,0,0,0,0,0,0
DW31240510808783,0.1253296,0.004261,3.7041557,0.0040565,0.0332445,0,0.02669,0.0068815,0,0,0.0127302,0.0036299,0.2709027,0.0287381,0,0.036223,0.0377018,0,0.4982514,0.075232,0.004799,0,0,0,0.0109386,0,0.013155
DW31240510805134,0.0807535,0.0077385,0.8694132,0,0.2032635,0,0,0,0,0,0,0.0026091,0.496501,0.001745,0.0078135,0,0.523931,0,2.396609,0.363743,0,0,0,0,0,0,0.0017958
DW31240510805146,0,0.2229799,0,0,0,0,0,0,0,0,0,0,0,0,0,0,0,1.798412,2.0563285,0.03036,0,0,0,0,0,0,0
DW31240510805161,0.0146787,0.0012022,3.1965817,0.0877242,0.1340625,0,0.005212,0.0645156,0.002908,0,0.0199784,0.0019483,0.435581,0.002276,0,0.022465,0.203089,0,0.3508725,0.1134275,0.001715,0,0.0475127,0,0,0,0.0772552
DW31240510809903,0,0.1797867,0,0,0,0,0,0,0,0,0,0,0.028831,0.0281545,0,0,0.0152205,0.023937,3.1188655,0.881655,0,0.0026421,0,0,0,0,0
DW31240510802877,0,0.533259,0,0,0,0,0,0,0,0,0,0,0.0245835,0.010783,0,0,0,0,1.86702,0.4313185,0,0,0,0,0,0,0
DW31240510802908,0.1133685,0,3.9098435,0.1618391,0.071771,0,0.0218065,0.1600375,0,0,0,0.0162585,0.073955,0.0016275,0,0.0044455,0.0008355,0,0.017124,0.214195,0.001028,0,0.0643295,0,0,0,0.0071252
DW31240510807035,0.106621,0.0449636,0.654949,0,0.0022005,0,0,0,0,0,0.0024226,0,0.637823,0.265831,0.051245,0,0.183466,0.0841682,1.5621494,1.1955007,0,0,0,0,0,0,0.0100686
DW31240411301898,0,0.1699862,0,0,0,0,0,0,0,0,0,0,0,0,0,0,0.2905235,0,3.585331,0.2742145,0,0,0,0,0,0,0
DW31240411301684,0,0.3641046,0,0,0,0,0,0,0,0,0,0,0.0913435,0.030072,0,0,0,0,1.399432,1.655909,0.001021,0,0,0,0,0,0
DW31240411301118,0.0598325,0.0141981,3.360684798,0,0.1232975,0,0.0085855,0,0,0,0.0170464,0.0006293,0.1665597,0.151232,0,0,0.0518345,0.2112085,0.3436988,0.354774,0.0079465,0,0.0172975,0,0,0,0
DW31240510809875,0.243887,0,1.5724425,0.0944495,0.0714315,0,0,0,0,0,0,0,1.3147297,0,0.02355,0,0.403099,0.0462615,0.5351635,0.0125225,0.0228545,0,0.0006275,0,0,0,0.2589882
DW31240510810107,0.1024858,0.0131117,2.251467,0.0305354,0.080252,0,0.0122495,0.0082125,0,0,0.0090632,0.0001012,0.6397133,0.0399295,0,0.018592,0.058092,0.0125165,1.0296133,0.4631847,0.000437,0,0.009838,0,0,0,0.0507254
DW31240510810109,0.0760525,0.000439,3.7771081,0.0800062,0.2579405,0,0.004883,0.196827,0,0,0.030996,0.0058819,0.1028691,0.0062412,0,0,0.024529,0.0088195,0.0777272,0.1086,0,0,0.1538715,0,0,0,0.0009168
DW31240510808980,0.2316032,0,1.249278,0.2636412,0.042411,0,0.0552453,0.0046965,0,0,0.0593852,0,1.4726436,0.000455,0,0.0146942,0.4166825,0,0.597192,0.3646545,0.013552,0,0,0,0,0,0.045116
DW31240411301740,0.0196055,0,1.5630143,0.2512288,0.055078,0,0,0.0014215,0,1.1866955,0.0312972,7.50E-05,0.3411865,0,0,0,0.5185615,0,0.3142043,0.4978175,0.015806,0,0.008255,0,0,0,0.0477974
DWO31240663105311,0.1406205,0,0.025099,0.0615038,0,0,0.0137445,0,0,0,0,0,0.5102225,0,0,0,0.025307,0.609265,2.9698428,0.4689708,0.068817,0,0,0,0,0,0.041462
DW31240663106448,0.0102315,0.2793648,0.9420369,0,0.0312105,0,0,0,0,0,0,0,0.213419,0.0572515,0,0,0.078773,0,1.732622,0.5186205,0,0,0,0,0,0,0
DW31240663105460,0.0004485,0.1211375,0.0048635,0.0010675,0,0.0033168,0.0022878,0,0,0,0,0,0.0616915,0.1329055,0.0015994,0,0.0575447,0,1.0347743,3.1507628,0.0006325,0,0,0,0,0,0
DW31240663106326,0.2802615,0,0.1561902,0.8980543,0,0,0,0,0,0,0,0,1.5980563,0,0.0349075,0,0.0178075,0,0.2002765,1.0345475,0.017351,0,0,0,0,0,0.3050188
DW31240663105300,0,0.4685666,0,0,0,0,0,0,0,0,0,0,0.051252,0,0,0,0.0006075,0.3872545,1.7383715,0.479681,0,0,0,0,0,0,0
DW31240411301785,0.008322547,0,3.482419154,0.034171434,0.16007288,0,0.00246213,0.46028367,0,0,0.007984028,0.1474224,0.03454835,0.00802933,0.00597282,0,0.020101075,0,0.055228462,0.141947309,0.017030915,0,0.274577219,0,0.00226362,0,0
DW31240411302233,0.136193,0.0064996,2.0953808,0,0.212528,0,0,0.264269,0,0,0.0370864,0.0143855,0.0456025,0.019066,0,0,0.108244,0,0.8119107,0.933119,0,0,0.1681485,0,0,0,0
DW31240411302271,0.040425,0.0204871,1.5607974,0.0437351,0.068902,0,0.0018275,0.0324775,0,0,0.0318414,0.0013458,0.7077815,0.030692,0,0.0056482,0.122811,0.0006205,1.934568,0.1971398,0.0107867,0,0.017201,0,0,0,0.0070062
DW31240411302328,0.0366975,0.0295826,0,0.0323932,0,0,0,0,0,0,0,0,1.0365145,0.010289,0,0,0,0.2184975,3.0447043,0.3434185,0,0,0,0,0,0,0
DW31240411302385,0.210242,0.0026765,2.9007326,0.0050345,0.0708248,0,0.0046025,0.114599,0,0,0.0178592,0.0240499,0.0384031,0.0776543,0,0,0.003766,0.0969405,0.1782215,0.3469553,0.0040615,0,0.333608,0,0,0,0
DW31240411303403,0.027855,0.0270593,0.0130371,0,0,0,0,0,0,0,0,0,0.0086322,0.0229755,0.0057785,0,0.0066625,0,2.36389,2.4217995,0,0,0,0,0,0.0042136,0
DW31240411303782,0.1042537,0.0005414,2.7484367,0.1729891,0.1602143,0,0.0068025,0.0894109,0.001599,0,0.0560418,0.045463,0.7203425,0.0087733,0,0.0110213,0.2353585,0,0.1772868,0.14623,0.002401,0,0.1341292,0,0.0002712,0,0.016535
DW31240510809973,0.3891958,0.007026,0.191026,0.057613,0.0155225,0,0.022381,0,0,0,0.0005638,0,0.2300985,0,0,0,0.2233518,0.104831,2.733811,0.851073,0.06103,0,0,0,0,0,0.0151064
DW31240510802890,0.2238765,0.0162567,1.1369654,0.033693,0.032422,0,0.000444,0,0,0,0,0,0.9340915,0.043292,0,0,0.6958525,0,0.9111027,0.8367898,0.0097325,0,0.029278,0,0,0,0
DW31240510802924,0.065909,0,0.9819075,0.1135166,0.1167805,0,0.002502,0,0,0,0,0,1.5828435,0,0,0,0.6790905,0,0.333379,0.0417703,0.029659,0,0,0,0,0,0.4170586
DW31240510809027,0,0.3863954,0,0,0,0,0,0,0,0,0,0,0,0.37351,0,0,0,0,1.5726838,1.121829,0,0,0,0,0,0,0
DW31240510808860,0.2069645,0.0834019,0,0,0,0,0,0,0,0,0,0,0.80935,0,0,0,0.004927,0.13208,3.093215,0.289628,0,0,0,0,0,0,0
DW31240510808915,0.0133617,0.0200811,0.1577505,0.052826,0.009209,0,0.007201,0,0,0,0,0,1.1162254,0.002583,0,0.006386,0.039948,0.067264,2.8421277,0.5153295,0.003218,0,0,0,0,0,0.025519
DW31240411301074,0.15092,0.0103001,0.5961069,0.0012614,0.0547285,0,0,0,0,0,0.0074218,0,0.881849,0.085878,0.032065,0.006065,0.6080005,0,1.8044838,0.6489563,0,0,0,0,0,0,0.0042612
DW31240663105461,0.0099855,0.042417,0.8934495,0.0139495,0.0518615,0,0.0156195,0,0,0,0.0031664,0,1.9725378,0.1682535,0,0,0.031712,0,1.3713425,0.18109,0.006688,0,0,0,0,0,0.0191014
DWO31240510806776,0.0314405,0.0061307,1.7671934,0.0074626,0.096794,0,0.0016935,0,0,0,0.05741,8.55E-05,1.5955785,0.0329935,0.012794,0,0.237679,0,0.3117027,0.625009,0.0039285,0,0.0706015,0,0,0,0.0057232
DW31240411301627,0,0.0045521,0,0,0,0,0,0,0,4.916561,0,0,0,0,0,0,0,0,0.009946,0.0507325,0,0,0,0,0,0,0
DW31240663105248,0.0031525,0.0678496,0.167501,0,0.001017,0,0,0,0,0,0,0,1.0224483,0.4318405,0,0,0.0881475,0,2.2642605,0.6823843,0,0,0,0,0,0,0
DW31240663105428,0,0.0078788,0,0,0,0,0,0,0,0,0,0,0.283828,0,0.009061,0,0.6151485,0,2.9164,1.1361683,0,0,0,0,0,0,0
DW31240663106360,0,0.0174004,3.174272,0,0.041395,0,0,0,0,0,0.0188282,0,0.0207655,0.1820745,0,0,0.268851,0.003635,0.5352715,0.639663,0,0,0,0,0,0,0
DW31240663106416,0.0362756,0,3.7909643,0.162471,0.137226,0,0.0216395,0.2164131,0,0,0.0031174,0.0025739,0.1382129,0.0627086,0,0.015345,0.0534425,0,0.0553203,0.1392675,0.000168,0,0.0642432,0,0,0,0.015808
DWO31240663105433,0.0492815,0.0015234,2.1671189,0.304192,0.017546,0,0.01727,0.001674,0,0,0,0.0002636,0.5307125,0.0109944,0.0317385,0,0.0714525,0,1.0064438,0.2125793,0.0693337,0,0,0,0,0.0184266,0.0006834
DW31240663106351,0.009921,2.88E-05,4.2714393,0.0097635,0.1060655,0,0.000171,0.0460495,0,0,0.0106438,0.0120336,0.2125669,0.1160945,0.004856,0,0.0156495,0,0.0324675,0.070478,0.0018435,0,0.0264143,0,0.0001175,0,0
DWO31240663106457,0.0043315,0.2565218,0,0,0,0,0,0,0,0.0158006,0,0,0,0.261514,0,0,0.0184955,0.0719555,0.6590768,2.5661603,0,0,0,0,0,0,0
DW31240510809040,0,0.2137272,0,0,0,0,0,0,0,0,0,0,0,0,0,0,0,0.0483335,0.675866,3.2071645,0,0,0,0,0,0,0
DW31240663105294,0,0.1842136,0,0,0,0,0,0,0,0,0,0,0.1371715,0.010192,0,0,0.0429425,0,1.8099345,2.0786915,0,0,0,0,0,0,0
DW31240510809056,0.1337875,0.0004282,4.1394866,0.0859315,0.0353073,0,0.0020372,0.0626775,0,0,0.0225514,0.0023809,0.175844,0.0196825,0,0,0.0162245,0.0292822,0.007421,0.0551725,0.004853,0,0.044632,0,0,0,0.045191
DW31240411301140,0,0.7829674,0,0,0,0,0,0,0,0,0,0,0.022684,0,0,0,0,0,0.4581357,0.6043435,0,0,0,0,0,0,0
DW31240411301745,0.0299205,0,3.8050127,0.0213388,0.1545233,0,0.0031235,0.36432,0.008579,0,0.0186982,0.0100275,0.031567,0.0264928,0,0,0.0428845,0,0.0309868,0.0867237,0.0033609,0,0.1797173,0.0003255,0.0020151,0.0024456,0.0007392
DW31240411302261,0.037989,0.0065992,3.4008097,0.0803461,0.1161697,0,0.0224455,0.061159,0,0,0.0092258,0.0018114,0.3790491,0.073892,0,0.031051,0.126351,0,0.1901385,0.2636127,0,0,0.0862952,0,0,0,0.0234274
DW31240411303684,0.0229708,0.0061752,0.4906557,0.1118731,0.011467,0,0.002918,0,0,0,0.0021192,0,2.976936,0.041595,0.003689,0.0336825,0.058238,0.0043665,0.5148915,0.5380718,0.0002875,0,0,0,0,0,0.0557364
DW31240411303737,0,0.1168504,0.0720655,0,0,0,0,0,0,0,0,0,1.1666194,0.0467625,0,0,0.3601845,0.153557,2.2454237,0.3711355,0,0,0,0,0,0,0
DW31240663106396,0.049184,0.0002995,3.7946884,0.0639565,0.1401085,0,0,0.015068,0,0,0.0191246,5.23E-05,0.0544116,0.007922,0,0,0.0842215,0,0.0789405,0.2171382,0,0,0.4284027,0,0,0,0.0011514
DW31240663106571,0.0175133,0.0128475,1.974471,0.0449583,0.012039,0,0.001084,0,0,0.0044559,0.049751,0,0.8046023,0.018788,0.009328,0,0.106007,0,1.0918728,0.7151088,0.005295,0,0,0,0,0,0
DW31240663105324,0.0133225,0.0346251,1.4283862,0.0172816,0.1147455,0,0,0,0,0.0166402,0.0006154,0.0009134,0.8755975,0.1205045,0.0783125,0.0169435,0.311522,0,0.8019775,0.9048292,0,0,0,0,0,0,0.0088994
DW31240411301709,0,0.0860851,0,0,0,0,0,0,0,0,0,0,0.7943045,0.0208735,0,0.016016,0.0003205,0,2.4469123,1.2869825,0.0041645,0,0,0,0,0,0
DW31240510806537,0.0202165,0.0641391,0,0,0,0,0,0,0,0,0,0,0,0,0,0,0,0,3.6415965,1.0174915,0,0,0,0,0,0,0
DW31240510808880,0.4836525,0.0038455,1.4993195,0.021869,0.1754655,0,0,0,0,0,0.0601316,0,0.3176585,0.079952,0,0,0.9671795,0.0140045,0.43697,0.7889465,0.0445705,0,0,0,0,0,0.0002492
DW31240411301072,0.029617,0.0102128,1.1108397,0.0109869,0.1007975,0,0,0.0844215,0,0,0.0019418,0.0014074,1.1341405,0.083023,0.0098535,0.0036855,0.469657,0,1.1682535,0.552558,0.003824,0,0.057138,0,0,0,0.0077108
DW31240411302308,0.2097863,0.0054276,1.9207657,0.0766234,0.0918295,0,0.250422,0.049196,0,0,0.0152598,0,0.3774195,0,0,0,0.0067835,0,1.5631028,0.2373772,0.066674,0,0.036837,0,0,0,0.0013084
DW31240510807739,0,0.0030209,0,0,0,0,0,0,0,4.227234995,0,0,0,0,0,0,0,0.0011065,0.743545,0.013009,0,0,0,0,0,0,0
DW31240510808861,0.0824385,0.0002463,3.0867314,0.071103,0.1356957,0,0.0079965,0.073888,0.08272,0,0.0122556,0.005535,0.2031879,0.0231731,0,0.0048625,0.0197335,0,0.4960437,0.4123402,0.004834,0,0.206864,0,0,0,0.0049816
DW31240510808862,0.1088208,0.0031898,2.0283468,0.0091119,0.085443,0,0.024228,0.1036835,0,1.9065651,0.0304326,0.0032497,0.1934735,0.0235053,0,0,0.000713,0,0.1698737,0.111909,0.0549095,0,0.0316068,0,0,0,0.003391
DW31240510809911,0.01656,0,4.0447566,0.0688821,0.1429195,0,0.0059315,0.1587285,0.01191,0,0,0.0197554,0.0263252,0.022074,0.0021785,0,0.00396,0.0348875,0.2230358,0,0,0,0.149625,0,0,0,0
DWO31240510810420,0.0464933,0,2.7732541,0.6469787,0.127438,0,0.0004025,0.136824,0,0,0.0431156,0.0033306,0.1328783,0.0602935,0.0006625,0.0036498,0.5356505,0,0.0261603,0.1748805,0.001935,0,0.1497235,0,0,0,0.0175702
DW31240510806569,0.3656842,0.0238773,0.0997828,0.0604263,0.007517,0,0,0,0,0,0,0,1.2722808,0.0016515,0.0719505,0,0.0364775,0.03295,1.834427,0.5996095,0.0423365,0,0,0,0,0,0.178866
DW31240510806580,0.005923,0.0025305,3.448292,6.30E-05,0.159685,0,0.005839,0.21371,0,0,0.025632,0.0057273,0.1974777,0.000679,7.15E-05,0,0.031038,0.0044045,0.2953075,0.118521,0,0,0.3486848,0,0,0,0
DW31240510809031,0.0507902,0.0230669,2.7630064,0,0.0899555,0,0,0.0570945,0,0,0.038614,0.0002847,0.1134028,0.025709,0.1030246,0,0.967831,0,0.282748,0.250323,0,0,0.0810835,0,0,0,0
DW31240663105271,0.0069965,0.0470221,0.3854555,0,0,0,0,0,0,0,0,0,0.2579227,0.2917255,0.0015655,0,0.0716985,0,2.297395,1.4409957,0,0,0,0,0,0,0.0044536
DW31240663105281,0.024272,0.0004743,3.1799386,0.2072048,0.153424,0,0,0.0672805,0.010943,0,0.0200584,0.004263,0.227893,0.0240378,0,0,0.376687,0,0.271398,0.0805085,0.001444,0,0.0745345,0,0,0,0.0322148
DW31240663105398,0.1959058,0.0385944,0.1626721,0.2132406,0.010607,0,0.021684,0,0,0,0,0,1.4251918,0.012793,0,0,0.081976,0.275138,1.5307766,0.6453335,0.055634,0,0,0,0,0,0.0501298
DW31240663106468,0.1643907,0.0047455,2.8265005,0.0579576,0.176418,0,0.0074585,0.0020585,0,0,0.0058446,0.0185055,1.0214202,0.0711706,0.0004415,0.006558,0.03588,0,0.218353,0.2527475,0.0284733,0,0,0,0,0,0.0111594
DW31240510809067,0.0248948,0,3.1788552,0.0999524,0.1682745,0,0.00341,0.5782655,0,0,0.006159,0.0027445,0.227325,0.001165,0,0.0087965,0.0756245,0,0.109946,0.1494267,0.0042245,0,0.1732095,0,0,0,0.0283266
DW31240663106327,0.0056825,0.0469238,0.2913985,0.005057,0,0,0.0100525,0,0,0,0,0,0.3284467,0,0,0,0.5650035,0.1394,3.0082133,0.211557,0.1929836,0,0,0,0,0,0
DW31240663106460,0,0.0467366,0,0,0,0,0,0,0,0,0,0,0,0.0061875,0,0,0,0,4.126533495,0.633596,0,0,0,0,0,0,0
DW31240411302223,0.1087739,0.0009675,3.536656,0.0138177,0.094152,0,0.0124587,0.1859685,0,0,0.0087588,0.0055326,0.2923527,0.0362035,0.022945,0,0.1562145,0,0.253482,0.1279317,0.001682,0,0.0665718,0,0,0,0
DW31240663106333,0.0117122,5.05E-05,3.5777031,0.0054238,0.0856838,0,0.000431,0.287653,0.0344005,0.004183,0.0052314,0.0426854,0.0120495,0.369496,0,0,0.0053305,0,0.0333745,0.0207705,0.0001515,0,0.337138,0.012036,0,0,0.0003552
DW31240411301588,0.1201923,0.0015312,3.6111851,0.050484,0.101748,0,0.0105045,0.0182251,0,0,0.0326892,0.0199512,0.283246,0.016311,0.0221425,0.007172,0.049419,0.0168055,0.2408548,0.2349954,6.05E-05,0,0.0418627,0,0.0003939,0,0.0046342
DW31240411301687,0,0.1522469,0,0,0,0,0,0,0,0,0,0,0.05097,0.089242,0,0,0.0685255,0,2.166162,1.8638665,0,0,0,0,0,0,0
DW31240411302299,0,0.2031309,0,0,0,0,0,0,0,0,0,0,0.0420315,0,0,0,0,1.488619,0.4207465,2.0329485,0,0,0,0,0,0,0
DW31240411302333,0.011128,0.0082996,3.1458173,0.0002678,0.0400435,0,0,0.0018955,0,0,0.0106074,0,0.4016082,0.05883,0.034596,0,0.13,0,0.4629288,0.6127017,0,0,0,0,0,0,0.0087078
DW31240510808820,0.0036573,0.0106513,0.2999804,0.0553179,0.0153225,0,0.0156325,0,0,0,0.0005804,0,1.8068053,0,0,0,0.3618035,0,1.8838055,0.366975,0.0049135,0,0,0,0,0,0.0078458
DW31240510809996,0.010821,0.0021706,4.1995935,0.004642,0.1191587,0,0.003123,0.2598225,0.002775,0,0.0065572,0.0058804,0.0354442,0.003508,0,0,0.008109,0,0.1319485,0.082709,0.0005305,0,0.0701532,0,0,0,0
DW31240510810047,0.6077135,0.0004114,0.388894,0.4947965,0,0,0.0431123,0,0,0,0,0,1.3277657,0.0242925,0.005948,0.0154185,0,0,1.3186048,0.2544535,0.09995,0,0,0,0,0,0.1667972
DWO31240510808992,0,0.0137231,0.0204945,0,0,0,0,0,0,0,0,0,0.869244,0,0.0100295,0,0,0,3.3998923,0.631724,0,0,0,0,0,0,0
DW31240411301870,0.120221,0.0114051,1.4758915,0.0091935,0.0461925,0,0,0,0,0,0.011123,0,0.573926,0.04562,0.0308075,0.035353,0.4706785,0.0016535,0.6714077,1.3915155,0.010721,0,0.000862,0,0,0,0.0122854
DW31240411301075,0.0719472,0.0081673,3.1018358,0.01434,0.1294968,0,0.025787,0.004771,0,0,0.0468856,0.0019453,0.3323412,0.0611028,0,0.00161,0.055884,0,0.4947287,0.477657,0.01439,0,0.0333903,0,0,0,0.0039664
DWO31240663105277,0.037231,0.0014881,4.5687223,0.0005934,0.0712995,0,0.003756,0.0270115,0,0,0.014876,0.0034977,0.078918,0.035145,0.0050735,0,0.0132595,0,0.0361015,0.0488637,0.001811,0,0.0051815,0,0,0,0
DW31240510806515,0.357144,0.0248832,2.9972735,0,0.06207,0,0,0,0,0.0348035,0.017964,0,0.439591,0.123467,0.002565,0,0.179071,0.019075,0.3144466,0.2910233,0.0101445,0,0,0,0,0,0
DW31240663105267,0,0,0.3102723,0,0,0,0,0,0,0,0,0,0,0,0,0,0.026792,4.662936,0,0,0,0,0,0,0,0,0
DW31240663106515,0.026926,0,3.4173882,0.0028609,0.5006903,0,0.0018372,0.20916,0.0121965,0,0.0198626,0.0220996,0.053523,0,0,0,0.01063,0,0.002776,0.0206695,0,0,0.5715235,0,0,0,0
DW31240510806673,0.1041227,0.0007255,2.4956199,0.3234237,0.216958,0,0.000517,0.0149805,0,0,0.018943,0.0016824,0.7710921,0.0472555,0,0.025973,0.1353535,0,0.2565157,0.303427,0.0030925,0,0.0574003,0,0,0,0.051465
DW31240411302953,0,0.0805399,0,0,0,0,0,0,0,0,0,0,0.06314,0.00757,0,0,0.041476,0.063512,2.6361226,1.78548,0,0,0,0,0,0,0
DW31240510804147,0.0259495,0,1.8535642,0.4579239,0.0445855,0,0.010953,0.268025,0.045607,0,0.0113512,0.0292659,1.284436,0.0092528,0.0048525,0.0399035,0.151132,0.004892,0.2095343,0.2724228,0.007929,0,0.1095979,0,0,0,0.027451
DW31240510809967,0.0168525,0.000159,3.5764192,0.0234996,0.3391505,0,0,0.1720839,0.0049635,0,0.0062804,0.0120229,0.1522105,0.13703,0,0.0015065,0.0923175,0,0.107979,0.1419085,0.003245,0,0.1360001,0,0.012691,0,0.0034338
DW31240510810048,0.0057695,0.0976558,0,0,0,0,0,0,0,0,0,0,0.0510393,0.0808485,0,0,0.0049195,0,4.286407,0.082737,0,0,0,0,0,0,0
DW31240510810080,0.1460582,0.0144307,1.1488791,0.0118187,0.141975,0,0.02305,0.0258815,0,0,0.0435352,0.0003512,0.6395735,0.03954,0.0052815,0.0014425,0.301684,0.133731,0.692311,1.322658,0.0041405,0,0.0096625,0,0,0,0.049569
DW31240510809058,0,0.1144147,0.049586,0,0,0,0.0091985,0,0,0,0,0,0.103051,0.2033515,0,0,0.016901,0.0822275,3.5669105,0.3967007,0,0,0,0,0,0,0
DW31240510800240,0.0324165,1.94E-05,2.043099,0.4646789,0.1778047,0,0.0221322,0.1201216,0.046206,0,0.0107672,0.0122778,0.9141915,0.001702,0,0.0226955,0.251508,0,0.11289,0.095094,0.0135505,0,0.2810715,0,0,0,0.0810164
DW31240510806581,0.0395725,0.0030031,2.9522113,0.011978,0.202191,0,0,0,0,0,0,0,0.3103855,0.0766515,0,0,0.047839,0.055319,0.4822665,0.4981701,0.230368,0,0.0780325,0,0,0,0
DW31240411301714,0.057476,0.0216463,0.016413,0,0.0100875,0,0.0225435,0,0,0,0.001749,0,0.2138583,0.0049705,0,0,0.2021311,0,3.956345,0.315705,0.015771,0,0,0,0,0,0
DW31240411301632,0.0273958,0.0096485,0.6975275,0.1226884,0.028809,0,0.0024865,0.0028215,0,0,0.0024024,5.60E-05,2.3621095,0.02075,0,0.0184211,0.1925889,0.0064235,0.881911,0.3375643,0.012674,0,0.011595,0,0,0,0.080334
DW31240663104963,0.022568,0.0881022,0.2133141,0.00769,0.0214925,0,0,0,0,0,0,0,0.3685901,0.130471,0.0906501,0,0.591341,0.09208,2.0050358,0.8408425,0,0,0,0,0,0,0
DW31240510810070,0,0.1019343,0,0,0,0,0,0,0,0,0,0,0.3365305,0.0921405,0,0,0.0103825,0.5580582,2.860167,0.63305,0,0,0,0,0,0,0
DW31240411301786,0.0239635,0.0328222,2.730817,0,0.0587315,0,0,0,0,0,0,0,0.2477438,0.0582745,0.019186,0,0.104701,0.014691,0.8932142,0.684566,0,0,0,0,0,0,0
DW31240411302200,0.0213951,0.0008793,4.122908,0.0750488,0.1564315,0,0.0031005,0.0820315,0.0038045,0,0.00654,0.0085585,0.098912,0.006197,0,0.005032,0.145706,0,0.028676,0.09877,0.0003425,0,0.07256,0,0,0,0.004596
DW31240411302249,0,0.0028429,0,0,0,0,0,0,0,0,0,0,0,1.0979275,0,0,0.2584285,0,2.6632103,0.9662195,0,0,0,0,0,0,0
DW31240411302305,0.0084948,0.001934,3.9408269,0.0667056,0.134107,0,0,0.1152295,0,0,0.0131622,0.0031465,0.1388988,0.007934,0,0,0.1232625,0.0275755,0.1067163,0.0859855,0.019078,0,0.1477642,0,0,0,0.0070588
DW31240411303717,0.0395412,0.0109983,3.835542,0.0056953,0.0944185,0,0.00029,0.004821,0,0,0.0272618,0.0001595,0.2396,0.0489928,0,0,0.009328,0,0.1095521,0.3899985,0,0,0.0410173,0,0,0,0
DW31240411303815,0.0145685,0.0017755,0.8894909,0.0661638,0.0375215,0,0.0002985,0.005695,0,2.5965798,0.0334658,0.0004117,0.5492543,0.0053726,0,0.0077175,0.1353495,0,0.2575117,0.1992697,0.011984,0,0.0098785,0,0,0,0.0280616
DW31240510801996,0.040521,0.0034308,2.3187239,0.2305325,0.111517,0,0.023266,0.049723,0,0,0.0266172,0.0013806,0.848647,0.0092085,0,0.010862,0.200876,0,0.631572,0.2797635,0.0060655,0.0035385,0.0434297,0,0,0,0.0281364
DW31240510802044,0.0395327,0.0117903,0.3070632,0.1019607,0.0646025,0,0.005548,0,0,0,0.0002968,0,1.15832,0.0790935,0.0018735,0.067176,0.34764,0,2.2480408,0.4570995,0.0044025,0,0,0,0,0,0.0068998
DW31240510804188,0,0,0,0,0,0,0,0,0,0,0,0,0,0,0,0,0,4.6060635,0,0,0.3939365,0,0,0,0,0,0
DW31240510805129,0,0.1028185,0.0342825,0.0646738,0,0,0.187145,0,0,0,0,0,0.5933935,0,0,0,0.0415045,0.0690785,2.7244509,0.6301515,0.0442155,0,0,0,0,0,0
DW31240510805132,0.0296217,0.0001049,3.4161652,0.040489,0.0808355,0,0.000181,0.089314,0,0,0.0324566,0.0032643,0.647179,0.0426751,0,0.0074235,0.0815495,0,0.1570166,0.092413,0.0017755,0,0.142399,0,0,0,0.0106712
DW31240510808750,0.053474918,0.000393255,3.363630697,0.071056351,0.12087622,0,0.034162485,0.519600539,0.00109543,0,0.011509744,0.031315263,0.194080725,0.003461865,0,0.003385796,0.02907548,0,0.13099335,0.092849329,0.00281061,0,0.124067682,0.00182122,0.005287988,0,0.005071202
DW31240510808873,0.030396,0.0003939,3.9074439,0.0856135,0.192046,0,0.003483,0.1645875,0.0023365,0,0.0062394,0.0021882,0.1277296,0.0291115,0,0.002023,0.0651435,0.0008825,0.091234,0.1603195,0.0005605,0,0.0876415,0,0,0,0.0027118
DW31240510810004,0,0,0,0,0,0,0,0,0,0,0,0,0.044665,0,0,0,0.006376,0,2.461879,2.4870803,0,0,0,0,0,0,0
DW31240510810097,0.0974082,0.0068435,1.4604634,0.0774002,0.2360615,0,0.029638,0.0066305,0,0,0.024043,0.0011994,1.2657989,0.0062505,0.0140498,0.0584595,0.2251525,0,0.6661783,0.4379972,0.0122435,0,0.1320405,0,0,0,0.0412066
DW31240510802998,0.0558285,0.0114801,2.5435797,0.0682965,0.037774,0,0.001294,0.000641,0,0.030641,0.0278434,3.12E-05,0.4898877,0.043604,0.0156445,0.0326375,0.2458845,0,0.685838,0.4466983,0.0142551,0.0023205,0.053148,0,0,0,0.0074752
DW31240510809021,0.0229257,0,3.0259132,0.2212405,0.0676015,0,0.012748,0.124487,0,0,0.017076,0.0014755,0.4749645,0.0169565,0,0.002145,0.1158715,0,0.3943074,0.2212005,0.0544835,0,0,0,0,0,0.062926
DW31240510809001,0,0.0194761,0,0,0,0,0,0,0,0,0,0,0.0253345,0.0544005,0,0,0,0.4152325,3.5326808,0.874971,0,0,0,0,0,0,0
DW31240510806696,0.0388125,0.0059852,2.0923553,0.0734635,0.098304,0,0.017147,0.03029,0,0,0.0266766,0.0011937,1.211042,0.0035375,0.0365965,0.0035325,0.125816,0,0.4947553,0.4678092,0.013411,0,0.0330033,0,0,0,0.0503978
DW31240663105380,0.061467,0.0355192,1.4835715,0.0673322,0.105091,0,0.006507,0.007963,0,0,0.0313004,0.0080713,0.451076,0.156621,0.005582,0,0.287305,0.146407,1.285065,0.622773,0.0187125,0,0.0031085,0,0.000902,0,0.0010772
DW31240411301757,0,0.1448347,0,0,0,0,0,0,0,0,0,0,0,0.0375615,0,0,0,0,2.3028447,1.9354205,0,0,0,0,0,0,0
DW31240663105203,0,0.0511239,0.0892365,0,0,0,0,0,0,0,0,0,1.22294,0.022366,0.0108935,0,0.2071125,0,2.699808,0.2959385,0,0,0,0,0,0,0.0784342
DW31240663105410,0.0138195,0.0727759,0.0546605,0.0001026,0.0136865,0.0021948,0,0,0,3.4984805,0.0008348,0,0.0855155,0.027482,0.0022749,0,0.1844556,0,0.1373768,0.5415155,0,0,0.0002165,0,0,0,0
DW31240663106450,0,0.0730437,0,0,0,0,0,0,0,0,0,0,0,0.2622695,0,0,0.0801615,0.1885815,3.466629,0.6371405,0,0,0,0,0,0,0
DW31240663105236,0.0658245,0.0390016,2.4381105,0.03069,0.053328,0,0,0,0,0,0.0038836,0.0007784,0.5509176,0.0162382,0.0025971,0,0.0717675,0,0.7682738,0.604066,0.0240557,0,0,0,0,0,0.0638272
DW31240411301655,0.05755,0.0068045,1.9905167,0.0843854,0.3421765,0,0.007999,0.123321,0.011514,0,0.0145362,0.0034861,0.6416815,0.0712235,0.0113945,0.002765,0.242006,0.0431583,0.7954792,0.3874293,0.0063895,0,0.0459935,0,0,0,0.0047606
DW31240663105499,0.022424,0,1.8657695,0.2528685,0.1144412,0,0.0085455,0.048962,0,0,0.021154,0.0010358,1.5880421,0.0208123,0,0.0035315,0.247745,0,0.2668264,0.1990034,0.0381155,0,0.0411433,0,0,0,0.0673116
DW31240663106453,0,0.2426264,0,0,0,0,0,0,0,0,0,0,0,0.097872,0,0,0,0,2.993855,0.6551665,0,0,0,0,0,0,0
DW31240663105320,0.0058945,0,0.8529365,0.2264506,0.0539535,0,0,0,0,0,0.0011166,0,1.122096,0.0703765,0.7126818,0.0253245,0.4201675,0,0.0513882,0.142057,0.0059095,0,0.018273,0,0,0,0.0413016
DW31240411301672,0.0265965,0.2083804,0,0,0,0,0,0,0,0,0,0,0.0005055,0.0436105,0,0,0,0.331907,2.7736225,0.781856,0,0,0,0,0,0,0
DW31240411302292,0.031574,0.1394174,0,0,0,0,0.000825,0,0,0,0,0,0.024442,0.877367,0,0.0003092,0.2170135,0.5406475,1.9755025,0.634768,0,0,0,0,0,0,0
DW31240411302300,0.028425,2.80E-05,3.5632879,0.0273282,0.196878,0,0.004805,0.2697175,0.0255235,0,0.0113782,0.0447644,0.1255395,0.0577984,0.002114,0.0040513,0.0796115,0,0.119858,0.081204,0.003446,0,0.1438573,0,0.0008695,0,0.0086108
DW31240411302307,0.382875,0.0080295,1.0151903,0.0529857,0.1753035,0,0.02264,0.1493095,0,0,0.0108498,0.0001963,0.6313169,0.052713,0,0,0.1696035,0.0549575,1.659364,0.3327415,0.027264,0,0.134836,0,0,0,0.0193572
DW31240411302941,0.0636602,0,3.7429558,0.0072677,0.1170702,0,0.0086815,0.0822015,0,0,0.0147612,0.0071581,0.1110535,0.074651,0,0,0.1582815,0,0.4079517,0.0736017,0.0024495,0,0.0511873,0,0,0,0.0015512
DW31240411303414,0.047975,0.0113454,2.3609255,0.0021958,0.1148515,0,0,0.021028,0,0,0.0157074,0.0028377,0.3483782,0.049303,0.0039585,0,0.2056065,0,0.970444,0.663252,0,0,0.0112195,0,0,0,0.0116584
DW31240510805326,0.0633305,8.90E-06,3.0506366,0.2610546,0.113268,0,0.0587982,0.116204,0,0,0.0531618,0.0259164,0.3215185,0.062581,0,0.029546,0.2362025,0,0.178664,0.1568225,0.006062,0,0.0930418,0,0,0,0.001451
DW31240510802939,0,0.049214,0,0,0,0,0,0,0,0,0,0,0,0,0,0,0.058557,0,4.132888197,0.5422,0.0202845,0,0,0,0,0,0
DW31240411301643,0.0796768,0,1.8780265,0.0171483,0.271816,0,0.022637,0.0078285,0,0,0.0582784,0.0010941,0.5265701,0.002755,0.014444,0,0.391249,0.0323405,0.828035,0.57674,0.0104721,0,0.130574,0,0,0,0.001351
DW31240411301732,0.042996,0.0022206,2.2068218,0.010039,0.1554395,0,0.1173555,0.051054,0,0,0.0401498,0,0.81361,0.010811,0,0,0.083345,0,0.706289,0.5479685,0,0,0,0,0,0,0
DW31240510806509,0.0356615,0,3.8981973,0.2615043,0.1276695,0,0,0.2023855,0,0,0.0024502,0.0043377,0.0797344,0.0275474,0,0.013624,0.0617435,0.005655,0.056847,0.0743757,0,0,0.0867108,0.0010266,0,0,0.0020094
DW31240663105403,0.0850675,0.0002723,4.1355905,0.0084625,0.082005,0,0.0079068,0.058936,0,0,0.0218176,0.0087449,0.0708303,0.0149406,0.000952,0.0048485,0.0521285,0,0.169636,0.0559858,0.002563,0,0.0232292,0.000611,0,0,0
DWO31240663105405,0,0.0233973,0,0,0,0,0,0,0,0,0,0,0,0,0.1621185,0,0,0.151838,1.8626045,2.706453,0,0,0,0,0,0,0
DW31240663106470,0.023386,0.0046581,1.5043453,0,0.213275,0,0,0,0,0,0.0882762,0,0.3267898,0.0062225,0.008371,0,1.6079305,0.036968,0.30733,0.697493,0,0,0,0,0,0,0
DW31240663105301,0.1580626,0.0173593,2.0075132,0.0413584,0.213183,0,0.003281,0.0979785,0,0,0.0342068,0.0050864,0.6046395,0.1991216,0,0.0101505,0.0925715,0.0076275,0.830328,0.338257,0.0077045,0,0.1108182,0,0.0022104,0,0.0018384
DWO31240663105298,0,0,0,0,0,0,0,0,0,0,0,0,0,0,0,0,0,0,0.0715515,4.9284485,0,0,0,0,0,0,0
DW31240411303315,0.045744,0.0005229,3.4226811,0.1895576,0.1082955,0,0.0008185,0.1114005,0,0,0.0105898,0.0023369,0.241602,0.0216375,0,0.0022445,0.2085435,0.0002335,0.2824455,0.232386,0.002651,0,0.040365,0,0,0,0.0126604
DW31240411302219,0.0818218,0.0044642,3.34809,0.0350864,0.4023817,0,0.005667,0.235399,0,0,0.0203738,0.0042239,0.178735,0.0534271,0,0.000242,0.017888,0,0.27383,0.0769777,0.0209661,0,0.0771785,0,0,0,0.0004844
DW31240411302963,0.03772,0.0106811,2.2299133,0.0212892,0.195757,0,0.0397505,0.055267,0,0,0.0147632,1.44E-05,0.2944592,0.307581,0.0214159,0.0401244,0.049954,0.003559,1.179694,0.1381993,0.035915,0,0.0427465,0,0,0.002073,0.00774
DW31240510805145,0.054751,0.2909955,0.087558,0,0.011564,0,0,0,0,0,0,0,0.1293992,0,0,0,0.144045,0.0108395,0.4546735,2.616686,0.035506,0,0,0,0,0,0
DW31240510805321,0.1324065,0.0198506,2.984663399,0.0077026,0.1074685,0,0.018002,0.0931185,0,0,0.0213518,0.0008583,0.4391093,0.0568455,0,0,0.0540055,0,0.3958256,0.1433113,0.0095615,0,0.019754,0,0,0,0.0017822
DW31240510808851,0.039111,0.0703324,0.0246985,0,0,0,0.0035085,0,0,0,0,0,1.0842935,0.0246385,0,0.001423,0.0122405,0.017783,2.985732,0.322399,0,0,0,0,0,0,0.053004
DW31240510802936,0.0331783,0.0211675,1.840875,0.0051265,0.404618,0,0.007819,0.188191,0,0,0.0052596,0.0004549,0.4554647,0.0167931,0,0.002313,0.5913685,0.0761415,0.5985769,0.324024,0.0065385,0,0.1959082,0,0,0,0.0007726
DW31240510807064,0.2259057,0,2.0654942,0.0337829,0.065495,0,0.0004275,0,0,0,0.0626456,0,0.1957347,0.0067705,0.00256,0.0344685,0.065968,0,0.2826507,1.8202954,0.003358,0,0,0,0,0,0.015873
DW31240510810057,0.1413595,0.0013088,0.736856,0.133801,0.0301682,0,0.05573,0.0135895,0,0,0.0160144,0.0017875,1.0471585,0.0065195,0.0023415,0.0069025,0.021258,0.034861,1.1488792,1.4067302,0.0199806,0,0,0,0,0,0.0474208
DW31240510806629,0.021931,0.003145,0.0251433,0.1603626,0.002526,0,0.002287,0,0,0,0,0,2.7562644,0,0.0596274,0,0.194091,0,0.9303901,0.3150405,0.0349954,0,0,0,0,0,0.191236
DW31240411301105,0.025308,0.0680215,0.0179875,0,0.0067455,0,0,0,0,0,0,0,0.025035,0,0,0,0.58349,0,3.577793005,0.4235335,0,0,0,0,0,0,0
DW31240411301166,0.0330285,0.1254131,0.145912,0,0,0,0,0,0,0,0,0,0.021903,0.233387,0.016618,0,0.100702,0.094659,1.4170648,2.3096605,0,0,0,0,0,0,0
DW31240510806678,0.0867953,0.0002633,3.799109498,0.0578511,0.209075,0,0.0071655,0.1271745,0.0224535,0,0.0202412,0.0071754,0.0568395,0.200032,0,0,0.0021405,0,0.0712802,0.0349113,0.001489,0,0.1554431,0,0.005127,0,0
DW31240663105414,0,0.0990843,0,0,0,0,0,0,0,0,0,0,0,0,0,0,0,0,3.6297785,0.6131255,0,0,0,0,0,0,0
DW31240663105429,0,0.1198998,0,0,0,0,0,0,0,0,0,0,0.1122759,0.0384105,0,0,0.019558,0,2.1429599,2.0872973,0,0,0,0,0,0,0
DW31240663106346,0.003732,0.0022248,3.4896772,0.0255339,0.5055792,0,0,0.0366855,0.102146,0,0.0063764,0.0129171,0.167363,0.0479041,0,0,0.065027,0,0.076606,0.024656,0.0006865,0,0.3099077,0,0,0,0.0008288
DWO31240663105213,0.055738,0,3.9533632,0.075173,0.1062065,0,0.0008655,0.152481,0.0718795,0,0.005573,0.0121595,0.1835831,0.0057575,0,0,0.0820455,0,0.055063,0.160053,0.001867,0,0.0508235,0,0,0,0.0068326
DWO31240663106349,0.005722,0.3569587,0.0552155,0,0.021616,0,0.016444,0,0,0,0,0,0.2732547,0.1435725,0.0057585,0,0.1169395,1.1638635,0.949708,0.4583153,0.004797,0,0,0,0,0,0
DW31240663105255,0.0162059,0.0002154,3.852,0.2172328,0.24217,0,0,0.1740215,0,0,0.0160218,0.0044329,0.062662,0.02814,0,0,0.004234,0.00265,0.064389,0.0275745,0.0341995,0,0.1225945,0,0,0,0.0139
DW31240663106461,0.0110235,3.46E-05,3.2544952,0.018387,0.1044955,0,0.0019365,0.56437,0.019847,0,0.0232328,0.1563443,0.0193491,0.1313402,0,0,0.0043135,0,0.0266058,0.023684,0.0061485,0,0.2268578,0.0020245,0.1775035,0,0
DW31240510801601,0.0203525,0.0005944,3.7661945,0.0898956,0.167411,0,0.000774,0.043167,0.001562,0,0.0208004,0.0017863,0.3197255,0.003473,0,0.001976,0.142652,0,0.1402613,0.1740055,0.002957,0,0.0320635,0,0,0,0.0062444
DW31240663105373,0.279496,0.0339168,1.1681984,0.001054,0.053707,0,0.0176195,0,0,0,0.0013214,0,0.8706795,0.0043105,0.0150535,0,0.33303,0.107013,0.94811,1.0158655,0.009196,0,0,0,0,0,0
DW31240510805153,0,0.1640987,0,0,0,0,0,0,0,0,0,0,0,0.1417105,0,0,0.00482,0.022594,2.3872357,1.617811,0,0,0,0,0,0,0.002134
DW31240411302221,0.0409205,0.0018198,3.6232952,0.0263399,0.244284,0,0,0.007015,0,0,0.0326846,0.0003702,0.343304,0.0133784,0,0.007318,0.059219,0.007396,0.1192452,0.3548345,0,0,0.0430565,0,0,0,0.0049166
DW31240411303838,0,0.2739981,0,0.0359789,0,0,0,0,0,0.4963648,0,0,0,0,0.001607,0.0060636,0,0,2.7034693,0.0171345,0.0252545,0,0,0,0,0,0
DW31240411302289,0.0150715,0.0551246,0.000745,0,0,0,0,0,0,0,0,0,0.036564,0.0029995,0.0061995,0,0.093455,0.0189445,3.11217,1.4382278,0,0,0,0,0,0,0
DW31240510805167,0.0184465,0.0004275,4.0319307,0.0200135,0.1652685,0,0,0.131838,0,0,0.0041888,0.004334,0.2101261,0.0015135,0.001252,0.00526,0.0887145,0.000621,0.0885397,0.088515,0,0,0.090984,0,0,0,0.0021454
DW31240411301134,0,1.0977395,0,0,0,0,0,0,0,0.0049671,0,0,0,0.0196715,0.0022428,0.008286,0,0.0053495,0,2.4462015,0,0,0,0,0,0,0
DW31240411301759,0.0937447,0.0238057,0.8404452,0.0606689,0.097404,0,0,0.013315,0,0,0.0005246,0,0.4374218,0.016781,0.0030785,0.0112965,1.2618375,0.0808735,1.327975,0.3630885,0.0279915,0,0,0,0,0,0.010003
DW31240411302339,0.078228,0,2.2273737,0.4796313,0.1122365,0,0.0248895,0.3465226,0,0,0.003498,0.0037828,0.4130233,0.0153499,0.000718,0.027905,0.4001785,0,0.324067,0.0815518,0.047063,0,0.153538,0,0,0,0.03956
DW31240411302976,0.0128235,0.0032698,1.5270099,0.0299035,0.138889,0,0.002713,0,0,0,0.049312,6.18E-05,0.65124,0.1005695,0.003101,0.0213335,0.170358,0.0194875,1.2640719,0.792205,0.000667,0,0.012197,0,0,0,0.040597
DW31240411303660,0.0270234,0.0001152,3.2398466,0.1148397,0.1196735,0,0.0067395,0.1664274,0,0,0.034153,0.0410108,0.2268593,0.0496195,0,0.0033565,0.0407905,0,0.1849922,0.110522,0.0096935,0,0.3289111,0,0,0.0067068,0.0220722
DW31240510807755,0.0538435,0,2.0796075,0.5201193,0.112953,0,0,0.0137725,0.0031515,0,0.0191748,0.0006429,0.649977,0,0,0.009552,0.644679,0,0.2903003,0.2392085,0.0458322,0,0.058947,0,0,0,0.0765518
DW31240510809071,0.0362553,0.0001954,3.7897585,0.0176023,0.2905165,0,0,0.0041015,0,0,0.0175726,0.0026536,0.120801,0.014342,0.0154235,0,0.17175,0,0.1987205,0.2022638,0.008555,0,0.0699,0,0,0,0
DW31240510802029,0.1600025,0.0003172,3.1995627,0.0151255,0.101429,0,0,0.0297135,0.0133635,0,0.0435342,0.0001269,0.2706315,0.0167088,0,0.0120105,0.03481,0,0.3667425,0.5937423,0.001294,0,0.0199835,0,0,0,0.0141076
DW31240411301083,0.0736917,0.0045779,1.2723885,0.1326692,0.2033275,0,0.014212,0.0527595,0,0,0.0547756,0.0001477,1.530259,0.0275935,0.0025,0.037517,0.3059025,0.0162918,0.454762,0.2858683,0.0080605,0,0.025614,0,0,0,0.055442
DWO31240510806711,0.1608315,0.0158346,2.5618292,0.0040022,0.065262,0,0,0.008959,0,0,0.1129056,0.0041715,0.301161,0.0102345,0,0,0.4532113,0.0441805,0.2039855,0.5461942,0,0,0.2652198,0,0,0,0.0037284
DW31240411301660,0.1082688,0.0084328,2.6963574,0.064929,0.344966,0,0.0014875,0.0539535,0,0,0.020003,0.0049794,0.3105988,0.0116975,0,0.0048425,0.0737755,0.003324,0.8401067,0.2342937,0.002096,0,0.056861,0,0,0,0.0083898
DW31240663106401,0,3.6012234,0,0,0,0,0,0,0,0,0,0,0,0,0,0,0,0.054013,0.0043175,0.1924265,0,0,0,0,0,0,0
DW31240663106462,0,4.968760395,0.00886,0,0,0,0,0,0,0,0,0,0,0,0,0,0.002143,0,0,0.006149,0,0,0,0,0,0,0
DWO31240510801974,0.001732,0.0003631,0.3775738,1.5361208,0.00277,0,0.0025905,0.0130085,0,0.2250317,0.0018866,0,0.1066035,0.0165195,0,0.0132065,0,0,0.084057,0.0464515,0,0,0.019466,0,0,0,0
DW31240411301107,0.022990511,0,1.861073661,0.015261742,0.114929052,0,0.005045255,0.222288609,0.047281325,0.793331372,0.02606196,0.373704123,0.060563455,0.188614617,0.001729974,0.0003745,0.041186105,0.01608036,0.133437635,0.176155345,0,0,0.181803928,0,0.006434367,0.006619245,0
DW31240663105280,0.0102105,0.0130764,0.0330965,0,0.014814,0,0.00263,0,0,4.0582985,0,0,0.189063,0.095201,0,0,0.04124,0,0.3807565,0.1093078,0,0,0,0,0,0,0
DWO31240663106412,0.1636998,0.0035535,3.6374168,0.0063,0.1488595,0,0,0.0245514,0,0,0.00903,0.0085545,0.0695,0.000167,0,0,0.1800185,0,0.0908513,0.4445188,0,0,0.1324752,0,0,0,0.0023438
DW31240663105242,0.1793633,0.0113331,1.0810337,0.0681709,0.067494,0,0.045221,0.0174335,0,0,0.0120804,0,0.5139546,0.059724,0,0,0.0814095,0.02076,2.6453562,0.0884298,0.0313805,0,0,0,0,0,0
DW31240510810028,0.0047165,0.0006165,4.1820209,0.003868,0.121547,0,0,0.317212,0,0,0.0170008,0.0135529,0.0252545,0.0913119,0,0,0.000533,0.004689,0.0058082,0.0399378,2.40E-05,0,0.0751322,0.008819,0,0.0026214,0
DW31240510808876,0,0.1099638,0.035997,0,0,0,0,0,0,0,0,0,0.015426,0.017804,0,0,0.1261889,0,0.6634128,3.573698,0,0,0,0,0,0,0
DW31240663105232,0,0.1345149,0,0,0,0.0596967,0.0469701,0,0,0,0,0,0,0.0063455,0,0.9951979,0.5407827,0,0.401316,0.2418445,0,0,0,0,0,0,0
DW31240510810040,0.1482925,0,0.868271,0.347047,0.0520825,0,0,0,0,0,0.001603,0,1.1052437,0.0289391,0.0221261,0.017474,0.4024659,0,0.4200455,1.0899246,0.1050308,0,0,0,0,0,0.0657476
DW31240411301695,0.036599,0.0005333,3.717822399,0.0674773,0.1151945,0,0.000822,0.3541305,0.116749,0,0.0002548,0.0532658,0.049078,0.041528,0,2.20E-05,0.0333665,0.0042525,0.0688282,0.031085,0.0048785,0,0.1034067,0.0003292,0.0014454,0.0002373,0.0005568
DW31240411301708,0.046939,0.0010087,3.135943,0.1594305,0.187912,0,0.0048685,0.152642,0.009115,0,0.02098,0.0091309,0.3438348,0,0,0.011608,0.219725,0.0012135,0.2107318,0.1567038,0,0,0.110233,0,0,0,0.0491042
DW31240411301645,0.236688,0.0032408,2.2376446,0,0.361658,0,0,0,0,0,0,0.001087,0.4922745,0.0256245,0.023233,0,1.3909035,0.0056255,0.081118,0.1235905,0,0,0,0,0,0,0
DW31240663106395,0.0076335,0.1552268,0.1602635,0,0.093056,0,0,0,0,0,0,0,0.2480283,0.567383,0.007366,0,0.1639195,0,1.0538919,1.9223243,0,0,0,0,0,0,0
DW31240663105264,0.098384,0.0015728,1.9048014,0.2919913,0.1734427,0,0.00494,0.0377995,0,0,0.0354578,0.0002486,0.7469455,0.0106815,0,0.011313,0.6476665,0.006146,0.4957565,0.306266,0.0006675,0,0.0001575,0,0,0,0.0227108
DW31240663105415,0,0.022585837,0.172077965,0,0,0,0,0,0,1.431191625,0,0,0.095468465,0.25867569,0,0,0.00470459,0,0.9189054,1.05191933,0,0,0,0,0,0,0
DW31240510808604,0.010175,0.0001696,3.3572672,0.0278678,0.1204775,0,0.0003885,0.4355885,0,0,0.0530318,0.0189615,0.0347293,0.0382542,0,0,0.0910915,0,0.1395895,0.1674195,0.005629,0,0.1210158,0,0,0,0
DW31240663106491,0.1212345,0.025321,0.8531424,0.0118587,0.200992,0,0.0304735,0.1373875,0,0,0.0156388,0.0007386,0.392303,0.0493158,0.0316795,0,0.397422,0.0190093,1.983994,0.3445332,0.0164425,0,0.0857435,0,0,0,0.0069854
DW31240411302256,0,0.3034811,0,0,0,0,0,0,0,0,0,0,0,0,0,0.1099846,0,0,0.5662907,2.641342,0,0,0,0,0,0,0
DW31240411303713,0.0482915,0.0038993,2.4905844,0.0472535,0.0488175,0,0.0009475,0,0,0,0.0806986,0,0.8689067,0.0847885,0,0.029405,0.129488,0.0053145,0.313335,0.673659,0.000783,0,0,0,0,0,0.0051136
DW31240411303760,0.0518247,0.0003565,2.1284845,0.2158517,0.193039,0,0.025503,0.2061,0,0,0.0175122,0.0064187,0.7593652,0.0158695,0,0.019684,0.2770175,0,0.2911771,0.3740253,0.0069695,0,0.2027035,0,0,0,0.0266794
DW31240510802803,0.0294875,0.0024612,3.8251141,0.0008495,0.1836797,0,0.011969,0.0740995,0,0,0.021262,0.0084242,0.0796203,0.0683545,0.0003825,0,0.0277545,0.015027,0.1465753,0.2650872,0.0761853,0,0.0535255,0,0.000255,0.0008001,0
DW31240510802883,0.0303988,0.0005023,3.762621202,0.1039745,0.0407602,0,0,0.087585,0,0,0.0216062,0.0023585,0.3532145,0.0061905,0,0,0.050552,0,0.3574648,0.023107,0.08804,0,0.0211463,0,0,0,0
DW31240510802898,0.1457663,0.01501,0.7280209,0.0781903,0.1886265,0,0.029383,0,0,0,0.0217584,0,0.7697864,0.0881365,0.0069095,0,0.1717445,0.0450375,2.1786145,0.3282565,0.013623,0,0,0,0,0,0
DW31240510805317,0.0336078,0.0072241,2.9648163,0.0119423,0.1710245,0,0,0.0479895,0,0,0.06978,0.007634,0.1607329,0.1501069,0,0.0011685,0.0068085,0.0998075,0.9794365,0.0803443,0.004979,0,0.0179305,0,0,0,0.0060588
DW31240510807729,0.0416515,0,3.675809701,0.2076802,0.1002815,0,0.0344005,0.195279,0,0,0.0407822,0.0121527,0.0977629,0.010912,0,0.014616,0.0255475,0,0.107209,0.1320793,0.0049095,0,0.0566162,0,0,0,0.0070806
DW31240510807748,0.0696715,0.0041749,3.7735176,0.0007965,0.2890497,0,0,0.038235,0.000878,0,0.049695,0.0022692,0.1684513,0.0534959,0,0,0.009187,0.01206,0.1240438,0.1774683,0.0055055,0,0.0739615,0,0,0,0.00495
DW31240510809962,0.048699,0.0006106,2.4743981,0.2629002,0.3327408,0,0.0118095,0.0821715,0.010227,0,0.0327948,0.0007629,0.709095,0.0102575,0.007752,0.0048555,0.3105105,0.0546362,0.2073602,0.1357347,0.00299,0,0.0450375,0,0,0,0.0158988
DW31240510809984,0.019638,0.0677524,0.000843,0,0,0,0,0,0,0,0,0,0.037454,0,0.007613,0,0.1205215,0.2917,2.934474,1.2489942,0,0,0,0,0,0,0
DW31240510810037,0.1096098,0.0103924,2.8763677,0.1388635,0.0795055,0,0.004437,0.000104,0,0,0.005182,0.0005077,0.532266,0.0043485,0,0.000404,0.187938,0.0179212,0.2093104,0.482752,0.005233,0,0.022301,0,0,0,0.1001668
DW31240510810077,0.1055892,0.000258,2.1405221,0.7627901,0.171641,0,0.039067,0.0021975,0,0,0.0735718,0.0052581,0.5356698,0.0854304,0,0.036394,0,0,0.2502043,0.1761965,0.037125,0,0.0435213,0,0,0,0.1327476
DW31240510802025,0.0257053,0.0010898,1.0925845,0.1348148,0.0208655,0,0.000494,0,0,0,0.0272144,0,1.4254705,0.0230605,0,0,0.0951865,0.00466,0.7742537,0.8666495,0.000538,0,0,0,0,0,0.1462254
DW31240510809085,0.0181185,0.0017821,3.7753174,0.0159726,0.2630413,0,0.0012347,0.220328,0.008934,0,0.0460542,0.0123632,0.143952,0.0385037,0,0.000117,0.0060325,0.005697,0.1030252,0.069192,0.001912,0,0.0906175,0,0,0,0
DW31240510802989,0,0.243671,0,0,0,0,0,0,0,0,0,0,0.0052475,0.350365,0,0,0,0,1.8524965,1.5484598,0.025077,0,0,0,0,0,0
DW31240510807050,0.2168975,0.0398868,1.640423,0,0.1611415,0,0.007091,0,0,0,0.0585384,0,0.726055,0.2621945,0.0715285,0.013175,0.2037715,0.0514,0.52121,0.7211738,0.0027085,0,0,0,0,0,0
DW31240510802801,0.031889,0.0252785,1.1101153,0.1143108,0.0486745,0,0.005283,0,0,0,0.0300708,0,0.9616305,0.013715,0.0147405,0,0.059153,0.059467,1.3240151,1.038147,0.011541,0,0,0,0,0,0
DW31240510809053,0,0.1873238,0,0,0,0,0,0,0,0,0,0,0.3497975,0,0,0,0.021722,0.0653995,2.978165,0.6222715,0.026025,0,0,0,0,0,0
DW31240510806717,0.072145,0.0033999,2.4105712,0.1198107,0.1294248,0,0.0090075,0.0111395,0,0,0.0163394,0.0016193,0.7511114,0.008838,0.0063945,0.000799,0.2705695,0.0053752,0.5599983,0.3912607,0.026303,0,0.0231105,0,0,0,0.0317998
DW31240510806665,0.0358389,0.0343907,2.2111575,0.0653131,0.008925,0,0.0094725,0.0189955,0,0,0.015005,0.0055977,1.1077295,0.039828,0,0.0144545,0.1977935,0,0.4882343,0.5015165,0.00732,0,0.00162,0,0,0,0.0257918
DW31240411301123,0.0151205,0.0180579,1.3248247,0.0748775,0.0724525,0,0,0.009401,0,0,0.0191114,0.0006871,0.8471114,0.055698,0,0.0071705,0.1210635,0.0003505,0.9752333,1.2774925,0.0009,0,0.013771,0,0,0,0.0133626
DW31240411301654,0.079538,0.0028375,3.1940599,0,0.245437,0,0.0043305,0.265035,0,0,0.0122334,0.0054279,0.1326118,0.044336,0.006929,0.001042,0.1720715,0,0.279069,0.337036,0.009473,0.013905,0.023706,0,0,0,0
DW31240663105470,0.0091481,0,3.5716835,0.0820625,0.386541,0,0.0065433,0.213882,0.01243,0,0.0034766,0.0324149,0.0572791,0.1815175,0,0.001004,0.025689,0,0.0814212,0.0386797,0,0,0.1268152,0,0.000716,0,0.0014374
DW31240663105395,0.0145842,0.0024717,3.4722545,0.1009382,0.0755142,0,0.0012145,0.1468895,0,0.0030845,0.0098662,0.0152268,0.3142876,0.010276,0.0005825,0.00018,0.027473,0,0.2984835,0.2264421,0.1440242,0,0.0165055,0,0,0,0.00466
DW31240663105469,0.0216165,0.0018246,1.5007974,0.4158615,0.097862,0,0.0048745,0.0562199,0,0,0.001534,0.0021951,1.052383,0.0133437,0.0007725,0.0641769,0.8248728,0,0.2176167,0.141034,0.3945449,0,0.0119215,0,0,0,0.0261838
DW31240663105486,0.005004405,0,0.444901799,0,0,0,0,0.263003345,0,1.84887492,0.001870426,0.043808921,0.01213799,0.00748251,0.019891605,0,0,0,0.003864834,0,0,0,0,0,0.037346675,0.004449741,0
DW31240411301799,0.0103125,0.0001789,4.4430901,0.0001775,0.0849553,0,0,0.1554431,0,0,0.0057212,0.0081818,0.0791465,0.000785,0,0,0.0089615,0,0,0.02722,0,0,0.0873155,0,0,0,0
DW31240510805144,0,0.1432211,0,0,0,0,0,0,0,0,0,0,0.3658205,0.0310275,0,0,0.126154,0.0445015,2.1158135,1.6005775,0,0,0,0,0,0,0
DW31240663106455,0.009023,0.0006183,3.9580115,0.0320227,0.1384943,0,0.007565,0.213532,0,0,0.0482686,0.0079904,0.0621155,0.0071165,0,0.0016895,0.030266,0,0.009597,0.054428,0.001062,0,0.2925658,0,0,0,0.00077
DW31240510810063,0.0223525,0.0050393,0.591526,0.0143631,0.020597,0,0.000607,0,0,0,0.0003398,0,2.4468003,0.0181855,0.0144,0.001162,0.843267,0.000953,0.5191565,0.4066302,0.0010785,0,0,0,0,0,0.0233964
DW31240411302813,0,0.0649798,0,0,0,0,0,0,0,0,0,0,0.011361,0.1187535,0,0,0.0027755,0.049382,1.7718855,2.705671002,0,0,0,0,0,0,0.006109
DW31240510809894,0,0.0803669,0,0,0,0,0,0,0,0,0,0,0,0,0,0,0,0.053167,4.5432185,0.00178,0,0,0,0,0,0,0
DW31240510810103,0.187255,0.0069161,3.1059188,0.01084,0.128545,0,0.000603,0.0220135,0,0,0,0.004102,0.3747333,0.0255324,0.0684735,0.000107,0.087194,0,0.4356835,0.356678,0,0,0.0961655,0,0,0,0.0095458
DW31240510807738,0.1482245,0.0634127,1.1835201,0,0.0437555,0,0.0010065,0,0,0,0.0083078,0,0.245702,0.271368,0,0,0.0163045,0,0.9508185,1.7988415,0,0,0,0,0,0,0
DW31240510806516,0.064378,0.0004627,3.159351501,0.1265352,0.221516,0,0.0302695,0.410912,0.0480285,0,0.01553,0.0165384,0.1305633,0.0682814,0,0.021414,0.014274,0,0.0570817,0.1607764,0.002898,0,0.248196,0.0055481,0,0,0.0003926
DW31240411301076,0.3347255,0.0142106,0.003267,0.140743,0.015121,0,0.0029465,0,0,0,0,0,1.282081,0.06626,0.019206,0,1.1504615,0.161332,0,1.275865,0.003922,0,0,0,0,0,0.1892066
DW31240663106402,0,4.8496482,0,0,0,0,0,0,0,0,0,0,0,0,0,0,0,0.0128555,0,0.0221015,0,0,0,0,0,0,0
DW31240411301631,0,0.667146,0,0,0,0,0,0,0,0,0,0,0.0272015,0,0,0,0.1417485,0,0.0903393,1.3971027,0.007878,0,0,0,0,0,0
DW31240510807758,0,0.3500151,0,0,0,0,0,0,0,0,0,0,0,0.0454795,0,0,0,0,2.567041,0.637404,0,0,0,0,0,0,0
DW31240411301820,0,0.112029,0,0.0135066,0,0,0,0,0,0,0,0,0.4747465,0.0529925,0,0,0.2862485,0.6536475,2.3090515,0.63554,0,0,0,0,0,0,0
DW31240510802085,0.022111,0.2346031,0.2838114,0,0.013602,0,0.0731915,0,0,0,0.0127394,0,1.3357737,0.0097775,0.0926505,0,0.3299728,0,1.9482535,0.5758103,0.0212895,0,0,0,0,0,0
DW31240411301731,0.0572135,0.0184187,2.3623331,0.0286997,0.1818495,0,0,0.12188,0,0,0.0127252,0.0083088,0.452104,0.0499311,0.007395,0.001281,0.67406,0,0.621636,0.0852315,0,0,0.110344,0,0,0,0.0027402
DW31240510805133,0,0.1816308,0.0171515,0,0,0,0.053871,0,0,0,0,0,0.2062205,0.0270975,0,0,0.026516,0.068218,2.8622982,0.830473,0,0,0,0,0,0,0
DW31240663106500,0.004244,0.0296043,0.052729,0,0,0,0,0,0,0,0,0,0,0.008805,0.0017645,0,0.0103565,0.032989,4.653184802,0.0879055,0,0,0,0,0,0,0
DW31240663106484,0.0624626,0.0074725,1.7142701,0.0171644,0.114944,0,0.0015278,0,0,0,0.022568,0,1.0770343,0.0149564,0.008334,0.006994,0.2664415,0.0864223,0.9263525,0.5430788,0.00111,0,0.0036235,0,0,0,0.021044
DW31240411301715,0.0860078,0.0061733,2.0391192,0.2360148,0.072995,0,0,0.015704,0,0,0.0531774,0.0006671,0.8213343,0.005305,0.003929,0.0060156,0.2269135,0.006602,0.178513,0.6853535,0.0139215,0,0.014437,0,0,0,0.0772164
DWO31240411301108,0.0474895,0.0330227,2.8053407,0.0016095,0.03468,0,0,0.017134,0,0,0.0516436,0,0.2054868,0.016904,0,0,0.16531,0,0.948234,0.437725,0,0,0.025864,0,0,0,0
DW31240411302287,0,0.1318388,0.230121,0,0,0,0,0,0,0,0,0,0.0145,0.552602,0,0,0.0008675,0.0652105,0.2298185,3.2476865,0,0,0,0,0,0,0
DW31240411303785,0.0191608,0.1177151,0.6510114,0,0.029832,0,0.0194412,0.0290045,0,0,0.008083,0.000809,1.0678157,0.2943765,0,0,0.3195525,0.0665995,1.1799403,0.540932,0.009375,0,0.001929,0,0,0,0.0099986
DW31240510806496,0.0136265,0.000498,3.8437057,0.0036856,0.189914,0,0.0045727,0.092966,0,0,0.0178942,0.1060211,0.0139735,0.1269809,0,0,0.006253,0,0.0596873,0.0512103,0.00244,0,0.2415297,0.0142608,0.0084306,0,0
DW31240510808902,0.1389679,0.0021851,1.745619,0.2741952,0.1782105,0,0.087902,0.198655,0,0,0.0193864,0.0153032,0.478897,0.010919,0,0.0128528,0.1415065,0.027753,0.747753,0.1551945,0.1508565,0,0.2697935,0.001334,0,0,0.0263196
DW31240510809831,0.0232805,0,3.626602501,0.0791322,0.085879,0,0.0034282,0.1213185,0.026571,0,0.0205658,0.0084338,0.2085175,0.031812,0.0006975,0.0064925,0.0203705,0.001311,0.184842,0.2615983,0.0018,0,0.153198,0,0.0009999,0,0.0067966
DW31240510809965,0,0.0221315,0,0,0,0,0,0,0,0,0,0,0,0,0,0,0,0,4.8893425,0,0,0,0,0,0,0,0
DW31240510809976,0.1198383,0.1477216,0.11499,0,0.0005215,0,0,0,0,0.0031673,0,0,0.1890712,0.0268965,0.008673,0,0.2988555,0.1227325,2.8033563,0.5518717,0.008748,0,0,0,0,0,0
DW31240510802850,0.002619,0.1007151,0.0201385,0,0,0,0,0,0,0,0,0,0,0.369277,0.0155098,0,0.006022,0.0045195,2.7888618,1.2274378,0,0,0,0,0,0,0
DW31240510808955,0.0411945,0,3.1409296,0.574218,0.1627875,0,0.010483,0.3192205,0.0133235,0,0.010307,0.0082327,0.185145,0.002478,0,0.0087365,0.0693925,0,0.0708775,0.0365453,0.0157775,0,0.126735,0,0,0,0.037032
DW31240510808166,0.013166,0.1045719,0.021091,0,0.0346345,0,0,0,0,0,0,0,0.0324705,0.100746,0,0,0.0303215,0.0115015,2.085801,2.1474087,0,0,0,0,0,0,0
DW31240510806533,0.0607315,0.0177056,2.7246373,0.0102134,0.1365028,0,0.0029495,0.074074,0,0,0.0515144,0.0042806,0.4812867,0.056054,0.005823,0.007778,0.1134205,0.0116208,0.6018688,0.3696292,0,0,0.0254433,0,0,0,0.0049726
DW31240510808904,0.077227,0.019031,2.2963439,0.0119518,0.1505945,0,0.000476,0.0208505,0,0,0.011984,0.0003499,0.802081,0.040435,0.007722,0.0162125,0.3418915,0,0.3694396,0.5646615,0.0087495,0,0.0971595,0,0,0,0.002381
DW31240411301776,0.065558,0.0204184,2.9782944,0,0.1179255,0,0.001228,0,0,0,0.008266,0.0014159,0.1701923,0.0432875,0.0236625,0,0.3577585,0,0.7107755,0.3869763,0,0,0.007028,0,0,0,0
DW31240663106427,0,0.3119182,0,0,0,0,0,0,0,0,0,0,0,0,0.0173286,0.017772,0,0.155333,1.6164431,1.7850175,0,0,0,0,0,0,0
DW31240510809958,0.0623065,0.0211194,0.0786861,0.0781203,0,0,0,0,0,0,0,0,0.4232225,0,0.045406,0,0.0266665,0.1239663,3.539575299,0.195546,0.1348366,0,0,0,0,0,0.0296864
DW31240663105388,0.0720045,0.0254865,1.3290341,0.0544543,0.0748425,0,0.0011995,0.000656,0,0,0.032392,0,0.616854,0.0373263,0.0087585,0.0064055,1.2761635,0,0.3944847,0.8584485,0.0089965,0,0.0013405,0,0,0,0.0133212
DW31240411303652,0,0.1318402,0.003585,0,0,0,0,0,0,0,0,0,0.2459935,0,0.016,0,0.302213,0,0.7481182,3.0097395,0.0151495,0,0,0,0,0,0
DW31240510802012,0,0.087993,0,0,0,0,0.010768,0,0,0,0,0,0.3141225,0,0,0,0.3104775,0,3.4234345,0.1944495,0,0,0,0,0,0,0.1227132
DW31240510807737,0.0913645,0.0488186,0.7942164,0.0212775,0.06782,0,0,0,0,0,0.0057476,0,0.5471745,0.222862,0.0053745,0,0.5484705,0.148108,0.9139478,1.366211,0,0,0,0,0,0,0
DW31240510808886,0.1238405,0.0016829,2.4672337,0.0163057,0.31365,0,0.028325,0,0,0,0.0329136,0.0015837,0.385029,0.713841,0.001377,0,0.005813,0,0.1425197,0.275725,0.0034715,0,0,0,0,0,0
DW31240510801977,0.0738288,0.2608999,0,0,0,0,0,0,0,0,0,0,0.0857165,0.1520215,0,0,0.2907855,0.2111705,2.121676,0.779666,0.0174055,0,0,0,0,0,0
DW31240510802969,0.1094135,3.16E-05,3.3808327,0.01609,0.2095805,0,0.000195,0.0029745,0,0,0.059449,0.000874,0.3988998,0.0763164,0.056823,0,0.0224105,0.009638,0.1945497,0.2615255,0,0,0.0360815,0,0,0,0.0218508
DW31240510802995,0.214347,0.0138837,1.5869139,0.2926682,0.178885,0,0.0836195,0,0,0,0.0271512,0,0.811067,0.0099985,0.034882,0,0.868963,0,0.2356022,0.4489248,0.033895,0,0,0,0,0,0.0053922
DW31240663105318,0.0377965,0.0022457,3.5316338,0.0815809,0.148602,0,0.0125263,0.118842,0.0091705,0,0.0190264,0.0036435,0.1952251,0.135206,0.002379,0.000895,0.0745045,0.0091785,0.1201477,0.1954202,0.0148165,0,0.1037348,0,0.0010965,0.0011961,0.0032034
DW31240663105365,0,1.3362738,0,0,0,0,0,0,0,0,0,0,0,0.002974,0.0161514,0,0,1.1704155,0,1.2549945,0,0,0,0,0,0,0
DW31240510808932,0.4289623,0.0243063,1.5563412,0,0.0725165,0,0,0,0,0,0.0648618,0,0.554589,0.2229421,0.0038535,0,0,0,1.447488,0.100287,0.125803,0,0,0,0,0.004886,0.01332
DW31240411301639,0.0181625,0.2281782,0,0,0,0,0,0,0,0,0,0,0,0,0,0.002349,0.0260487,0,3.7420305,0.053152,0,0,0,0,0,0,0
DW31240510801999,0.010713,0.019368,2.4157642,0,0.2780505,0,0.0017255,0,0,0,0.091892,0.0026555,0.1466745,0.0026996,0,0,0.099069,0.0070593,0.0781785,1.59963,0,0,0.012339,0,0,0,0
DW31240510806511,0.0183385,0.2008277,0.74229,0,0.009492,0,0,0,0,0,0.0281214,0,0.310846,0.385514,0.0101985,0,0.3151515,0.000895,0.893981,1.231809,0.0050885,0,0,0,0,0,0.0007816
DW31240411302414,0,0.072991,0.056652,0,0,0,0,0,0,0,0,0,0.469765,0.572337,0,0,0.1126685,0,2.743609698,0.6800125,0,0,0,0,0,0,0
DW31240510802084,0.3118,0.1106617,0.3180597,0,0,0,0,0,0,0,0,0,1.003967,0,0.0140045,0,0.9668435,0.345997,0.715559,0.7376125,0.0328485,0,0,0,0,0,0
DW31240663105246,0.001976,0.090636,0.0492075,0,0,0,0.0012025,0,0,0,0,0,0.0687055,0.1256515,0.008509,0,0.007388,0.008312,3.242693703,1.033174,0,0,0,0,0,0,0
DW31240411301710,0,0.0449522,0.2078865,0,0,0,0,0,0,0,0.0049154,0,0.393813,0.0356645,0,0,0.091713,0.2020565,3.0235827,0.8082343,0,0,0,0,0,0,0
DW31240510801969,0.1031847,0.0010628,3.525074401,0.015284,0.11199,0,0.03328,0.2941961,0,0,0.0536508,0.011201,0.1991141,0.0386548,0.013202,0,0.0513715,0,0.1580248,0.0852263,0.0087385,0,0.1086546,0,0,0,0
DW31240510808918,0.0904413,0.009834,3.8842055,0,0.2710195,0,0,0,0,0,0,0,0.0260375,0.0927725,0.005278,0,0,0,0.415766,0.1653095,0,0,0,0,0,0,0
DW31240411301737,0.014553,0.0169126,1.9972879,0,0.0786705,0,0,0,0,0,0.0534082,0,0.2681135,0.0112135,0,0,0.5399405,0.070479,0.878979,0.9170185,0.0004975,0,0.001299,0,0,0,0
DW31240663105274,0.057395,0.0017662,3.5319493,0,0.1021545,0,0,0,0,0,0.1926756,0,0.1071165,0.0055,0,0,0.150234,0.1046633,0.0951405,0.193645,0,0,0.1165015,0,0,0,0
DW31240510808882,0.040934371,0,3.377717218,0.037114345,0.06111223,0,0.07524433,0.654506598,0,0,0.004229566,0.011649273,0.11606055,0.054216254,0,2.56E-05,0.052529635,0,0.055663062,0.049574347,0.008057105,0,0.14775446,0.004564507,0.000381501,0,0.001279284
DW31240510800126,0.0636235,0.0197595,3.362357,0,0.1626915,0,0,0.023828,0,0,0.0264234,0.0012106,0.0686695,0.0793644,0,0,0.193753,0,0.2545972,0.3347288,0,0,0.034676,0,0,0,0
DW31240510808856,0,0.0471025,0.317272,0.0232948,0,0,0,0,0,0,0,0,0.3247125,0,0.07989,0,0.0084615,0,3.369649,0.637419,0,0,0,0,0,0,0
DW31240510808958,0.416058,0.0618054,0.2262365,0.1163246,0.1001475,0,0.00332,0,0,0,0.0190616,0,1.092224,0.121479,0,0,0.0924672,0,0.8645285,1.2909628,0.002769,0,0,0,0,0,0.1233426
DW31240411301828,0.0387325,0.2965843,0.080024,0,0.014192,0,0,0,0,0,0,0,0.042535,0.0065725,0,0,0.30636,0,1.321957,1.7067058,0,0,0,0,0,0,0
DW31240663105458,0.2539412,0.0872162,1.627544,0,0.1558005,0,0,0,0,0,0.0028582,0.0058176,0.1367633,0.4093988,0.006949,0,0.6283605,0,0.4977945,0.751065,0,0,0.032967,0,0,0,0
DW31240663105220,0.1214,0.0255331,2.7105782,0,0.249341,0,0,0,0,0,0.010444,0,0.2262945,0.277346,0,0,0.2906295,0.1391635,0.0631725,0.6866325,0.0816665,0,0,0,0,0,0
DW31240510809121,0.024305,0.0680963,0,0,0,0,0,0,0,0,0,0,0,0,0,0,0.1066445,0,1.7037678,2.8248013,0,0,0,0,0,0,0
DW31240510802912,0.055216,0.0917343,0.7212255,0.0007065,0.0519045,0,0.0048855,0,0,0,0.0348606,0,0.4049796,0.3327288,0.0304655,0.0019735,0.1108505,0.0077722,0.8993588,1.8107936,0.0048055,0,0,0,0,0,0.0066044
DW31240510809921,0,0.0236526,0,0.0385442,0,0,0,0,0,0.2778421,0,0.1400062,0.8812557,0,0.1481008,0,0.7974865,0,0,0.0296385,0,0,0,0,0,0,0.0965356
DW31240510809959,0.0353443,0,3.9163384,0.0212882,0.0481865,0,0,0.3253565,0,0,0.0006282,0.0033048,0.0097927,0.1593626,0.012613,0,0.073816,0,0.0009685,0.0177905,0.0004264,0,0.2263497,0,0,0.0103392,0
DW31240663105455,0.0798625,0.016984,1.3265385,0,0.060139,0,0,0,0,0,0,0,0.0677185,0.1159625,0.0010505,0,1.02215,0,1.0530988,1.1704738,0,0,0.0180875,0,0,0,0
DW31240411302354,0.16331,0.1965234,0.595688,0,0.071464,0,0,0,0,0,0.0134518,0,0.4387068,0.0394745,0.046454,0,0.0302425,0,1.3487782,1.2496358,0,0,0,0,0,0,0
DW31240510802919,0,0.0006863,0,0,0,0,0,0,0,4.9109415,0,0,0,0,0,0,0,0,0.085627,0,0,0,0,0,0,0,0
DW31240210304726,0.007078,0.0045414,3.2675128,0.103204,0.1910753,0,0.00131,0.2889715,0.00583,0,0.0147914,0.0253482,0.3205305,0.0271445,0,0.003182,0.197666,0,0.069474,0.139389,0.0007425,0,0.1556073,0.0031715,0,0,0.0102494
DW31240210304737,0.0054735,0.0006122,3.1787058,0.0089134,0.2484785,0,0.0009325,0.580165,0,0,0.0043722,0.0225023,0.0310599,0.0562258,0,0.000328,0.0147827,0.0282095,0.0783665,0.0542328,0.001176,0,0.3605441,0.0021135,0.001453,0,0.0004324
DW31240210304811,0.029465,0.0009482,3.2296975,0.0828961,0.182354,0,0.0027335,0.3512001,0.0186115,0,0.0071418,0.0362521,0.2025047,0.0941698,0,0.010399,0.0857285,0.0013455,0.0424375,0.1171938,0.0005575,0,0.2385662,0.0006505,0,0,0.010318
DW31240411301581,0.041556,0.0008983,2.960566299,0.0178783,0.161961,0,0.00149,0.008529,0.008998,0,0.00495,0.0092192,0.396174,0.0130991,0.0213335,0.001913,0.2802109,0.00464,0.329525,0.5753015,0.0058565,0,0.0816265,0,0,0,0.0099078
DW31240411301744,0.0699715,0.0794391,0.8708185,0.0025385,0,0,0.000979,0,0,0,0.0014968,0,1.091423,0.04988,0.02577,0.0074035,0.481668,0.008493,0.8753225,1.0445955,0.0024455,0,0,0,0,0,0.0271018
DW31240411301783,0,0.025256,0,0,0,0,0,0,0,0,0,0,0,0.0230535,0,0,0,0.075395,3.412652,1.362619,0,0,0,0,0,0,0
DW31240411301807,0.1063608,0.0027905,3.1477067,0.1619124,0.0774067,0,0.002852,0.0595935,0.0006215,0,0.0051542,0.0094734,0.404941,0.000727,0.0018365,0.0153898,0.036095,0,0.2674624,0.4123547,0.000656,0,0.13172,0,0,0,0.0172302
DW31240411301871,0.0459655,0.0027699,0.958721,0.3211201,0.077629,0,0.0036438,0.0258035,0,0,0.0196306,0.0003122,2.2304572,0.004993,0.008098,0.0357065,0.1693915,0.0082772,0.5144975,0.3680405,0.0074475,0,0.020393,0,0,0,0.0392672
DW31240411302234,0.0104655,0.0278126,0.7128629,0,0.1160925,0,0.0068805,0.0216195,0,0,0.0054692,0.0001043,0.2990967,0.255136,0.0200845,0,0.085803,1.4004355,1.391014,0.5102777,0.006261,0,0,0,0,0,0
DW31240411302260,0.084102,0.0008125,3.3750354,0.0004255,0.333022,0,0,0.210612,0,0,0.0318018,0.0013372,0.2029377,0.030624,0,0,0.081184,0.0113105,0.3726748,0.1252438,0.0007465,0,0.0524473,0,0.0014088,0,0.005585
DW31240411302295,0,0.2869918,0,0,0,0,0,0,0,0,0,0,0,0,0,0,0,0,2.0795105,1.4855305,0,0,0,0,0,0,0
DW31240411302327,0.063066,0.0034689,2.3534099,0.2061324,0.0614135,0,0.0005588,0.061051,0,0,0.0099144,0.0024981,0.6718575,0.0012495,0.005997,0.012463,0.4892755,0.00356,0.3949545,0.4740073,0.001782,0,0.0299927,0,0,0,0.0332774
DW31240411302366,0.0120935,0.0825962,0.000545,0,0,0,0.0621425,0,0,0,0,0,0.1570145,0.007211,0,0,0.3467945,0,3.658862,0.3361005,0,0,0,0,0,0,0
DW31240411302392,0.0055647,0.010279,0.007306,0.0804513,0,0,0.000658,0,0,0,0,0,2.6293737,0.0013055,0.0095445,0.0137525,0.002946,0,1.2687578,0.194838,0.0004405,0,0,0,0,0,0.2914868
DW31240411302395,0.001707,0.0067676,2.545722,0,0.015776,0,0.001477,0,0,0,0,0,0.0553955,0,0,0,0.158995,0,2.140978,0,0.014313,0,0,0,0,0,0
DW31240411303282,0.132307,0.0015928,0,0.2063714,0,0,0.033074,0,0,0,0,0,2.465783,0.0043875,0.0006795,0.087556,0.0004425,0,0.2971855,0.1679718,0.0244545,0,0,0,0,0,0.5890662
DW31240411303287,0.0238635,0.1245442,1.044282,0,0.0258085,0,0,0,0,0,0,0,0.035659,0.5745725,0.05453,0,0.271466,0,0.490535,1.8565615,0,0,0,0,0,0,0
DW31240411303319,0,0.0792211,0,0,0,0,0,0,0,0,0,0,0.0728545,0.040498,0,0,0.0428045,0.0783065,4.064149,0.2879825,0,0,0,0,0,0,0.0069196
DW31240411303356,0.1070315,0.0062581,2.7013019,0.1060525,0.188432,0,0,0.1786825,0,0,0.0028596,0.0035518,0.589138,0.009764,0,0.014683,0.0850785,0.000593,0.3091847,0.320871,0,0,0.2425308,0,0,0,0.0148904
DW31240411303380,0.0038665,0.0810376,0,0,0,0,0,0,0,0,0,0,0.0090861,0.1003065,0.6237908,0,0,0,2.7198452,1.1291392,0,0,0,0,0,0.0009378,0
DW31240411303406,0.0425252,0.001839,3.038908901,0.0814466,0.0493035,0.0003726,4.85E-05,0.1543305,0,0,0.0084016,0.0160528,0.2298792,0.0493893,0.005988,0.000635,0.1587175,7.75E-05,0.5456987,0.2853795,0.0098145,0,0.2025905,0,0,0,0.020452
DW31240411303415,0.0514485,0.0097272,4.131123,0.0153772,0.0699687,0,0.000572,0.198973,0,0,0.0048578,0.0131532,0.061534,0.0242571,0,0.0001265,0.0134835,5.20E-05,0.0649194,0.0735778,0.005164,0,0.1150002,0,0,0,0
DW31240411303587,0,0.0479386,0.013567,0.0010715,0,0,0,0,0,0,0,0,1.147293,0.005194,0.007487,0.0087405,0.018798,0.1303735,3.0286613,0.3815772,0,0,0,0,0,0,0.0070174
DW31240411303682,0.028813,0.0758592,0.1985185,0.0484605,0.003866,0,0,0,0,0,0.0018464,0,0.290221,0,0,0.010855,0.240765,0,3.613059,0.1589995,0,0,0,0,0,0,0
DW31240411303716,0.014581,0.0028287,3.5443617,0.0200739,0.2278565,0,0.0016995,0.2391595,0.0122915,0,0.0162004,0.0075059,0.173965,0.003075,0.0007275,0,0.0803495,0.0022555,0.320382,0.1076173,0.0017745,0,0.1002432,0,0,0,0.0053932
DW31240411303724,0.0704038,0.0017384,2.3138132,0.4360515,0.0980402,0,0.012272,0.161649,0.006472,0,0.0192018,0.0160853,0.883843,0.0301872,0.0012035,0.0303395,0.1451645,0,0.3215088,0.1310354,0.0014569,0,0.1327005,0.0015406,0,0,0.0200148
DW31240411303732,0.0244282,0.0039676,3.1205135,0.025962,0.118281,0,0,0.0434475,0,0,0.0227792,0.0008527,0.3489062,0.002441,0,0,0.1546325,0.0645412,0.493297,0.4665857,0.0008755,0,0.0348835,0,0,0,0.000859
DW31240411303736,0,0.1045649,0.003091,0,0,0,0,0,0,0,0,0,0.6525023,0.0186415,0.003304,0,0.0372185,0.2177308,2.034377,1.4957115,0,0,0,0,0,0,0
DW31240411303762,0.2724695,0.0204901,1.8467802,0.0187601,0.028067,0,0.0005575,0.022997,0,0,0.025417,0.0011996,1.2563582,0.0697065,0.004962,0.007886,0.1611215,0.0149595,0.5166322,0.5525047,0,0,0.0435565,0,0,0,0.003061
DW31240411303780,0.1671605,0.0347493,0.8571165,0.1168851,0.009949,0,0.0009825,0,0,0,0,0,2.364399,0.0033555,0.007493,0,0.056218,0.0116863,0.548276,0.5250192,0.000478,0,0,0,0,0,0.0584834
DW31240411303886,0.0048115,0.0005588,0.5341707,0,0.0113235,0,0,0,0,4.051217,0,0,0.0211835,0,0,0,0.0017245,0,0.28773,0.085045,0,0,0,0,0,0,0
DW31240510802013,0.0410905,0.0264009,0.3623995,0.0175249,0.020731,0,0,0,0,0,0,0,2.5615035,0.0654325,0.0226281,0.006312,0.069899,0.1049635,0.8332505,0.6413557,0,0,0.0135155,0,0,0,0.0399142
DW31240510802135,0.024089,0.006017,3.3247755,0.010471,0.0532495,0,0.004837,0.0951915,0,0,0.036908,0.0015598,0.3091787,0.0569113,0.015008,0,0.187313,0.0002965,0.3063547,0.3842129,0.0003075,0,0.071505,0,0,0,0.001586
DW31240510802913,0.0595385,0.002203,3.4330637,0.0647816,0.20535,0,0.0074345,0.151191,0,0,0.005535,0.0018233,0.210928,0.0332377,0.0179525,0.0018135,0.092097,0.008206,0.1151913,0.2292122,0.034921,0,0.0408107,0,0,0,0
DW31240510804181,0.0579425,0.0214398,1.3518171,0,0.039255,0,0,0,0,0,0.0057418,0.0003726,0.0919629,0.079831,0,0.0033484,0.139752,0,1.327519,1.6902613,0,0,0.0329715,0,0,0,0
DW31240510805112,0,0.0873982,0,0,0,0,0,0,0,0,0,0,0.009976,0.193163,0,0.001112,0,0,4.020397,0.3383615,0,0,0,0,0,0,0
DW31240510805203,0.064874,0.0027855,0.7690116,0.2353247,0.0421595,0,8.35E-05,0.0008945,0,0.1771132,0.0038486,0.0001403,1.4537573,0.0033714,0.0040957,0.0272085,0.7237292,0.000343,0.5779108,0.4803327,0.0074335,8.79E-05,0.0011485,0,0,0,0.1291054
DW31240510805210,0.037849,0.1077955,0.053251,0,0.0045835,0,0,0,0,0,0,0,0.149437,0.044682,0.200918,0.0039535,1.8863615,0,0.7146512,1.3367155,0,0,0,0,0,0,0
DW31240510807735,0.1010333,0.0014598,2.533803,0.0229361,0.045834,0,0.0106917,0.008727,0,0.0399764,0.0293064,0.000652,0.9044812,0.0181197,0,0.032462,0.182468,0,0.4764499,0.4547942,0.0028135,0,0.00299,0,0,0,0.020299
DW31240510807751,0.0022515,0.0801733,0.067094,0,0.025579,0,0.0125665,0,0,0,0,0,0.1781205,0.109932,0.006888,0,0.0970015,0.11338,1.696534,2.2897865,0,0,0,0,0,0,0
DW31240510807772,0.0085602,0.0255249,0.1038884,0.0705167,0.00499,0,0.0045495,0,0,0,0,0,1.6522541,0.017019,0.0049725,0.0217775,0.1433555,0,2.2824672,0.2652158,0.006295,0,0,0,0,0,0.1080876
DW31240510808831,0,0.0374071,0,0.0048902,0,0,0,0,0,0,0,0,3.3226624,0,0,0,0.4032985,0,0.6331148,0.4416635,0,0,0,0,0,0,0
DW31240510808838,0,0.4249795,0,0,0,0,0,0,0,0,0,0,0,0.085856,0,0,0.037795,0.0145445,1.510664,1.0513872,0,0,0,0,0,0,0.0699426
DW31240510808843,0,0.0837622,0,0,0,0,0,0,0,0,0,0,0,0.0400535,0.1156431,0,0,0.0623865,3.554673995,0.731337,0,0,0,0,0,0,0
DW31240510808844,0,0.0793738,0,0.063739,0,0,0.0096825,0,0,0,0,0,2.384186,0,0,0,0.6299105,0,1.274788,0.1813295,0,0,0,0,0,0,0.0201556
DW31240510808857,0,0.0927978,0,0,0,0,0,0,0,0,0,0,0,0.157827,0,0,0,0.0353215,0.5849468,3.757916,0,0,0,0,0,0,0
DW31240510808875,0.062535,0.0325777,0.177762,0,0,0,0,0,0,0,0.0029286,0,1.5500413,0.0014335,0.046301,0.0238935,0.0732785,0.064208,2.1463847,0.6839525,0,0,0,0,0,0,0
DW31240510808878,0.0551895,0.1230159,0.1171885,0,0.051486,0,0.0374435,0,0,0.060746,0,0,0.24766,0,0,0,0.479033,0,2.335581,0.835689,0.007119,0,0,0,0,0,0
DW31240510808879,0.299061,0.0019279,1.2641387,0.0057035,0.065056,0,0.0020425,0.0052835,0,0,0.0017286,7.56E-05,1.0136305,0,0,0.0089865,0.1868525,0,1.5556668,0.475531,0.018336,0,0.003759,0,0,0,0.0275376
DW31240510808890,0.0311965,0.0002521,3.6575866,0.0368524,0.142381,0,0.009489,0.1536205,0.0105415,0,0.0155136,0.005535,0.2690293,0.009049,0,0,0.0697195,0.007464,0.2684429,0.0307409,0,0,0.0763677,0,0,0,0.0120978
DW31240510808911,0.263397,0.0338331,0,0,0,0,0,0,0,0,0,0,0.5576185,0,0,0,1.0977435,0.1184205,2.3053275,0.488327,0,0,0,0,0,0,0
DW31240510809835,0.086115,0,3.56277,0.114937,0.1350625,0,0.003904,0.166764,0.016653,0,0.027617,0.0022974,0.0650842,0.0188535,0,0,0.019397,0,0.0226038,0.0729643,0.040781,0,0.3308135,0,0,0,0.0035172
DW31240510809884,0.033683,0.0073,3.0443428,0.0924791,0.14398,0,0,0.116498,0.027186,0,0.0135058,0.0069824,0.3979695,0.0158681,0.016674,0.0080565,0.274109,0,0.360671,0.145847,0.003578,0,0.113914,0,0,0,0.005964
DW31240510809907,0.023764,0.1476273,0.5278225,0,0.0409315,0,0,0,0,0,0.0042492,0.0013353,0.0584335,0,0,0,0.0325525,0,3.212296,0.3251065,0,0,0.023657,0,0,0,0
DW31240510809931,0,0.006145,0.001346,0,0,0,0,0,0,0,0,0,3.5692937,0.0137745,0,0.0307095,0.0018845,1.0374623,0.09752,0.2172848,0,0,0,0,0,0,0
DW31240510809974,0.0275825,0.0209331,2.1383372,0.1565625,0.0278625,0,0.0148,0.1114349,0,0,0.002839,0.0013931,0.79876,0,0,0.0125945,0.1153635,0.0995592,0.9834213,0.225316,0.0037475,0,0.016607,0,0,0,0.0386724
DW31240510809991,0.0286967,0.0044263,0.2158646,0.0545317,0.005912,0,0.0003135,0.0024515,0,0,0.0012474,0,2.1072724,0,0.018742,0.042744,0.2675445,0.023832,1.7916302,0.2753795,0.001561,0.0018735,0.002499,0,0,0,0.0405844
DW31240510809994,0.018544,0.0027375,0.7346598,0.1336041,0.010657,0,0,0,0,0,0.014142,0,0.819458,0,0.0013915,0.003731,0.174953,0.0474937,1.4556235,0.8880538,0.0018125,0,0,0,0,0,0.2604748
DW31240510809995,0.0908935,0.0028021,3.8803579,0.1654375,0.0844665,0,0.0011585,0.043565,0,0.0005904,0.0035332,0.0006441,0.1038255,0.0132585,0.000717,0.0028205,0.106779,0,0.22443,0.2213503,0.0022275,0,0.0196575,0,0,0,0.000981
DW31240510810006,0,0,0.0698635,0,0,0,0,0,0,0,0,0,0.230269,0,0,0.0442947,0.9611694,0,3.4774082,0.1791955,0,0,0,0,0,0,0
DW31240510810034,0.313029,0.3935809,0.04753,0,0,0,0,0,0,0,0,0,0.2795235,0,0,0,1.3692815,0,0.948266,0.074466,0,0,0,0,0,0,0
DW31240510810035,0,0.0554631,0,0.1374945,0,0,0.0102225,0,0,0,0,0,0.023256,0,0,0,0.0204975,0,4.530213,0,0.0277725,0,0,0,0,0,0.0368538
DW31240510810068,0.1049003,0.0004743,1.0939555,0.0698279,0.0141575,0,0.0471655,0.020426,0,0,0.0491996,0.0018489,1.5703875,0.01642,0.02251,0.0373735,0.2328005,0,0.931696,0.4761399,0.0894713,0,0.008162,0,0,0,0.0424008
DW31240510810072,0,0.9235035,0,0,0,0,0,0,0,0.0954388,0,0.0045189,0,0,0,0,0,0,0,0.1497695,0,0.0358929,0,0,0,0,0
DW31240510810084,0.004477,0.021288,0.1119093,0,0.001809,0,0.0105065,0,0,3.5077402,0,0,0.0381422,0.0094885,0,0,0.0971128,0.0059725,1.0123405,0.07945,0,0,0,0,0,0,0
DW31240510810095,0.1375108,0.0112691,1.7547243,0,0.0684455,0,0,0.0873865,0,0,0.0151732,0.0013959,0.039966,0.42999,0.0252885,0,0.966485,0.002272,0.1271961,1.2370208,0,0,0.022457,0,0,0,0
DW31240510810441,0.060514805,0.008294361,1.786468215,0.000572635,0,0,0.201723649,0.09366264,0.29595396,0,0.006903432,0.003940532,0.039709885,0,0,0,0.01204435,0,1.456451305,0.006763595,0,0,0.009251685,0,0.001538365,0,0
DW31240510801287,0.0095055,0.0104918,0.1724972,0.0358689,0.0082575,0,0,0,0,0,0.0004538,0,1.845568,0.01464,0.0020635,0.005607,0.2473905,0.0402627,2.232465,0.168052,0.0004505,0,0,0,0,0,0.0643578
DW31240510801484,0,0.0366761,0,0,0,0,0,0,0,0,0,0,0.3252555,0.019751,0,0,0.020099,0,4.1307904,0.3207235,0,0,0,0,0,0,0
DW31240510801859,0,0.019577,0,0,0,0,0,0,0,0,0,0,0.037546,0,0,0,0.0056205,0,4.7106935,0.1482555,0,0,0,0,0,0,0
DW31240510802057,0.053597,0.0011806,0.5055201,0.1936371,0.046388,0,0.025337,0.047196,0,0,0.0077228,0,2.6145026,0.007142,0.0024715,0.0488605,0.198353,0.009456,0.5330575,0.2812252,0.0338048,0,0.003341,0,0,0,0.1184246
DW31240510802105,0.0184878,0.0010882,1.4267361,0.3554672,0.099344,0,0.0030955,0.009468,0,0,0.0209454,0,1.3209283,0.0099644,0,0.025256,0.160408,0.0139835,0.4354437,0.7477667,0.0109727,0,0.006008,0,0,0,0.0883466
DW31240510802108,0,0.0997349,0.127378,0,0,0,0,0,0,0,0,0,0.5455945,0,0,0.0391635,1.0850777,0,2.3904832,0.3136285,0,0,0,0,0,0,0
DW31240510802797,0.093053,0.0366504,3.435481399,0,0.1067685,0,0.0027055,0.01724,0,0,0.0112866,0.000843,0.1827465,0.0021715,0.081383,0,0.1181925,0,0.2033022,0.4499145,0,0,0.03389,0,0,0,0
DW31240510802884,0.034335,0.0050026,0.7316008,0.0185882,0.0397471,0,0,0,0,0,0.1228108,0.0048605,0.3386275,0.0018005,0.0082055,0,0.280549,0,2.2733656,0.201421,0,0,0.0160775,0,0,0,0
DW31240510802918,0.0361023,0.00252,3.846150698,0.0085482,0.0556635,0,0,0.068418,0,0,0.0038916,0.0011528,0.1681041,0.017158,0.0016915,0.0013859,0.1096865,0,0.1195649,0.3278562,8.45E-05,0,0.1701512,0,0,0,0.0034228
DW31240510802937,0.0176745,0.0041605,0.5163865,0,0.0122105,0,0,0,0,0,0.0006666,0,2.0748073,0.012181,0,0,0.113504,0,1.9124251,0.318342,0,0,0,0,0,0,0
DW31240510802993,0.005824,0.01237,0.3993895,0.0258426,0.054469,0,0,0.031422,0,0,0.0090644,0.0005622,1.1168533,0.0160265,0,0.005789,1.871306,0.0147045,0.6897914,0.6038265,0,0,0.013516,0,0,0,0.0223552
DW31240510807789,0.020014,0.0276432,0.522241,0.0017015,0.015565,0,0,0,0,0,0,0,1.8346165,0.0372145,0,0.0580815,0.199408,0.0829492,1.6263932,0.4253103,0,0,0,0,0,0,0.015316
DW31240510809101,0.01569,0.1512808,0.0123665,0,0,0,0,0,0,0,0,0,0.0905865,0.002646,0.0035556,0.1307095,0.0189175,0,2.9720662,0.9946878,0,0,0,0,0,0,0
DW31240510801225,0.0041247,0,2.6348655,0.2681028,0.084981,0,0,0.1200891,0,0.8174786,0.0243172,0.0019033,0.2435597,0.001117,0,5.25E-05,0.1007012,0.003211,0.050101,0.2000933,0.0069052,0,0.0808658,0,0,0,0.012427
DW31240510802946,0.048211,0.0016409,2.316358,0.0432522,0.0349458,0,0.0162505,0.116855,0,0,0.0008824,0.004255,0.9470905,0.006165,0,0.0036095,0.0777617,0.129835,0.6520305,0.378324,0.0007385,0,0.0868285,0,0,0,0.0416038
DW31240510802991,0.0017325,0,0.3488995,0.0422529,0.007476,0,0,0.009963,0,4.0158084,0.0031506,0.0013272,0.2144245,0,0.0019505,0.0024009,0.062202,0,0.0640802,0.0858465,0.004365,0,0.003564,0,0,0,0.0118784
DW31240510802996,0,0.035767,0.188262,0,0,0,0,0,0,0,0,0,0.809399,0,0,0,0.3624015,0.074144,2.870818,0.512385,0.003755,0,0,0,0,0,0
DW31240510806974,0.0713555,0.0022936,3.4193809,0.05975,0.0676682,0,0.0194035,0.009612,0.0016195,0,0.0424438,0.0003943,0.6676227,0.0119403,0.000121,0.0012255,0.091156,0,0.233594,0.1501778,0.0168195,0,0.012237,0,0,0,0.0095614
DW31240510808943,0.0248455,0.0271715,0,0,0,0,0,0,0,0,0,0,0.039231,0,0,0,0.001253,0.049477,4.421761,0.3275745,0,0,0,0,0,0,0
DW31240510809072,0.022536,0.009895,0.1914458,0.0051694,0.16041,0,0,0,0,0,0,0,0.6592292,0.013925,0.0296265,0,1.489717,0,1.8911842,0.402631,0,0,0.003807,0,0,0,0
DW31240510808977,0.0712277,0.0042616,1.0106472,0.2547457,0,0,0,0,0,0,0.006256,0.0003098,1.5574795,0,0.077547,0,1.269418,0,0.107205,0.5990119,0.011265,0,0,0,0,0,0
DW31240510809115,0,0.0619098,0,0,0,0,0,0,0,0,0,0,0.0272245,0,0,0,0.0476838,0,0.787436,3.826936495,0,0,0,0,0,0,0
DWO31240510809016,0.010459,0.0382687,0.5630872,0.0226539,0.003258,0,0,0,0,0,0.0037302,0,1.612683,0.0024105,0.000995,0.0227725,0.336116,0,1.953928,0.2331247,0,0,0,0,0,0,0.013096
DWO31240510809008,0.0077425,0.0005391,4.4211962,0.0123401,0.067112,0,0.0061445,0.160369,0,0,0.0358246,0.0044702,0.030686,0.0050639,0,0,0.0244035,0,0.0594475,0.0124743,0.0313945,0,0.0298595,0,0,0,0
DW31240510803390,0.0460835,0.0052538,0.9012166,0.0933337,0.031843,0,0.0148845,0,0,0,0.0303206,2.39E-05,1.5026835,0.0067825,0.0345185,0.002605,0.1366035,0.0005485,1.5586913,0.388324,0.0240735,0,0.000192,0,0,0,0.0561934
DW31240510806473,0.0200995,0.0007517,4.0306944,0.018065,0.1144628,0,0,0.0393454,0,0,0.0170026,0.0029176,0.177291,0.0006285,0,0,0.034301,0,0.2664763,0.0827695,0,0,0.1312337,0,0,0,0
DW31240510806744,0.106799,0.001126,1.4510732,0.114659,0.1574175,0,0.0187722,0.012684,0,0,0.0279736,0.0003478,1.7436182,0.0011695,0.00139,0.0014825,0.227065,0,0.5176098,0.3489201,0.0087195,0,0.012777,0,0,0,0.0189122
DW31240510806753,0.0490515,0.0072811,2.3182129,0.1353299,0.121031,0,0.0101238,0.038977,0,0,0.0098966,0.0013211,0.4886452,0.030326,0,0.0072762,0.141894,0.01707,0.9977575,0.4791933,0.036939,0,0.0164595,0,0,0,0.0087332
DW31240411301090,0,0.0479204,0,0,0,0,0.0589785,0,0,0,0,0,0.1219755,0.2266405,0,0,0,0.0021565,3.6010625,0.7270325,0,0,0,0,0,0,0
DWO31240510808979,0.0198705,0.0135873,0.04816,0,0,0,0.0919255,0,0,0,0,0,0.0786705,0,0,0,0.308801,0,4.102942,0.157023,0,0,0,0,0,0,0.0498686
DW31240411301136,0,0.0016399,0.0022095,0.00166,0,0,0,0,0,4.7291925,0,0,0.091973,0.0239155,0,0.0028425,0.001329,0,0.0849475,0.051982,0,0,0,0,0,0,0.0006996
DW31240411301686,0,4.9647235,0,0,0,0,0,0,0,0,0,0,0,0,0,0.0025105,0,0.032766,0,0,0,0,0,0,0,0,0
DW31240411301751,0,4.9841012,0,0,0,0,0,0,0,0,0,0,0,0,0,0,0,0.012439,0.000677,0,0,0,0,0,0,0,0
DW31240411301629,0,0.0133865,0,0,0,0,0,0,0,4.683399,0,0,0.0554535,0.0141235,0,0,0.0024485,0,0.1011517,0.076491,0,0,0,0,0,0,0
DW31240411301756,0.003133,4.813025,0,0,0,0,0,0,0,0,0,0,0,0,0,0,0,0,0,0.1838425,0,0,0,0,0,0,0
DW31240510809013,0.0158275,0.0385808,1.4538767,0,0.0550905,0,0,0.009627,0,0,0.0194956,0,0.4278149,0.0692625,0.005401,0,0.587506,0,1.2742695,0.7445075,0,0,0.053498,0,0,0,0.0114174
DW31240510809020,0.0017485,0.0188208,0.151403,0.004881,0,0,0,0,0,0,0,0,0.2161985,0,0.002413,0,1.274296,0.0036465,2.458378,0.4606915,0,0,0,0,0,0,0.1328962
DW31240411301638,0.0117105,0.0014973,3.987773,0.196281,0.1258345,0,0,0.134363,0,0,0.0047362,0.0056582,0.0737229,0.000667,0,0.013653,0.0108455,0,0.1229417,0.0633065,0,0,0.1929663,0,0,0,2.68E-05
DW31240411301644,0,4.751261,0,0,0,0,0,0,0,0,0,0,0,0,0,0.149177,0.005107,0.0942085,0,0.0002465,0,0,0,0,0,0,0
DW31240411301809,0.174862,4.138385705,0,0,0,0,0,0,0,0,0,0,0,0,0,0,0,0,0,0.6848335,0,0,0,0,0,0,0
DWO31240510800094,0.0703757,0.007675,1.047442,0.0901307,0.1035265,0,0,0.0173335,0,0,0.0013088,0.0008399,1.1019705,0.119757,0.0030155,0,0.8103,0,0.8017265,0.6877039,0.045508,0,0.016529,0,0,0,0.0005384
DW31240510806697,0.0253575,0.0027355,2.5708143,0.2521935,0.043812,0,0,0.2260671,0,0,0.0057386,0.0018919,0.7932176,0.0109475,0,0.011564,0.094807,0,0.541251,0.1295823,0.00671,0,0.0341993,0,0,0,0.0617306
DW31240663105404,0.0774283,0.068827,1.0630647,0,0.095615,0,0,0,0,0,0,0,0.2802275,0.2830117,0.0529855,0,1.2012495,0.0034085,0.6997255,0.899149,0,0,0,0,0,0,0
DW31240663106319,0.065156,0.0118428,2.6969872,0.01521,0.0993775,0,0,0.0064155,0,0.0024609,0.0225118,0.0006094,0.350265,0.0454735,0.0014095,0,0.203145,0.002621,0.8632755,0.4244376,0,0,0.0005135,0,0,0,0.0003998
DW31240663106358,0.0033785,0,0.2025395,0.311488,0.0970085,0,0,0.003291,0,0,0.0053338,0,2.4625893,0.022557,0,0.00975,0.2457595,0,1.093493,0.282277,0.025043,0,0,0,0,0,0.0706308
DW31240663106482,0.032685,0.0525716,0.6373575,0.0144285,0.020575,0,0,0,0,0,0,0,0.511119,0.0453335,0,0,0.235312,0,1.2063218,1.8364732,0,0,0,0,0,0,0.0663048
DW31240663106523,0.025721,0.0346601,1.7625652,0.0237425,0.0385965,0,0,0,0,0,0.0071864,0,0.2986944,0.0131775,0,0.000412,0.147717,1.122391,0.9093335,0.4239882,0,0,0.023866,0,0,0,0.002726
DW31240663106547,0.0192735,0.0694303,0.3850101,0.0572314,0.012221,0,0,0,0,0,0,0,0.4524995,0.0788855,0,0.0003295,0.3310255,0.041848,1.2521548,1.7277238,0,0,0,0,0,0,0.1093716
DW31240663105447,0.0427605,0.0158614,3.0736274,0.0091813,0.0734945,0,0.002566,0.0217401,0,0,0.0109664,0.0010593,0.7986268,0.0020245,0.0009955,0.0074235,0.0846075,0.006208,0.4001362,0.3042968,0.001943,0,0.01566,0,0,0,0.0136628
DW31240663106469,0.085005,0.0100476,1.8686816,0.1472531,0.132348,0,0.0080505,0.0467105,0,0.0007739,0.015723,0.0007648,1.3513208,0.007932,0.0172485,0.1506335,0.299504,0,0.3786505,0.2066154,0.002393,0,0.010267,0,0,0,0.0731968
DWO31240663106562,0.0258072,0,2.8570347,0.065142,0.280126,0,0,0.904968,0.007244,0,0.0156074,0.0091613,0.2245617,0,0,0.001707,0.0402107,0,0.1123347,0.1411273,0,0,0.1164754,0,0,0,0.0015078
DW31240663106449,0,0.015178,1.0415808,0,0,0,0,0,0,0,0,0,0.936673,0.006881,0,0.0074815,0.099175,0.291697,2.419558,0.1063505,0,0,0.0147135,0,0,0,0
DW31240663106540,0.0588297,0.0013751,2.718836499,0.081828,0.058685,0,0.003793,0.0081455,0,0,0.0359226,0.0008472,1.181674,0.0012585,0,0.004356,0.1108625,0.009634,0.168628,0.426264,0.000337,0,0.0241427,0,0,0,0.0125042