clade,r_age,r_weight,label,discord_up_age,discord_up_weight
k__Bacteria|p__Actinobacteria,0.06179877617737655,-0.03251628357862537,p__Actinobacteria,0.09431505975600192,
k__Bacteria|p__Actinobacteria|c__Actinomycetia,0.06732132429202171,-0.03738372134372227,c__Actinomycetia,0.10470504563574398,
k__Bacteria|p__Actinobacteria|c__Actinomycetia|o__Actinomycetales,0.17514335262565942,-0.11658496958465386,o__Actinomycetales,0.2917283222103133,
k__Bacteria|p__Actinobacteria|c__Actinomycetia|o__Actinomycetales|f__Actinomycetaceae,0.17514335262565942,-0.11658496958465386,f__Actinomycetaceae,0.2917283222103133,
k__Bacteria|p__Actinobacteria|c__Actinomycetia|o__Actinomycetales|f__Actinomycetaceae|g__Actinomyces,0.2734087252930611,-0.3348736984184443,g__Actinomyces,0.6082824237115054,
k__Bacteria|p__Actinobacteria|c__Actinomycetia|o__Actinomycetales|f__Actinomycetaceae|g__Actinomyces|s__Actinomyces_bowdenii,-0.009788023735159761,-0.12885360277104052,s__Actinomyces_bowdenii,,
k__Bacteria|p__Actinobacteria|c__Actinomycetia|o__Actinomycetales|f__Actinomycetaceae|g__Actinomyces|s__Actinomyces_mediterranea,0.06594458553841437,-0.06873347891786842,s__Actinomyces_mediterranea,0.13467806445628278,
k__Bacteria|p__Actinobacteria|c__Actinomycetia|o__Actinomycetales|f__Actinomycetaceae|g__Actinomyces|s__Actinomyces_oricola,0.12119950977325392,-0.1177269336301654,s__Actinomyces_oricola,0.23892644340341931,
k__Bacteria|p__Actinobacteria|c__Actinomycetia|o__Actinomycetales|f__Actinomycetaceae|g__Actinomyces|s__Actinomyces_respiraculi,0.2789402454794751,-0.12292263430475789,s__Actinomyces_respiraculi,0.40186287978423296,
k__Bacteria|p__Actinobacteria|c__Actinomycetia|o__Actinomycetales|f__Actinomycetaceae|g__Actinomyces|s__Actinomyces_timonensis,0.03941825033664175,-0.07026088327625347,s__Actinomyces_timonensis,0.10967913361289522,
k__Bacteria|p__Actinobacteria|c__Actinomycetia|o__Actinomycetales|f__Actinomycetaceae|g__Actinomyces|s__Actinomyces_weissii,0.29127966793183535,-0.31384633027385483,s__Actinomyces_weissii,0.6051259982056902,
k__Bacteria|p__Actinobacteria|c__Actinomycetia|o__Actinomycetales|f__Actinomycetaceae|g__Buchananella,0.015125473385202806,0.04159455176914999,g__Buchananella,,
k__Bacteria|p__Actinobacteria|c__Actinomycetia|o__Actinomycetales|f__Actinomycetaceae|g__Buchananella|s__Buchananella_hordeovulneris,0.015125473385202806,0.04159455176914999,s__Buchananella_hordeovulneris,,
k__Bacteria|p__Actinobacteria|c__Actinomycetia|o__Actinomycetales|f__Actinomycetaceae|g__Gleimia,-0.09623593919365324,-0.09903882589821074,g__Gleimia,,
k__Bacteria|p__Actinobacteria|c__Actinomycetia|o__Actinomycetales|f__Actinomycetaceae|g__Gleimia|s__Gleimia_coleocanis,-0.09623593919365324,-0.09903882589821074,s__Gleimia_coleocanis,,
k__Bacteria|p__Actinobacteria|c__Actinomycetia|o__Actinomycetales|f__Actinomycetaceae|g__Schaalia,0.1751848119102638,-0.01702853479643744,g__Schaalia,0.19221334670670126,
k__Bacteria|p__Actinobacteria|c__Actinomycetia|o__Actinomycetales|f__Actinomycetaceae|g__Schaalia|s__Schaalia_canis,0.15059441493532466,0.0005140908459972496,s__Schaalia_canis,,
k__Bacteria|p__Actinobacteria|c__Actinomycetia|o__Actinomycetales|f__Actinomycetaceae|g__Schaalia|s__Schaalia_meyeri,-0.02036476937884834,-0.09792048948054019,s__Schaalia_meyeri,,
k__Bacteria|p__Actinobacteria|c__Actinomycetia|o__Actinomycetales|f__Actinomycetaceae|g__Schaalia|s__Schaalia_sp_19OD2882,-0.024021051776879458,-0.05259409060053642,s__Schaalia_sp_19OD2882,,
k__Bacteria|p__Actinobacteria|c__Actinomycetia|o__Actinomycetales|f__Actinomycetaceae|g__Schaalia|s__Schaalia_sp_Marseille_Q2122,0.3139547288816321,-0.1505265742443491,s__Schaalia_sp_Marseille_Q2122,0.46448130312598124,
k__Bacteria|p__Actinobacteria|c__Actinomycetia|o__Corynebacteriales,0.16252289118804364,-0.1384420727019237,o__Corynebacteriales,0.30096496388996735,
k__Bacteria|p__Actinobacteria|c__Actinomycetia|o__Corynebacteriales|f__Corynebacteriaceae,0.1583541885886138,-0.14479018597892993,f__Corynebacteriaceae,0.30314437456754373,
k__Bacteria|p__Actinobacteria|c__Actinomycetia|o__Corynebacteriales|f__Corynebacteriaceae|g__Corynebacterium,0.1583541885886138,-0.14479018597892993,g__Corynebacterium,0.30314437456754373,
k__Bacteria|p__Actinobacteria|c__Actinomycetia|o__Corynebacteriales|f__Corynebacteriaceae|g__Corynebacterium|s__Corynebacterium_SGB17003,-0.013143594368481214,0.015913662606600078,s__Corynebacterium_SGB17003,,0.02905725697508129
k__Bacteria|p__Actinobacteria|c__Actinomycetia|o__Corynebacteriales|f__Corynebacteriaceae|g__Corynebacterium|s__Corynebacterium_SGB98743,0.009404468384344316,-0.013204954077817084,s__Corynebacterium_SGB98743,0.0226094224621614,
k__Bacteria|p__Actinobacteria|c__Actinomycetia|o__Corynebacteriales|f__Corynebacteriaceae|g__Corynebacterium|s__Corynebacterium_amycolatum,-0.013143594368481214,0.025281279601974592,s__Corynebacterium_amycolatum,,0.038424873970455804
k__Bacteria|p__Actinobacteria|c__Actinomycetia|o__Corynebacteriales|f__Corynebacteriaceae|g__Corynebacterium|s__Corynebacterium_auriscanis,0.015085135063996688,0.05241866544870077,s__Corynebacterium_auriscanis,,
k__Bacteria|p__Actinobacteria|c__Actinomycetia|o__Corynebacteriales|f__Corynebacteriaceae|g__Corynebacterium|s__Corynebacterium_canis,0.4532897688316454,-0.19862525184274282,s__Corynebacterium_canis,0.6519150206743882,
k__Bacteria|p__Actinobacteria|c__Actinomycetia|o__Corynebacteriales|f__Corynebacteriaceae|g__Corynebacterium|s__Corynebacterium_freiburgense,0.1514836920592386,-0.055522056716047964,s__Corynebacterium_freiburgense,0.20700574877528655,
k__Bacteria|p__Actinobacteria|c__Actinomycetia|o__Corynebacteriales|f__Corynebacteriaceae|g__Corynebacterium|s__Corynebacterium_mastitidis,0.05431200287181489,0.0029040517462723086,s__Corynebacterium_mastitidis,,
k__Bacteria|p__Actinobacteria|c__Actinomycetia|o__Corynebacteriales|f__Corynebacteriaceae|g__Corynebacterium|s__Corynebacterium_mustelae,-0.19792145963475183,0.013241278128533773,s__Corynebacterium_mustelae,,0.2111627377632856
k__Bacteria|p__Actinobacteria|c__Actinomycetia|o__Corynebacteriales|f__Corynebacteriaceae|g__Corynebacterium|s__Corynebacterium_simulans,0.06594458553841437,0.04096921649784275,s__Corynebacterium_simulans,,
k__Bacteria|p__Actinobacteria|c__Actinomycetia|o__Corynebacteriales|f__Corynebacteriaceae|g__Corynebacterium|s__Corynebacterium_xerosis,0.009404468384344316,-0.013204954077817084,s__Corynebacterium_xerosis,0.0226094224621614,
k__Bacteria|p__Actinobacteria|c__Actinomycetia|o__Corynebacteriales|f__Mycobacteriaceae,0.04452959126563032,0.06478327898005988,f__Mycobacteriaceae,,
k__Bacteria|p__Actinobacteria|c__Actinomycetia|o__Corynebacteriales|f__Mycobacteriaceae|g__Mycobacterium,0.04452959126563032,0.06478327898005988,g__Mycobacterium,,
k__Bacteria|p__Actinobacteria|c__Actinomycetia|o__Corynebacteriales|f__Mycobacteriaceae|g__Mycobacterium|s__Mycobacterium_hodleri,0.04452959126563032,0.06478327898005988,s__Mycobacterium_hodleri,,
k__Bacteria|p__Actinobacteria|c__Actinomycetia|o__Micrococcales,-0.0432822845256423,0.19946453522334737,o__Micrococcales,,0.24274681974898965
k__Bacteria|p__Actinobacteria|c__Actinomycetia|o__Micrococcales|f__Brevibacteriaceae,-0.013143594368481214,0.025281279601974592,f__Brevibacteriaceae,,0.038424873970455804
k__Bacteria|p__Actinobacteria|c__Actinomycetia|o__Micrococcales|f__Brevibacteriaceae|g__Brevibacterium,-0.013143594368481214,0.025281279601974592,g__Brevibacterium,,0.038424873970455804
k__Bacteria|p__Actinobacteria|c__Actinomycetia|o__Micrococcales|f__Brevibacteriaceae|g__Brevibacterium|s__Brevibacterium_ravenspurgense,-0.013143594368481214,0.025281279601974592,s__Brevibacterium_ravenspurgense,,0.038424873970455804
k__Bacteria|p__Actinobacteria|c__Actinomycetia|o__Micrococcales|f__Microbacteriaceae,-0.03475516735369983,0.18731776439733824,f__Microbacteriaceae,,0.22207293175103807
k__Bacteria|p__Actinobacteria|c__Actinomycetia|o__Micrococcales|f__Microbacteriaceae|g__Canibacter,-0.12031444067719613,0.22673881783722824,g__Canibacter,,0.34705325851442437
k__Bacteria|p__Actinobacteria|c__Actinomycetia|o__Micrococcales|f__Microbacteriaceae|g__Canibacter|s__Canibacter_oris,-0.12031444067719613,0.22673881783722824,s__Canibacter_oris,,0.34705325851442437
k__Bacteria|p__Actinobacteria|c__Actinomycetia|o__Micrococcales|f__Microbacteriaceae|g__Leucobacter,0.3500660512918547,-0.09995335210185913,g__Leucobacter,0.4500194033937138,
k__Bacteria|p__Actinobacteria|c__Actinomycetia|o__Micrococcales|f__Microbacteriaceae|g__Leucobacter|s__Leucobacter_sp_OH1287,0.3458648858469155,-0.10068565422304986,s__Leucobacter_sp_OH1287,0.44655054006996536,
k__Bacteria|p__Actinobacteria|c__Actinomycetia|o__Micrococcales|f__Microbacteriaceae|g__Leucobacter|s__Leucobacter_sp_Psy1,0.054500593889995376,0.004063062793174487,s__Leucobacter_sp_Psy1,,
k__Bacteria|p__Actinobacteria|c__Actinomycetia|o__Micrococcales|f__Microbacteriaceae|g__Microbacterium,-0.09270870657107107,0.0062780889275654474,g__Microbacterium,,0.09898679549863651
k__Bacteria|p__Actinobacteria|c__Actinomycetia|o__Micrococcales|f__Microbacteriaceae|g__Microbacterium|s__Microbacterium_lacticum,-0.07274603646478774,0.09072566112826916,s__Microbacterium_lacticum,,0.1634716975930569
k__Bacteria|p__Actinobacteria|c__Actinomycetia|o__Micrococcales|f__Microbacteriaceae|g__Microbacterium|s__Microbacterium_phyllosphaerae,-0.05937278835417375,-0.05259409060053642,s__Microbacterium_phyllosphaerae,,
k__Bacteria|p__Actinobacteria|c__Actinomycetia|o__Micrococcales|f__Microbacteriaceae|g__Microbacterium|s__Microbacterium_sp_1_5R,-0.03920416940943534,-0.026861359577098003,s__Microbacterium_sp_1_5R,,
k__Bacteria|p__Actinobacteria|c__Actinomycetia|o__Micrococcales|f__Microbacteriaceae|g__Microbacterium|s__Microbacterium_testaceum,-0.00498550131218253,-0.03577752515100869,s__Microbacterium_testaceum,,
k__Bacteria|p__Actinobacteria|c__Actinomycetia|o__Micrococcales|f__Micrococcaceae,-0.041341399423321906,0.06461263594586114,f__Micrococcaceae,,0.10595403536918305
k__Bacteria|p__Actinobacteria|c__Actinomycetia|o__Micrococcales|f__Micrococcaceae|g__Glutamicibacter,0.004507224100426451,0.05798615496958399,g__Glutamicibacter,,
k__Bacteria|p__Actinobacteria|c__Actinomycetia|o__Micrococcales|f__Micrococcaceae|g__Glutamicibacter|s__Glutamicibacter_creatinolyticus,0.06594458553841437,0.04096921649784275,s__Glutamicibacter_creatinolyticus,,
k__Bacteria|p__Actinobacteria|c__Actinomycetia|o__Micrococcales|f__Micrococcaceae|g__Glutamicibacter|s__Glutamicibacter_protophormiae,-0.05937278835417375,0.04096921649784275,s__Glutamicibacter_protophormiae,,0.1003420048520165
k__Bacteria|p__Actinobacteria|c__Actinomycetia|o__Micrococcales|f__Micrococcaceae|g__Kocuria,-0.0027422449674506244,-0.03276215232372044,g__Kocuria,,
k__Bacteria|p__Actinobacteria|c__Actinomycetia|o__Micrococcales|f__Micrococcaceae|g__Kocuria|s__Kocuria_carniphila,0.059826015746190356,-0.03679329084930231,s__Kocuria_carniphila,0.09661930659549267,
k__Bacteria|p__Actinobacteria|c__Actinomycetia|o__Micrococcales|f__Micrococcaceae|g__Kocuria|s__Kocuria_palustris,-0.05937278835417375,0.015913662606600078,s__Kocuria_palustris,,0.07528645096077383
k__Bacteria|p__Actinobacteria|c__Actinomycetia|o__Micrococcales|f__Micrococcaceae|g__Kocuria|s__Kocuria_rhizophila,-0.00498550131218253,-0.03577752515100869,s__Kocuria_rhizophila,,
k__Bacteria|p__Actinobacteria|c__Actinomycetia|o__Micrococcales|f__Micrococcaceae|g__Rothia,-0.06091696993669068,0.07204903430724902,g__Rothia,,0.1329660042439397
k__Bacteria|p__Actinobacteria|c__Actinomycetia|o__Micrococcales|f__Micrococcaceae|g__Rothia|s__Rothia_SGB49305,0.04452959126563032,-0.05541566198468538,s__Rothia_SGB49305,0.0999452532503157,
k__Bacteria|p__Actinobacteria|c__Actinomycetia|o__Micrococcales|f__Micrococcaceae|g__Rothia|s__Rothia_aeria,0.04452959126563032,-0.05541566198468538,s__Rothia_aeria,0.0999452532503157,
k__Bacteria|p__Actinobacteria|c__Actinomycetia|o__Micrococcales|f__Micrococcaceae|g__Rothia|s__Rothia_endophytica,-0.04066208391682541,-0.05540473716763176,s__Rothia_endophytica,,
k__Bacteria|p__Actinobacteria|c__Actinomycetia|o__Micrococcales|f__Micrococcaceae|g__Rothia|s__Rothia_nasimurium,-0.04958815411117573,0.09994895202092978,s__Rothia_nasimurium,,0.14953710613210552
k__Bacteria|p__Actinobacteria|c__Actinomycetia|o__Micrococcales|f__Micrococcaceae|g__Rothia|s__Rothia_terrae,-0.024021051776879458,0.012640639800987296,s__Rothia_terrae,,0.03666169157786675
k__Bacteria|p__Actinobacteria|c__Actinomycetia|o__Micrococcales|f__Promicromonosporaceae,-0.05937278835417375,0.04096921649784275,f__Promicromonosporaceae,,0.1003420048520165
k__Bacteria|p__Actinobacteria|c__Actinomycetia|o__Micrococcales|f__Promicromonosporaceae|g__Cellulosimicrobium,-0.05937278835417375,0.04096921649784275,g__Cellulosimicrobium,,0.1003420048520165
k__Bacteria|p__Actinobacteria|c__Actinomycetia|o__Micrococcales|f__Promicromonosporaceae|g__Cellulosimicrobium|s__Cellulosimicrobium_cellulans,-0.05937278835417375,0.04096921649784275,s__Cellulosimicrobium_cellulans,,0.1003420048520165
k__Bacteria|p__Actinobacteria|c__Actinomycetia|o__Propionibacteriales,0.02711766763888468,-0.1024259827840819,o__Propionibacteriales,0.12954365042296656,
k__Bacteria|p__Actinobacteria|c__Actinomycetia|o__Propionibacteriales|f__Propionibacteriaceae,0.02711766763888468,-0.1024259827840819,f__Propionibacteriaceae,0.12954365042296656,
k__Bacteria|p__Actinobacteria|c__Actinomycetia|o__Propionibacteriales|f__Propionibacteriaceae|g__Arachnia,-0.125103105676923,0.003180055596848234,g__Arachnia,,0.12828316127377123
k__Bacteria|p__Actinobacteria|c__Actinomycetia|o__Propionibacteriales|f__Propionibacteriaceae|g__Arachnia|s__Arachnia_propionica,-0.125103105676923,0.003180055596848234,s__Arachnia_propionica,,0.12828316127377123
k__Bacteria|p__Actinobacteria|c__Actinomycetia|o__Propionibacteriales|f__Propionibacteriaceae|g__Cutibacterium,-0.11374145554566574,0.05153839261173521,g__Cutibacterium,,0.16527984815740096
k__Bacteria|p__Actinobacteria|c__Actinomycetia|o__Propionibacteriales|f__Propionibacteriaceae|g__Cutibacterium|s__Cutibacterium_acnes,-0.11374145554566574,0.05153839261173521,s__Cutibacterium_acnes,,0.16527984815740096
k__Bacteria|p__Actinobacteria|c__Actinomycetia|o__Propionibacteriales|f__Propionibacteriaceae|g__Cutibacterium|s__Cutibacterium_namnetense,-0.013143594368481214,0.015913662606600078,s__Cutibacterium_namnetense,,0.02905725697508129
k__Bacteria|p__Actinobacteria|c__Actinomycetia|o__Propionibacteriales|f__Propionibacteriaceae|g__Tessaracoccus,0.36934169016862084,-0.18025870285836476,g__Tessaracoccus,0.5496003930269856,
k__Bacteria|p__Actinobacteria|c__Actinomycetia|o__Propionibacteriales|f__Propionibacteriaceae|g__Tessaracoccus|s__Tessaracoccus_sp_OH4464_COT_324,0.36934169016862084,-0.18025870285836476,s__Tessaracoccus_sp_OH4464_COT_324,0.5496003930269856,
k__Bacteria|p__Actinobacteria|c__Coriobacteriia,0.007871490849984198,-0.01912236076167468,c__Coriobacteriia,0.026993851611658876,
k__Bacteria|p__Actinobacteria|c__Coriobacteriia|o__Coriobacteriales,0.03880802156794567,-0.05367431447701915,o__Coriobacteriales,0.09248233604496481,
k__Bacteria|p__Actinobacteria|c__Coriobacteriia|o__Coriobacteriales|f__Atopobiaceae,-0.01461658339253514,-0.029570068105880993,f__Atopobiaceae,,
k__Bacteria|p__Actinobacteria|c__Coriobacteriia|o__Coriobacteriales|f__Atopobiaceae|g__Lancefieldella,-0.01461658339253514,-0.029570068105880993,g__Lancefieldella,,
k__Bacteria|p__Actinobacteria|c__Coriobacteriia|o__Coriobacteriales|f__Atopobiaceae|g__Lancefieldella|s__Lancefieldella_rimae,-0.01461658339253514,-0.029570068105880993,s__Lancefieldella_rimae,,
k__Bacteria|p__Actinobacteria|c__Coriobacteriia|o__Coriobacteriales|f__Coriobacteriaceae,-0.03920416940943534,0.004063062793174487,f__Coriobacteriaceae,,0.04326723220260982
k__Bacteria|p__Actinobacteria|c__Coriobacteriia|o__Coriobacteriales|f__Coriobacteriaceae|g__Collinsella,-0.03920416940943534,0.004063062793174487,g__Collinsella,,0.04326723220260982
k__Bacteria|p__Actinobacteria|c__Coriobacteriia|o__Coriobacteriales|f__Coriobacteriaceae|g__Collinsella|s__Collinsella_intestinalis,-0.03920416940943534,0.004063062793174487,s__Collinsella_intestinalis,,0.04326723220260982
k__Bacteria|p__Actinobacteria|c__Coriobacteriia|o__Eggerthellales,-0.05937278835417375,0.06388037613713222,o__Eggerthellales,,0.12325316449130597
k__Bacteria|p__Actinobacteria|c__Coriobacteriia|o__Eggerthellales|f__Eggerthellaceae,-0.05937278835417375,0.06388037613713222,f__Eggerthellaceae,,0.12325316449130597
k__Bacteria|p__Actinobacteria|c__Coriobacteriia|o__Eggerthellales|f__Eggerthellaceae|g__Berryella,-0.05937278835417375,0.06388037613713222,g__Berryella,,0.12325316449130597
k__Bacteria|p__Actinobacteria|c__Coriobacteriia|o__Eggerthellales|f__Eggerthellaceae|g__Berryella|s__Berryella_intestinalis,-0.05937278835417375,0.06388037613713222,s__Berryella_intestinalis,,0.12325316449130597
k__Bacteria|p__Bacteroidota,0.4414760882995513,-0.2093228299272856,p__Bacteroidota,0.6507989182268369,
k__Bacteria|p__Bacteroidota|c__Bacteroidia,0.5056228853394396,-0.28453085169389497,c__Bacteroidia,0.7901537370333345,
k__Bacteria|p__Bacteroidota|c__Bacteroidia|o__Bacteroidales,0.5056228853394396,-0.28453085169389497,o__Bacteroidales,0.7901537370333345,
k__Bacteria|p__Bacteroidota|c__Bacteroidia|o__Bacteroidales|f__Bacteroidaceae,0.44108246673330104,-0.1500806929113185,f__Bacteroidaceae,0.5911631596446195,
k__Bacteria|p__Bacteroidota|c__Bacteroidia|o__Bacteroidales|f__Bacteroidaceae|g__Bacteroides,0.449351361132968,-0.1539735006431559,g__Bacteroides,0.6033248617761239,
k__Bacteria|p__Bacteroidota|c__Bacteroidia|o__Bacteroidales|f__Bacteroidaceae|g__Bacteroides|s__Bacteroides_fragilis,0.06594458553841437,0.04096921649784275,s__Bacteroides_fragilis,,
k__Bacteria|p__Bacteroidota|c__Bacteroidia|o__Bacteroidales|f__Bacteroidaceae|g__Bacteroides|s__Bacteroides_heparinolyticus,0.35121666701673404,-0.05428195855407593,s__Bacteroides_heparinolyticus,0.40549862557080996,
k__Bacteria|p__Bacteroidota|c__Bacteroidia|o__Bacteroidales|f__Bacteroidaceae|g__Bacteroides|s__Bacteroides_pyogenes,0.3940984138310037,-0.19416458963855623,s__Bacteroides_pyogenes,0.58826300346956,
k__Bacteria|p__Bacteroidota|c__Bacteroidia|o__Bacteroidales|f__Bacteroidaceae|g__Phocaeicola,-0.0697378036716394,0.047136529581676655,g__Phocaeicola,,0.11687433325331606
k__Bacteria|p__Bacteroidota|c__Bacteroidia|o__Bacteroidales|f__Bacteroidaceae|g__Phocaeicola|s__Phocaeicola_plebeius,-0.03920416940943534,0.004063062793174487,s__Phocaeicola_plebeius,,0.04326723220260982
k__Bacteria|p__Bacteroidota|c__Bacteroidia|o__Bacteroidales|f__Bacteroidaceae|g__Phocaeicola|s__Phocaeicola_vulgatus,-0.05937278835417375,0.06263888472810669,s__Phocaeicola_vulgatus,,0.12201167308228045
k__Bacteria|p__Bacteroidota|c__Bacteroidia|o__Bacteroidales|f__Dysgonomonadaceae,0.054500593889995376,-0.06941065605006418,f__Dysgonomonadaceae,0.12391124994005956,
k__Bacteria|p__Bacteroidota|c__Bacteroidia|o__Bacteroidales|f__Porphyromonadaceae,0.4873347715335064,-0.2633701504874794,f__Porphyromonadaceae,0.7507049220209858,
k__Bacteria|p__Bacteroidota|c__Bacteroidia|o__Bacteroidales|f__Porphyromonadaceae|g__Porphyromonas,0.490367928695707,-0.260283020618561,g__Porphyromonas,0.750650949314268,
k__Bacteria|p__Bacteroidota|c__Bacteroidia|o__Bacteroidales|f__Porphyromonadaceae|g__Porphyromonas|s__Porphyromonas_bennonis,-0.03920416940943534,0.015913662606600078,s__Porphyromonas_bennonis,,0.055117832016035415
k__Bacteria|p__Bacteroidota|c__Bacteroidia|o__Bacteroidales|f__Porphyromonadaceae|g__Porphyromonas|s__Porphyromonas_bobii,0.04452959126563032,-0.05541566198468538,s__Porphyromonas_bobii,0.0999452532503157,
k__Bacteria|p__Bacteroidota|c__Bacteroidia|o__Bacteroidales|f__Porphyromonadaceae|g__Porphyromonas|s__Porphyromonas_cangingivalis,0.28812521970271704,-0.10728419700722873,s__Porphyromonas_cangingivalis,0.3954094167099458,
k__Bacteria|p__Bacteroidota|c__Bacteroidia|o__Bacteroidales|f__Porphyromonadaceae|g__Porphyromonas|s__Porphyromonas_canoris,0.4551403667922885,-0.1788347148623611,s__Porphyromonas_canoris,0.6339750816546496,
k__Bacteria|p__Bacteroidota|c__Bacteroidia|o__Bacteroidales|f__Porphyromonadaceae|g__Porphyromonas|s__Porphyromonas_crevioricanis,0.353639367929317,-0.3029967579293499,s__Porphyromonas_crevioricanis,0.6566361258586668,
k__Bacteria|p__Bacteroidota|c__Bacteroidia|o__Bacteroidales|f__Porphyromonadaceae|g__Porphyromonas|s__Porphyromonas_gingivalis,0.27012316863113145,-0.045690328952411166,s__Porphyromonas_gingivalis,0.3158134975835426,
k__Bacteria|p__Bacteroidota|c__Bacteroidia|o__Bacteroidales|f__Porphyromonadaceae|g__Porphyromonas|s__Porphyromonas_gingivicanis,0.33797234604833515,-0.14348168949289888,s__Porphyromonas_gingivicanis,0.481454035541234,
k__Bacteria|p__Bacteroidota|c__Bacteroidia|o__Bacteroidales|f__Porphyromonadaceae|g__Porphyromonas|s__Porphyromonas_gulae,0.5055993440301834,-0.2622078629603084,s__Porphyromonas_gulae,0.7678072069904918,
k__Bacteria|p__Bacteroidota|c__Bacteroidia|o__Bacteroidales|f__Porphyromonadaceae|g__Porphyromonas|s__Porphyromonas_macacae,0.28106761144886816,-0.28475633303002795,s__Porphyromonas_macacae,0.5658239444788962,
k__Bacteria|p__Bacteroidota|c__Bacteroidia|o__Bacteroidales|f__Porphyromonadaceae|g__Porphyromonas|s__Porphyromonas_somerae,-0.013143594368481214,0.025281279601974592,s__Porphyromonas_somerae,,0.038424873970455804
k__Bacteria|p__Bacteroidota|c__Bacteroidia|o__Bacteroidales|f__Porphyromonadaceae|g__Porphyromonas|s__Porphyromonas_sp_COT_239_OH1446,0.32717736511394063,-0.13281337035995086,s__Porphyromonas_sp_COT_239_OH1446,0.45999073547389147,
k__Bacteria|p__Bacteroidota|c__Bacteroidia|o__Bacteroidales|f__Porphyromonadaceae|g__Porphyromonas|s__Porphyromonas_sp_COT_290_OH3588,0.06659454516698642,-0.15808270649411088,s__Porphyromonas_sp_COT_290_OH3588,0.2246772516610973,
k__Bacteria|p__Bacteroidota|c__Bacteroidia|o__Bacteroidales|f__Prevotellaceae,0.4164414169370143,-0.2672613512063325,f__Prevotellaceae,0.6837027681433467,
k__Bacteria|p__Bacteroidota|c__Bacteroidia|o__Bacteroidales|f__Prevotellaceae|g__Alloprevotella,0.4103752234101774,-0.24660072504313904,g__Alloprevotella,0.6569759484533164,
k__Bacteria|p__Bacteroidota|c__Bacteroidia|o__Bacteroidales|f__Prevotellaceae|g__Alloprevotella|s__Alloprevotella_sp_Lung230,0.054500593889995376,-0.06941065605006418,s__Alloprevotella_sp_Lung230,0.12391124994005956,
k__Bacteria|p__Bacteroidota|c__Bacteroidia|o__Bacteroidales|f__Prevotellaceae|g__Alloprevotella|s__Alloprevotella_sp_OH1205_COT_284,0.4103611213247836,-0.24655308114313867,s__Alloprevotella_sp_OH1205_COT_284,0.6569142024679222,
k__Bacteria|p__Bacteroidota|c__Bacteroidia|o__Bacteroidales|f__Prevotellaceae|g__Hallella,0.056335760036967025,-0.08730194641873058,g__Hallella,0.14363770645569762,
k__Bacteria|p__Bacteroidota|c__Bacteroidia|o__Bacteroidales|f__Prevotellaceae|g__Hallella|s__Hallella_seregens,0.056335760036967025,-0.08730194641873058,s__Hallella_seregens,0.14363770645569762,
k__Bacteria|p__Bacteroidota|c__Bacteroidia|o__Bacteroidales|f__Prevotellaceae|g__Prevotella,0.23696755399331731,-0.27236698543783217,g__Prevotella,0.5093345394311495,
k__Bacteria|p__Bacteroidota|c__Bacteroidia|o__Bacteroidales|f__Prevotellaceae|g__Prevotella|s__Prevotella_bivia,0.009404468384344316,0.058801547645664115,s__Prevotella_bivia,,
k__Bacteria|p__Bacteroidota|c__Bacteroidia|o__Bacteroidales|f__Prevotellaceae|g__Prevotella|s__Prevotella_buccae,0.07750468107046113,-0.09896405133805491,s__Prevotella_buccae,0.17646873240851604,
k__Bacteria|p__Bacteroidota|c__Bacteroidia|o__Bacteroidales|f__Prevotellaceae|g__Prevotella|s__Prevotella_disiens,0.009404468384344316,0.058801547645664115,s__Prevotella_disiens,,
k__Bacteria|p__Bacteroidota|c__Bacteroidia|o__Bacteroidales|f__Prevotellaceae|g__Prevotella|s__Prevotella_fusca,0.054500593889995376,-0.06941065605006418,s__Prevotella_fusca,0.12391124994005956,
k__Bacteria|p__Bacteroidota|c__Bacteroidia|o__Bacteroidales|f__Prevotellaceae|g__Prevotella|s__Prevotella_intermedia,0.08719537629590213,-0.16312329119449465,s__Prevotella_intermedia,0.2503186674903968,
k__Bacteria|p__Bacteroidota|c__Bacteroidia|o__Bacteroidales|f__Prevotellaceae|g__Prevotella|s__Prevotella_koreensis,0.059826015746190356,-0.0630903361495705,s__Prevotella_koreensis,0.12291635189576086,
k__Bacteria|p__Bacteroidota|c__Bacteroidia|o__Bacteroidales|f__Prevotellaceae|g__Prevotella|s__Prevotella_oris,0.054500593889995376,0.015913662606600078,s__Prevotella_oris,,
k__Bacteria|p__Bacteroidota|c__Bacteroidia|o__Bacteroidales|f__Prevotellaceae|g__Prevotella|s__Prevotella_sp_OH937_COT_195,0.2334705362397937,-0.23799218518093535,s__Prevotella_sp_OH937_COT_195,0.47146272142072904,
k__Bacteria|p__Bacteroidota|c__Bacteroidia|o__Bacteroidales|f__Prevotellaceae|g__Segatella,0.01448025862328841,-0.0416954971830668,g__Segatella,0.05617575580635521,
k__Bacteria|p__Bacteroidota|c__Bacteroidia|o__Bacteroidales|f__Prevotellaceae|g__Segatella|s__Segatella_copri,0.01448025862328841,-0.0416954971830668,s__Segatella_copri,0.05617575580635521,
k__Bacteria|p__Bacteroidota|c__Bacteroidia|o__Bacteroidales|f__Tannerellaceae,0.4879312746694064,-0.284853754406759,f__Tannerellaceae,0.7727850290761653,
k__Bacteria|p__Bacteroidota|c__Bacteroidia|o__Bacteroidales|f__Tannerellaceae|g__Tannerella,0.4879312746694064,-0.284853754406759,g__Tannerella,0.7727850290761653,
k__Bacteria|p__Bacteroidota|c__Bacteroidia|o__Bacteroidales|f__Tannerellaceae|g__Tannerella|s__Tannerella_SGB2054,0.267360209093688,-0.23460157154279626,s__Tannerella_SGB2054,0.5019617806364842,
k__Bacteria|p__Bacteroidota|c__Bacteroidia|o__Bacteroidales|f__Tannerellaceae|g__Tannerella|s__Tannerella_forsythia,0.4878438368640111,-0.28475299119198155,s__Tannerella_forsythia,0.7725968280559927,
k__Bacteria|p__Bacteroidota|c__Cytophagia,0.10572062600232897,-0.059568740193285286,c__Cytophagia,0.16528936619561424,
k__Bacteria|p__Bacteroidota|c__Cytophagia|o__Cytophagales,0.10572062600232897,-0.059568740193285286,o__Cytophagales,0.16528936619561424,
k__Bacteria|p__Bacteroidota|c__Cytophagia|o__Cytophagales|f__Spirosomaceae,0.10572062600232897,-0.059568740193285286,f__Spirosomaceae,0.16528936619561424,
k__Bacteria|p__Bacteroidota|c__Cytophagia|o__Cytophagales|f__Spirosomaceae|g__Emticicia,0.06594458553841437,-0.06749198750884287,g__Emticicia,0.13343657304725726,
k__Bacteria|p__Bacteroidota|c__Cytophagia|o__Cytophagales|f__Spirosomaceae|g__Emticicia|s__Emticicia_aquatilis,0.06594458553841437,-0.06749198750884287,s__Emticicia_aquatilis,0.13343657304725726,
k__Bacteria|p__Bacteroidota|c__Cytophagia|o__Cytophagales|f__Spirosomaceae|g__Flectobacillus,0.06730426771446414,-0.026861359577098003,g__Flectobacillus,0.09416562729156214,
k__Bacteria|p__Bacteroidota|c__Cytophagia|o__Cytophagales|f__Spirosomaceae|g__Flectobacillus|s__Flectobacillus_major,0.06730426771446414,-0.026861359577098003,s__Flectobacillus_major,0.09416562729156214,
k__Bacteria|p__Bacteroidota|c__Cytophagia|o__Cytophagales|f__Spirosomaceae|g__Leadbetterella,0.04951509257781284,-0.008464714152446848,g__Leadbetterella,0.057979806730259695,
k__Bacteria|p__Bacteroidota|c__Cytophagia|o__Cytophagales|f__Spirosomaceae|g__Leadbetterella|s__Leadbetterella_byssophila,0.04951509257781284,-0.008464714152446848,s__Leadbetterella_byssophila,0.057979806730259695,
k__Bacteria|p__Bacteroidota|c__Flavobacteriia,-0.27466920297277536,0.29214196508655677,c__Flavobacteriia,,0.5668111680593322
k__Bacteria|p__Bacteroidota|c__Flavobacteriia|o__Flavobacteriales,-0.27466920297277536,0.29214196508655677,o__Flavobacteriales,,0.5668111680593322
k__Bacteria|p__Bacteroidota|c__Flavobacteriia|o__Flavobacteriales|f__Flavobacteriaceae,-0.08815762135849253,0.2166065660707822,f__Flavobacteriaceae,,0.30476418742927475
k__Bacteria|p__Bacteroidota|c__Flavobacteriia|o__Flavobacteriales|f__Flavobacteriaceae|g__Capnocytophaga,-0.08968990767951045,0.2132627766328308,g__Capnocytophaga,,0.30295268431234124
k__Bacteria|p__Bacteroidota|c__Flavobacteriia|o__Flavobacteriales|f__Flavobacteriaceae|g__Capnocytophaga|s__Capnocytophaga_canimorsus,-0.159373274768296,0.20633918911507745,s__Capnocytophaga_canimorsus,,0.3657124638833734
k__Bacteria|p__Bacteroidota|c__Flavobacteriia|o__Flavobacteriales|f__Flavobacteriaceae|g__Capnocytophaga|s__Capnocytophaga_canis,-0.08780399127865458,0.16589866679714768,s__Capnocytophaga_canis,,0.2537026580758023
k__Bacteria|p__Bacteroidota|c__Flavobacteriia|o__Flavobacteriales|f__Flavobacteriaceae|g__Capnocytophaga|s__Capnocytophaga_cynodegmi,0.035509407952746576,0.07072449643834586,s__Capnocytophaga_cynodegmi,,
k__Bacteria|p__Bacteroidota|c__Flavobacteriia|o__Flavobacteriales|f__Flavobacteriaceae|g__Capnocytophaga|s__Capnocytophaga_stomatis,0.15719539965381982,0.05633690392463875,s__Capnocytophaga_stomatis,,
k__Bacteria|p__Bacteroidota|c__Flavobacteriia|o__Flavobacteriales|f__Flavobacteriaceae|g__Flavobacterium,0.04452959126563032,0.06478327898005988,g__Flavobacterium,,
k__Bacteria|p__Bacteroidota|c__Flavobacteriia|o__Flavobacteriales|f__Flavobacteriaceae|g__Flavobacterium|s__Flavobacterium_bizetiae,0.04452959126563032,0.06478327898005988,s__Flavobacterium_bizetiae,,
k__Bacteria|p__Bacteroidota|c__Flavobacteriia|o__Flavobacteriales|f__Flavobacteriaceae|g__Flavobacterium|s__Flavobacterium_inviolabile,0.04452959126563032,0.06478327898005988,s__Flavobacterium_inviolabile,,
k__Bacteria|p__Bacteroidota|c__Flavobacteriia|o__Flavobacteriales|f__Flavobacteriaceae|g__Myroides,-0.03920416940943534,-0.04446796501418745,g__Myroides,,
k__Bacteria|p__Bacteroidota|c__Flavobacteriia|o__Flavobacteriales|f__Flavobacteriaceae|g__Myroides|s__Myroides_marinus,-0.03920416940943534,-0.04446796501418745,s__Myroides_marinus,,
k__Bacteria|p__Bacteroidota|c__Flavobacteriia|o__Flavobacteriales|f__Weeksellaceae,-0.29809303305596885,0.23786882306086374,f__Weeksellaceae,,0.5359618561168326
k__Bacteria|p__Bacteroidota|c__Flavobacteriia|o__Flavobacteriales|f__Weeksellaceae|g__Bergeyella,-0.2979876822891965,0.23762524798879542,g__Bergeyella,,0.535612930277992
k__Bacteria|p__Bacteroidota|c__Flavobacteriia|o__Flavobacteriales|f__Weeksellaceae|g__Bergeyella|s__Bergeyella_zoohelcum,-0.2979876822891965,0.23762524798879542,s__Bergeyella_zoohelcum,,0.535612930277992
k__Bacteria|p__Bacteroidota|c__Flavobacteriia|o__Flavobacteriales|f__Weeksellaceae|g__Chryseobacterium,-0.02292520831664399,0.03956242542811466,g__Chryseobacterium,,0.06248763374475865
k__Bacteria|p__Bacteroidota|c__Flavobacteriia|o__Flavobacteriales|f__Weeksellaceae|g__Chryseobacterium|s__Chryseobacterium_aquaticum,0.03716464614536067,-0.05259409060053642,s__Chryseobacterium_aquaticum,0.0897587367458971,
k__Bacteria|p__Bacteroidota|c__Flavobacteriia|o__Flavobacteriales|f__Weeksellaceae|g__Chryseobacterium|s__Chryseobacterium_lactis,-0.05937278835417375,0.04356506217125979,s__Chryseobacterium_lactis,,0.10293785052543354
k__Bacteria|p__Bacteroidota|c__Flavobacteriia|o__Flavobacteriales|f__Weeksellaceae|g__Chryseobacterium|s__Chryseobacterium_scophthalmum,0.019715391552721822,0.020653902531970313,s__Chryseobacterium_scophthalmum,,
k__Bacteria|p__Bacteroidota|c__Flavobacteriia|o__Flavobacteriales|f__Weeksellaceae|g__Chryseobacterium|s__Chryseobacterium_taklimakanense,-0.04339652278558884,0.06737912465347691,s__Chryseobacterium_taklimakanense,,0.11077564743906575
k__Bacteria|p__Bacteroidota|c__Sphingobacteriia,0.02665147017486237,-0.01865825897593903,c__Sphingobacteriia,0.045309729150801406,
k__Bacteria|p__Bacteroidota|c__Sphingobacteriia|o__Sphingobacteriales,0.02665147017486237,-0.01865825897593903,o__Sphingobacteriales,0.045309729150801406,
k__Bacteria|p__Bacteroidota|c__Sphingobacteriia|o__Sphingobacteriales|f__Sphingobacteriaceae,0.02665147017486237,-0.01865825897593903,f__Sphingobacteriaceae,0.045309729150801406,
k__Bacteria|p__Bacteroidota|c__Sphingobacteriia|o__Sphingobacteriales|f__Sphingobacteriaceae|g__Pedobacter,0.057821776434634826,0.02813763345993692,g__Pedobacter,,
k__Bacteria|p__Bacteroidota|c__Sphingobacteriia|o__Sphingobacteriales|f__Sphingobacteriaceae|g__Pedobacter|s__Pedobacter_ghigonis,0.04452959126563032,0.06478327898005988,s__Pedobacter_ghigonis,,
k__Bacteria|p__Bacteroidota|c__Sphingobacteriia|o__Sphingobacteriales|f__Sphingobacteriaceae|g__Pedobacter|s__Pedobacter_roseus,0.03716464614536067,-0.025168416746608628,s__Pedobacter_roseus,0.0623330628919693,
k__Bacteria|p__Bacteroidota|c__Sphingobacteriia|o__Sphingobacteriales|f__Sphingobacteriaceae|g__Sphingobacterium,-0.020208810965332516,-0.05468767447368563,g__Sphingobacterium,,
k__Bacteria|p__Bacteroidota|c__Sphingobacteriia|o__Sphingobacteriales|f__Sphingobacteriaceae|g__Sphingobacterium|s__Sphingobacterium_SGB36192,0.019715391552721822,-0.0630903361495705,s__Sphingobacterium_SGB36192,0.08280572770229233,
k__Bacteria|p__Bacteroidota|c__Sphingobacteriia|o__Sphingobacteriales|f__Sphingobacteriaceae|g__Sphingobacterium|s__Sphingobacterium_chungjuense,-0.04838202409777136,-0.014107856920744748,s__Sphingobacterium_chungjuense,,
k__Bacteria|p__Bacteroidota|c__Sphingobacteriia|o__Sphingobacteriales|f__Sphingobacteriaceae|g__Sphingobacterium|s__Sphingobacterium_mizutaii,0.019715391552721822,-0.0630903361495705,s__Sphingobacterium_mizutaii,0.08280572770229233,
k__Bacteria|p__Candidatus_Absconditabacteria,0.17594515110795003,-0.10091533753015754,p__Candidatus_Absconditabacteria,0.2768604886381076,
k__Bacteria|p__Candidatus_Saccharibacteria,0.14151090634893762,-0.13560676125327273,p__Candidatus_Saccharibacteria,0.27711766760221035,
k__Bacteria|p__Candidatus_Saccharibacteria|c__Candidatus_Saccharimonadia,0.059826015746190356,-0.040517765076378914,c__Candidatus_Saccharimonadia,0.10034378082256927,
k__Bacteria|p__Candidatus_Saccharibacteria|c__Candidatus_Saccharimonadia|o__Candidatus_Nanosynbacterales,0.059826015746190356,-0.040517765076378914,o__Candidatus_Nanosynbacterales,0.10034378082256927,
k__Bacteria|p__Candidatus_Saccharibacteria|c__Candidatus_Saccharimonadia|o__Candidatus_Nanosynbacterales|f__Candidatus_Nanosynbacteraceae,0.059826015746190356,-0.040517765076378914,f__Candidatus_Nanosynbacteraceae,0.10034378082256927,
k__Bacteria|p__Candidatus_Saccharibacteria|c__Candidatus_Saccharimonadia|o__Candidatus_Nanosynbacterales|f__Candidatus_Nanosynbacteraceae|g__Candidatus_Nanosynbacter,0.059826015746190356,-0.040517765076378914,g__Candidatus_Nanosynbacter,0.10034378082256927,
k__Bacteria|p__Candidatus_Saccharibacteria|c__Candidatus_Saccharimonadia|o__Candidatus_Nanosynbacterales|f__Candidatus_Nanosynbacteraceae|g__Candidatus_Nanosynbacter|s__Candidatus_Nanosynbacter_SGB19893,0.059826015746190356,-0.040517765076378914,s__Candidatus_Nanosynbacter_SGB19893,0.10034378082256927,
k__Bacteria|p__Elusimicrobia,0.2344404605973265,-0.19646757267362766,p__Elusimicrobia,0.43090803327095417,
k__Bacteria|p__Elusimicrobia|c__Endomicrobia,0.2344404605973265,-0.19646757267362766,c__Endomicrobia,0.43090803327095417,
k__Bacteria|p__Elusimicrobia|c__Endomicrobia|o__Endomicrobiales,0.2344404605973265,-0.19646757267362766,o__Endomicrobiales,0.43090803327095417,
k__Bacteria|p__Elusimicrobia|c__Endomicrobia|o__Endomicrobiales|f__Endomicrobiaceae,0.2344404605973265,-0.19646757267362766,f__Endomicrobiaceae,0.43090803327095417,
k__Bacteria|p__Firmicutes,-0.1997070841819186,-0.19177414948510332,p__Firmicutes,,
k__Bacteria|p__Firmicutes|c__Bacilli,-0.48095830923911526,0.04168525502981813,c__Bacilli,,0.5226435642689334
k__Bacteria|p__Firmicutes|c__Bacilli|o__Bacillales,-0.47174663310429377,0.04389665958624293,o__Bacillales,,0.5156432926905367
k__Bacteria|p__Firmicutes|c__Bacilli|o__Bacillales|f__Bacillaceae,-0.05937278835417375,0.04096921649784275,f__Bacillaceae,,0.1003420048520165
k__Bacteria|p__Firmicutes|c__Bacilli|o__Bacillales|f__Bacillaceae|g__Lysinibacillus,-0.05937278835417375,0.04096921649784275,g__Lysinibacillus,,0.1003420048520165
k__Bacteria|p__Firmicutes|c__Bacilli|o__Bacillales|f__Bacillaceae|g__Lysinibacillus|s__Lysinibacillus_capsici,-0.05937278835417375,0.04096921649784275,s__Lysinibacillus_capsici,,0.1003420048520165
k__Bacteria|p__Firmicutes|c__Bacilli|o__Bacillales|f__Staphylococcaceae,-0.008748227116272114,0.12514138122031299,f__Staphylococcaceae,,0.1338896083365851
k__Bacteria|p__Firmicutes|c__Bacilli|o__Bacillales|f__Staphylococcaceae|g__Macrococcus,-0.03528280145238831,0.0935336732642453,g__Macrococcus,,0.1288164747166336
k__Bacteria|p__Firmicutes|c__Bacilli|o__Bacillales|f__Staphylococcaceae|g__Macrococcus|s__Macrococcus_canis,-0.03528280145238831,0.0935336732642453,s__Macrococcus_canis,,0.1288164747166336
k__Bacteria|p__Firmicutes|c__Bacilli|o__Bacillales|f__Staphylococcaceae|g__Mammaliicoccus,-0.024021051776879458,0.058801547645664115,g__Mammaliicoccus,,0.08282259942254358
k__Bacteria|p__Firmicutes|c__Bacilli|o__Bacillales|f__Staphylococcaceae|g__Mammaliicoccus|s__Mammaliicoccus_sciuri,-0.024021051776879458,0.058801547645664115,s__Mammaliicoccus_sciuri,,0.08282259942254358
k__Bacteria|p__Firmicutes|c__Bacilli|o__Bacillales|f__Staphylococcaceae|g__Staphylococcus,0.008231980609668942,0.08902990392147922,g__Staphylococcus,,
k__Bacteria|p__Firmicutes|c__Bacilli|o__Bacillales|f__Staphylococcaceae|g__Staphylococcus|s__Staphylococcus_canis,0.00923138868953714,0.039880053427644654,s__Staphylococcus_canis,,
k__Bacteria|p__Firmicutes|c__Bacilli|o__Bacillales|f__Staphylococcaceae|g__Staphylococcus|s__Staphylococcus_coagulans,0.06594458553841437,0.04096921649784275,s__Staphylococcus_coagulans,,
k__Bacteria|p__Firmicutes|c__Bacilli|o__Bacillales|f__Staphylococcaceae|g__Staphylococcus|s__Staphylococcus_pseudintermedius,0.005518664689259583,0.08020938161015836,s__Staphylococcus_pseudintermedius,,
k__Bacteria|p__Firmicutes|c__Bacilli|o__Bacillales|f__Staphylococcaceae|g__Staphylococcus|s__Staphylococcus_xylosus,-0.05937278835417375,0.015913662606600078,s__Staphylococcus_xylosus,,0.07528645096077383
k__Bacteria|p__Firmicutes|c__Bacilli|o__Lactobacillales,-0.18803487535428576,0.023360568801353225,o__Lactobacillales,,0.211395444155639
k__Bacteria|p__Firmicutes|c__Bacilli|o__Lactobacillales|f__Carnobacteriaceae,0.028041244900686976,-0.012247621764528776,f__Carnobacteriaceae,0.04028886666521575,
k__Bacteria|p__Firmicutes|c__Bacilli|o__Lactobacillales|f__Carnobacteriaceae|g__Carnobacterium,-0.00498550131218253,0.03826050796905976,g__Carnobacterium,,0.043246009281242295
k__Bacteria|p__Firmicutes|c__Bacilli|o__Lactobacillales|f__Carnobacteriaceae|g__Carnobacterium|s__Carnobacterium_divergens,-0.00498550131218253,0.03826050796905976,s__Carnobacterium_divergens,,0.043246009281242295
k__Bacteria|p__Firmicutes|c__Bacilli|o__Lactobacillales|f__Carnobacteriaceae|g__Granulicatella,0.04452959126563032,-0.05541566198468538,g__Granulicatella,0.0999452532503157,
k__Bacteria|p__Firmicutes|c__Bacilli|o__Lactobacillales|f__Carnobacteriaceae|g__Granulicatella|s__Granulicatella_adiacens,0.04452959126563032,-0.05541566198468538,s__Granulicatella_adiacens,0.0999452532503157,
k__Bacteria|p__Firmicutes|c__Bacilli|o__Lactobacillales|f__Enterococcaceae,0.07300125293682239,-0.013541967120160075,f__Enterococcaceae,0.08654322005698246,
k__Bacteria|p__Firmicutes|c__Bacilli|o__Lactobacillales|f__Enterococcaceae|g__Enterococcus,0.07300125293682239,-0.013541967120160075,g__Enterococcus,0.08654322005698246,
k__Bacteria|p__Firmicutes|c__Bacilli|o__Lactobacillales|f__Enterococcaceae|g__Enterococcus|s__Enterococcus_aquimarinus,0.03716464614536067,-0.06026876476542157,s__Enterococcus_aquimarinus,0.09743341091078224,
k__Bacteria|p__Firmicutes|c__Bacilli|o__Lactobacillales|f__Enterococcaceae|g__Enterococcus|s__Enterococcus_faecalis,0.06594458553841437,0.04096921649784275,s__Enterococcus_faecalis,,
k__Bacteria|p__Firmicutes|c__Bacilli|o__Lactobacillales|f__Lactobacillaceae,-0.05937278835417375,0.04096921649784275,f__Lactobacillaceae,,0.1003420048520165
k__Bacteria|p__Firmicutes|c__Bacilli|o__Lactobacillales|f__Lactobacillaceae|g__Ligilactobacillus,-0.05937278835417375,0.04096921649784275,g__Ligilactobacillus,,0.1003420048520165
k__Bacteria|p__Firmicutes|c__Bacilli|o__Lactobacillales|f__Lactobacillaceae|g__Ligilactobacillus|s__Ligilactobacillus_animalis,-0.05937278835417375,0.04096921649784275,s__Ligilactobacillus_animalis,,0.1003420048520165
k__Bacteria|p__Firmicutes|c__Bacilli|o__Lactobacillales|f__Streptococcaceae,-0.18713379311148307,0.02077143022175014,f__Streptococcaceae,,0.2079052233332332
k__Bacteria|p__Firmicutes|c__Bacilli|o__Lactobacillales|f__Streptococcaceae|g__Lactococcus,-0.00498550131218253,-0.04954679350565556,g__Lactococcus,,
k__Bacteria|p__Firmicutes|c__Bacilli|o__Lactobacillales|f__Streptococcaceae|g__Lactococcus|s__Lactococcus_lactis,-0.00498550131218253,-0.04954679350565556,s__Lactococcus_lactis,,
k__Bacteria|p__Firmicutes|c__Bacilli|o__Lactobacillales|f__Streptococcaceae|g__Streptococcus,-0.1870298682155279,0.026289728922879233,g__Streptococcus,,0.21331959713840712
k__Bacteria|p__Firmicutes|c__Bacilli|o__Lactobacillales|f__Streptococcaceae|g__Streptococcus|s__Streptococcus_anginosus,0.059826015746190356,0.0373576051261321,s__Streptococcus_anginosus,,
k__Bacteria|p__Firmicutes|c__Bacilli|o__Lactobacillales|f__Streptococcaceae|g__Streptococcus|s__Streptococcus_canis,0.06594458553841437,0.04096921649784275,s__Streptococcus_canis,,
k__Bacteria|p__Firmicutes|c__Bacilli|o__Lactobacillales|f__Streptococcaceae|g__Streptococcus|s__Streptococcus_hyovaginalis,-0.05682409193475405,0.02229495216272091,s__Streptococcus_hyovaginalis,,0.07911904409747496
k__Bacteria|p__Firmicutes|c__Bacilli|o__Lactobacillales|f__Streptococcaceae|g__Streptococcus|s__Streptococcus_lutetiensis,-0.05937278835417375,0.06263888472810669,s__Streptococcus_lutetiensis,,0.12201167308228045
k__Bacteria|p__Firmicutes|c__Bacilli|o__Lactobacillales|f__Streptococcaceae|g__Streptococcus|s__Streptococcus_minor,-0.20187212042746544,0.037141423344989495,s__Streptococcus_minor,,0.23901354377245493
k__Bacteria|p__Firmicutes|c__Bacilli|o__Lactobacillales|f__Streptococcaceae|g__Streptococcus|s__Streptococcus_mitis,0.03820825432222293,-0.07428650580669253,s__Streptococcus_mitis,0.11249476012891546,
k__Bacteria|p__Firmicutes|c__Bacilli|o__Lactobacillales|f__Streptococcaceae|g__Streptococcus|s__Streptococcus_oralis,0.07009305669676945,-0.06643306697690805,s__Streptococcus_oralis,0.1365261236736775,
k__Bacteria|p__Firmicutes|c__Bacilli|o__Lactobacillales|f__Streptococcaceae|g__Streptococcus|s__Streptococcus_orisratti,0.06900387043452637,-0.026861359577098003,s__Streptococcus_orisratti,0.09586523001162436,
k__Bacteria|p__Firmicutes|c__Bacilli|o__Lactobacillales|f__Streptococcaceae|g__Streptococcus|s__Streptococcus_parasanguinis,0.059826015746190356,-0.03273022805612781,s__Streptococcus_parasanguinis,0.09255624380231817,
k__Bacteria|p__Firmicutes|c__Bacilli|o__Lactobacillales|f__Streptococcaceae|g__Streptococcus|s__Streptococcus_porci,-0.026914375212550502,-0.010080272308487803,s__Streptococcus_porci,,
k__Bacteria|p__Firmicutes|c__Bacilli|o__Lactobacillales|f__Streptococcaceae|g__Streptococcus|s__Streptococcus_sanguinis,0.04452959126563032,-0.05541566198468538,s__Streptococcus_sanguinis,0.0999452532503157,
k__Bacteria|p__Firmicutes|c__Clostridia,0.5046145502070924,-0.2470413494773372,c__Clostridia,0.7516558996844296,
k__Bacteria|p__Firmicutes|c__Clostridia|o__Eubacteriales,0.5046145502070924,-0.2470413494773372,o__Eubacteriales,0.7516558996844296,
k__Bacteria|p__Firmicutes|c__Clostridia|o__Eubacteriales|f__Clostridiaceae,-0.05937278835417375,0.06263888472810669,f__Clostridiaceae,,0.12201167308228045
k__Bacteria|p__Firmicutes|c__Clostridia|o__Eubacteriales|f__Clostridiaceae|g__Clostridium,-0.05937278835417375,0.06263888472810669,g__Clostridium,,0.12201167308228045
k__Bacteria|p__Firmicutes|c__Clostridia|o__Eubacteriales|f__Clostridiaceae|g__Clostridium|s__Clostridium_perfringens,-0.05937278835417375,0.06263888472810669,s__Clostridium_perfringens,,0.12201167308228045
k__Bacteria|p__Firmicutes|c__Clostridia|o__Eubacteriales|f__Clostridiaceae|g__Clostridium|s__Clostridium_saudiense,-0.05937278835417375,0.06263888472810669,s__Clostridium_saudiense,,0.12201167308228045
k__Bacteria|p__Firmicutes|c__Clostridia|o__Eubacteriales|f__Eubacteriales_Family_XIII_Incertae_Sedis,0.059826015746190356,-0.0630903361495705,f__Eubacteriales_Family_XIII_Incertae_Sedis,0.12291635189576086,
k__Bacteria|p__Firmicutes|c__Clostridia|o__Eubacteriales|f__Lachnospiraceae,-0.03486718422231848,-0.02481766206022175,f__Lachnospiraceae,,
k__Bacteria|p__Firmicutes|c__Clostridia|o__Eubacteriales|f__Lachnospiraceae|g__Blautia,-0.03920416940943534,0.004063062793174487,g__Blautia,,0.04326723220260982
k__Bacteria|p__Firmicutes|c__Clostridia|o__Eubacteriales|f__Lachnospiraceae|g__Blautia|s__Blautia_hansenii,-0.03920416940943534,0.004063062793174487,s__Blautia_hansenii,,0.04326723220260982
k__Bacteria|p__Firmicutes|c__Clostridia|o__Eubacteriales|f__Lachnospiraceae|g__Catonella,0.019715391552721822,-0.06963638176079609,g__Catonella,0.08935177331351792,
k__Bacteria|p__Firmicutes|c__Clostridia|o__Eubacteriales|f__Lachnospiraceae|g__Catonella|s__Catonella_morbi,0.019715391552721822,-0.06963638176079609,s__Catonella_morbi,0.08935177331351792,
k__Bacteria|p__Firmicutes|c__Clostridia|o__Eubacteriales|f__Lachnospiraceae|g__Mediterraneibacter,-0.03920416940943534,0.004063062793174487,g__Mediterraneibacter,,0.04326723220260982
k__Bacteria|p__Firmicutes|c__Clostridia|o__Eubacteriales|f__Lachnospiraceae|g__Mediterraneibacter|s__Ruminococcus_gnavus,-0.03920416940943534,0.004063062793174487,s__Ruminococcus_gnavus,,0.04326723220260982
k__Bacteria|p__Firmicutes|c__Clostridia|o__Eubacteriales|f__Lachnospiraceae|g__Tyzzerella,-0.05937278835417375,0.06263888472810669,g__Tyzzerella,,0.12201167308228045
k__Bacteria|p__Firmicutes|c__Clostridia|o__Eubacteriales|f__Lachnospiraceae|g__Tyzzerella|s__Tyzzerella_nexilis,-0.05937278835417375,0.06263888472810669,s__Tyzzerella_nexilis,,0.12201167308228045
k__Bacteria|p__Firmicutes|c__Clostridia|o__Eubacteriales|f__Oscillospiraceae,-0.0697378036716394,0.047136529581676655,f__Oscillospiraceae,,0.11687433325331606
k__Bacteria|p__Firmicutes|c__Clostridia|o__Eubacteriales|f__Oscillospiraceae|g__Fournierella,-0.03920416940943534,0.004063062793174487,g__Fournierella,,0.04326723220260982
k__Bacteria|p__Firmicutes|c__Clostridia|o__Eubacteriales|f__Oscillospiraceae|g__Fournierella|s__Fournierella_massiliensis,-0.03920416940943534,0.004063062793174487,s__Fournierella_massiliensis,,0.04326723220260982
k__Bacteria|p__Firmicutes|c__Clostridia|o__Eubacteriales|f__Peptostreptococcaceae,0.40303041016337854,-0.30306340574925317,f__Peptostreptococcaceae,0.7060938159126318,
k__Bacteria|p__Firmicutes|c__Clostridia|o__Eubacteriales|f__Peptostreptococcaceae|g__Filifactor,0.22260274052541126,-0.1305397662760475,g__Filifactor,0.35314250680145876,
k__Bacteria|p__Firmicutes|c__Clostridia|o__Eubacteriales|f__Peptostreptococcaceae|g__Filifactor|s__Filifactor_alocis,0.22260274052541126,-0.1305397662760475,s__Filifactor_alocis,0.35314250680145876,
k__Bacteria|p__Firmicutes|c__Clostridia|o__Eubacteriales|f__Peptostreptococcaceae|g__Peptoanaerobacter,0.0035690083865055665,-0.07016049727164217,g__Peptoanaerobacter,0.07372950565814773,
k__Bacteria|p__Firmicutes|c__Clostridia|o__Eubacteriales|f__Peptostreptococcaceae|g__Peptoanaerobacter|s__Peptoanaerobacter_stomatis,0.0035690083865055665,-0.07016049727164217,s__Peptoanaerobacter_stomatis,0.07372950565814773,
k__Bacteria|p__Firmicutes|c__Clostridia|o__Eubacteriales|f__Peptostreptococcaceae|g__Peptostreptococcus,0.3052287273544905,-0.2521807022115995,g__Peptostreptococcus,0.5574094295660901,
k__Bacteria|p__Firmicutes|c__Clostridia|o__Eubacteriales|f__Peptostreptococcaceae|g__Peptostreptococcus|s__Peptostreptococcus_canis,0.3052287273544905,-0.2521807022115995,s__Peptostreptococcus_canis,0.5574094295660901,
k__Bacteria|p__Firmicutes|c__Clostridia|o__Eubacteriales|f__Peptostreptococcaceae|g__Terrisporobacter,-0.05937278835417375,0.06263888472810669,g__Terrisporobacter,,0.12201167308228045
k__Bacteria|p__Firmicutes|c__Clostridia|o__Eubacteriales|f__Peptostreptococcaceae|g__Terrisporobacter|s__Terrisporobacter_mayombei,-0.05937278835417375,0.06263888472810669,s__Terrisporobacter_mayombei,,0.12201167308228045
k__Bacteria|p__Firmicutes|c__Erysipelotrichia,0.28564836403781224,-0.21311842071363465,c__Erysipelotrichia,0.49876678475144687,
k__Bacteria|p__Firmicutes|c__Erysipelotrichia|o__Erysipelotrichales,0.28564836403781224,-0.21311842071363465,o__Erysipelotrichales,0.49876678475144687,
k__Bacteria|p__Firmicutes|c__Erysipelotrichia|o__Erysipelotrichales|f__Coprobacillaceae,-0.03920416940943534,0.004063062793174487,f__Coprobacillaceae,,0.04326723220260982
k__Bacteria|p__Firmicutes|c__Erysipelotrichia|o__Erysipelotrichales|f__Coprobacillaceae|g__Catenibacterium,-0.03920416940943534,0.004063062793174487,g__Catenibacterium,,0.04326723220260982
k__Bacteria|p__Firmicutes|c__Erysipelotrichia|o__Erysipelotrichales|f__Coprobacillaceae|g__Catenibacterium|s__Catenibacterium_tridentinum,-0.03920416940943534,0.004063062793174487,s__Catenibacterium_tridentinum,,0.04326723220260982
k__Bacteria|p__Firmicutes|c__Erysipelotrichia|o__Erysipelotrichales|f__Erysipelotrichaceae,0.2856472333368631,-0.21311412040885308,f__Erysipelotrichaceae,0.4987613537457162,
k__Bacteria|p__Firmicutes|c__Erysipelotrichia|o__Erysipelotrichales|f__Erysipelotrichaceae|g__Allobaculum,0.01448025862328841,-0.0416954971830668,g__Allobaculum,0.05617575580635521,
k__Bacteria|p__Firmicutes|c__Erysipelotrichia|o__Erysipelotrichales|f__Erysipelotrichaceae|g__Allobaculum|s__Allobaculum_sp_539,0.059826015746190356,-0.0630903361495705,s__Allobaculum_sp_539,0.12291635189576086,
k__Bacteria|p__Firmicutes|c__Erysipelotrichia|o__Erysipelotrichales|f__Erysipelotrichaceae|g__Allobaculum|s__Allobaculum_stercoricanis,-0.03920416940943534,0.004063062793174487,s__Allobaculum_stercoricanis,,0.04326723220260982
k__Bacteria|p__Firmicutes|c__Erysipelotrichia|o__Erysipelotrichales|f__Erysipelotrichaceae|g__Erysipelatoclostridium,-0.03920416940943534,0.004063062793174487,g__Erysipelatoclostridium,,0.04326723220260982
k__Bacteria|p__Firmicutes|c__Erysipelotrichia|o__Erysipelotrichales|f__Erysipelotrichaceae|g__Erysipelatoclostridium|s__Erysipelatoclostridium_SGB66626,-0.03920416940943534,0.004063062793174487,s__Erysipelatoclostridium_SGB66626,,0.04326723220260982
k__Bacteria|p__Firmicutes|c__Erysipelotrichia|o__Erysipelotrichales|f__Erysipelotrichaceae|g__Holdemanella,-0.03920416940943534,0.004063062793174487,g__Holdemanella,,0.04326723220260982
k__Bacteria|p__Firmicutes|c__Erysipelotrichia|o__Erysipelotrichales|f__Erysipelotrichaceae|g__Holdemanella|s__Holdemanella_porci,-0.03920416940943534,0.004063062793174487,s__Holdemanella_porci,,0.04326723220260982
k__Bacteria|p__Firmicutes|c__Erysipelotrichia|o__Erysipelotrichales|f__Erysipelotrichaceae|g__Solobacterium,0.04257519796433665,-0.0004311004061190094,g__Solobacterium,0.04300629837045566,
k__Bacteria|p__Firmicutes|c__Erysipelotrichia|o__Erysipelotrichales|f__Erysipelotrichaceae|g__Solobacterium|s__Solobacterium_moorei,0.04257519796433665,-0.0004311004061190094,s__Solobacterium_moorei,0.04300629837045566,
k__Bacteria|p__Firmicutes|c__Erysipelotrichia|o__Erysipelotrichales|f__Turicibacteraceae,-0.03920416940943534,0.004063062793174487,f__Turicibacteraceae,,0.04326723220260982
k__Bacteria|p__Firmicutes|c__Erysipelotrichia|o__Erysipelotrichales|f__Turicibacteraceae|g__Turicibacter,-0.03920416940943534,0.004063062793174487,g__Turicibacter,,0.04326723220260982
k__Bacteria|p__Firmicutes|c__Erysipelotrichia|o__Erysipelotrichales|f__Turicibacteraceae|g__Turicibacter|s__Turicibacter_bilis,-0.03920416940943534,0.004063062793174487,s__Turicibacter_bilis,,0.04326723220260982
k__Bacteria|p__Firmicutes|c__Erysipelotrichia|o__Erysipelotrichales|f__Turicibacteraceae|g__Turicibacter|s__Turicibacter_sp_1E2,-0.03920416940943534,0.004063062793174487,s__Turicibacter_sp_1E2,,0.04326723220260982
k__Bacteria|p__Firmicutes|c__Negativicutes,0.15661890910643436,-0.0984507609442443,c__Negativicutes,0.25506967005067865,
k__Bacteria|p__Firmicutes|c__Negativicutes|o__Selenomonadales,0.07722789783293633,-0.07341242209794716,o__Selenomonadales,0.1506403199308835,
k__Bacteria|p__Firmicutes|c__Negativicutes|o__Selenomonadales|f__Selenomonadaceae,0.07722789783293633,-0.07341242209794716,f__Selenomonadaceae,0.1506403199308835,
k__Bacteria|p__Firmicutes|c__Negativicutes|o__Selenomonadales|f__Selenomonadaceae|g__Megamonas,-0.03920416940943534,0.004063062793174487,g__Megamonas,,0.04326723220260982
k__Bacteria|p__Firmicutes|c__Negativicutes|o__Selenomonadales|f__Selenomonadaceae|g__Megamonas|s__Megamonas_funiformis,-0.03920416940943534,0.004063062793174487,s__Megamonas_funiformis,,0.04326723220260982
k__Bacteria|p__Firmicutes|c__Negativicutes|o__Selenomonadales|f__Selenomonadaceae|g__Selenomonas,0.019715391552721822,-0.06963638176079609,g__Selenomonas,0.08935177331351792,
k__Bacteria|p__Firmicutes|c__Negativicutes|o__Selenomonadales|f__Selenomonadaceae|g__Selenomonas|s__Selenomonas_SGB5883,0.019715391552721822,-0.06963638176079609,s__Selenomonas_SGB5883,0.08935177331351792,
k__Bacteria|p__Firmicutes|c__Negativicutes|o__Selenomonadales|f__Selenomonadaceae|g__Selenomonas|s__Selenomonas_sp_oral_taxon_892,0.019715391552721822,-0.06963638176079609,s__Selenomonas_sp_oral_taxon_892,0.08935177331351792,
k__Bacteria|p__Firmicutes|c__Negativicutes|o__Veillonellales,0.13424037016968435,-0.08871400452294269,o__Veillonellales,0.22295437469262702,
k__Bacteria|p__Firmicutes|c__Negativicutes|o__Veillonellales|f__Veillonellaceae,0.13424037016968435,-0.08871400452294269,f__Veillonellaceae,0.22295437469262702,
k__Bacteria|p__Firmicutes|c__Negativicutes|o__Veillonellales|f__Veillonellaceae|g__Allisonella,-0.03920416940943534,0.004063062793174487,g__Allisonella,,0.04326723220260982
k__Bacteria|p__Firmicutes|c__Negativicutes|o__Veillonellales|f__Veillonellaceae|g__Allisonella|s__Allisonella_histaminiformans,-0.03920416940943534,0.004063062793174487,s__Allisonella_histaminiformans,,0.04326723220260982
k__Bacteria|p__Firmicutes|c__Negativicutes|o__Veillonellales|f__Veillonellaceae|g__Dialister,0.15591390086488638,-0.08588060349439625,g__Dialister,0.24179450435928262,
k__Bacteria|p__Firmicutes|c__Negativicutes|o__Veillonellales|f__Veillonellaceae|g__Dialister|s__Dialister_invisus,0.12441713458908184,-0.11409296057932083,s__Dialister_invisus,0.23851009516840266,
k__Bacteria|p__Firmicutes|c__Negativicutes|o__Veillonellales|f__Veillonellaceae|g__Dialister|s__Dialister_pneumosintes,0.11171544226300614,0.03786133541595371,s__Dialister_pneumosintes,,
k__Bacteria|p__Firmicutes|c__Negativicutes|o__Veillonellales|f__Veillonellaceae|g__Veillonella,0.03644684509836704,-0.03813434376508226,g__Veillonella,0.0745811888634493,
k__Bacteria|p__Firmicutes|c__Negativicutes|o__Veillonellales|f__Veillonellaceae|g__Veillonella|s__Veillonella_parvula,0.03644684509836704,-0.03813434376508226,s__Veillonella_parvula,0.0745811888634493,
k__Bacteria|p__Firmicutes|c__Tissierellia,0.18050924410429695,-0.18223685858814728,c__Tissierellia,0.36274610269244423,
k__Bacteria|p__Firmicutes|c__Tissierellia|o__Tissierellales,0.18050924410429695,-0.18223685858814728,o__Tissierellales,0.36274610269244423,
k__Bacteria|p__Firmicutes|c__Tissierellia|o__Tissierellales|f__Peptoniphilaceae,0.18050924410429695,-0.18223685858814728,f__Peptoniphilaceae,0.36274610269244423,
k__Bacteria|p__Firmicutes|c__Tissierellia|o__Tissierellales|f__Peptoniphilaceae|g__Parvimonas,0.1538116932034015,-0.11333975490065121,g__Parvimonas,0.26715144810405267,
k__Bacteria|p__Firmicutes|c__Tissierellia|o__Tissierellales|f__Peptoniphilaceae|g__Parvimonas|s__Parvimonas_micra,0.12108706450870473,-0.06740878423373785,s__Parvimonas_micra,0.18849584874244257,
k__Bacteria|p__Firmicutes|c__Tissierellia|o__Tissierellales|f__Peptoniphilaceae|g__Parvimonas|s__Parvimonas_parva,0.009404468384344316,0.02923147953978312,s__Parvimonas_parva,,
k__Bacteria|p__Firmicutes|c__Tissierellia|o__Tissierellales|f__Peptoniphilaceae|g__Parvimonas|s__Parvimonas_sp_oral_taxon_110,0.059826015746190356,-0.040517765076378914,s__Parvimonas_sp_oral_taxon_110,0.10034378082256927,
k__Bacteria|p__Firmicutes|c__Tissierellia|o__Tissierellales|f__Peptoniphilaceae|g__Parvimonas|s__Parvimonas_sp_oral_taxon_393,0.08098441413900109,-0.10008642777797407,s__Parvimonas_sp_oral_taxon_393,0.18107084191697514,
k__Bacteria|p__Firmicutes|c__Tissierellia|o__Tissierellales|f__Peptoniphilaceae|g__Peptoniphilus,0.11156957088595734,-0.1343816881890638,g__Peptoniphilus,0.24595125907502113,
k__Bacteria|p__Firmicutes|c__Tissierellia|o__Tissierellales|f__Peptoniphilaceae|g__Peptoniphilus|s__Peptoniphilus_mikwangii,0.11156957088595734,-0.1343816881890638,s__Peptoniphilus_mikwangii,0.24595125907502113,
k__Bacteria|p__Fusobacteria,0.0168524320871089,-0.3717505247038355,p__Fusobacteria,0.3886029567909444,
k__Bacteria|p__Fusobacteria|c__Fusobacteriia,0.0168524320871089,-0.3717505247038355,c__Fusobacteriia,0.3886029567909444,
k__Bacteria|p__Fusobacteria|c__Fusobacteriia|o__Fusobacteriales,0.0168524320871089,-0.3717505247038355,o__Fusobacteriales,0.3886029567909444,
k__Bacteria|p__Fusobacteria|c__Fusobacteriia|o__Fusobacteriales|f__Fusobacteriaceae,0.39641971826992023,-0.4000364708968012,f__Fusobacteriaceae,0.7964561891667215,
k__Bacteria|p__Fusobacteria|c__Fusobacteriia|o__Fusobacteriales|f__Fusobacteriaceae|g__Fusobacterium,0.40115004807486687,-0.40449613899816544,g__Fusobacterium,0.8056461870730323,
k__Bacteria|p__Fusobacteria|c__Fusobacteriia|o__Fusobacteriales|f__Fusobacteriaceae|g__Fusobacterium|s__Fusobacterium_SGB6028,-0.03920416940943534,0.004063062793174487,s__Fusobacterium_SGB6028,,0.04326723220260982
k__Bacteria|p__Fusobacteria|c__Fusobacteriia|o__Fusobacteriales|f__Fusobacteriaceae|g__Fusobacterium|s__Fusobacterium_canifelinum,0.28955385160839964,-0.39566455554022967,s__Fusobacterium_canifelinum,0.6852184071486294,
k__Bacteria|p__Fusobacteria|c__Fusobacteriia|o__Fusobacteriales|f__Fusobacteriaceae|g__Fusobacterium|s__Fusobacterium_necrophorum,0.054500593889995376,0.03352026804368952,s__Fusobacterium_necrophorum,,
k__Bacteria|p__Fusobacteria|c__Fusobacteriia|o__Fusobacteriales|f__Fusobacteriaceae|g__Fusobacterium|s__Fusobacterium_nucleatum,0.2691715405206589,-0.349054792258257,s__Fusobacterium_nucleatum,0.6182263327789159,
k__Bacteria|p__Fusobacteria|c__Fusobacteriia|o__Fusobacteriales|f__Fusobacteriaceae|g__Fusobacterium|s__Fusobacterium_periodonticum,0.04809211120515926,-0.11689473080805915,s__Fusobacterium_periodonticum,0.1649868420132184,
k__Bacteria|p__Fusobacteria|c__Fusobacteriia|o__Fusobacteriales|f__Fusobacteriaceae|g__Fusobacterium|s__Fusobacterium_russii,0.3906392389083822,-0.2625128006148399,s__Fusobacterium_russii,0.6531520395232221,
k__Bacteria|p__Fusobacteria|c__Fusobacteriia|o__Fusobacteriales|f__Leptotrichiaceae,-0.17343997310245893,-0.2225998959281631,f__Leptotrichiaceae,,
k__Bacteria|p__Fusobacteria|c__Fusobacteriia|o__Fusobacteriales|f__Leptotrichiaceae|g__Leptotrichia,0.017240161416483893,-0.19110855036380572,g__Leptotrichia,0.20834871178028963,
k__Bacteria|p__Fusobacteria|c__Fusobacteriia|o__Fusobacteriales|f__Leptotrichiaceae|g__Leptotrichia|s__Leptotrichia_sp_OH3620_COT_345,0.017240161416483893,-0.19110855036380572,s__Leptotrichia_sp_OH3620_COT_345,0.20834871178028963,
k__Bacteria|p__Fusobacteria|c__Fusobacteriia|o__Fusobacteriales|f__Leptotrichiaceae|g__Streptobacillus,-0.31012280556665006,-0.07437713865153771,g__Streptobacillus,,
k__Bacteria|p__Fusobacteria|c__Fusobacteriia|o__Fusobacteriales|f__Leptotrichiaceae|g__Streptobacillus|s__Streptobacillus_canis,-0.31012280556665006,-0.07437713865153771,s__Streptobacillus_canis,,
k__Bacteria|p__Proteobacteria,-0.43747894406247245,0.2576095327121041,p__Proteobacteria,,0.6950884767745765
k__Bacteria|p__Proteobacteria|c__Alphaproteobacteria,0.0173969724579921,0.07605743297173154,c__Alphaproteobacteria,,
k__Bacteria|p__Proteobacteria|c__Alphaproteobacteria|o__Caulobacterales,0.0107677433654636,0.05415706772627149,o__Caulobacterales,,
k__Bacteria|p__Proteobacteria|c__Alphaproteobacteria|o__Caulobacterales|f__Caulobacteraceae,0.0107677433654636,0.05415706772627149,f__Caulobacteraceae,,
k__Bacteria|p__Proteobacteria|c__Alphaproteobacteria|o__Caulobacterales|f__Caulobacteraceae|g__Brevundimonas,0.0107677433654636,0.05415706772627149,g__Brevundimonas,,
k__Bacteria|p__Proteobacteria|c__Alphaproteobacteria|o__Caulobacterales|f__Caulobacteraceae|g__Brevundimonas|s__Brevundimonas_SGB38297,0.06900387043452637,-0.018396645424651154,s__Brevundimonas_SGB38297,0.08740051585917752,
k__Bacteria|p__Proteobacteria|c__Alphaproteobacteria|o__Caulobacterales|f__Caulobacteraceae|g__Brevundimonas|s__Brevundimonas_SGB38301,-0.05937278835417375,0.04356506217125979,s__Brevundimonas_SGB38301,,0.10293785052543354
k__Bacteria|p__Proteobacteria|c__Alphaproteobacteria|o__Caulobacterales|f__Caulobacteraceae|g__Brevundimonas|s__Brevundimonas_diminuta,0.009404468384344316,0.06828202749640458,s__Brevundimonas_diminuta,,
k__Bacteria|p__Proteobacteria|c__Alphaproteobacteria|o__Holosporales,0.04452959126563032,0.06478327898005988,o__Holosporales,,
k__Bacteria|p__Proteobacteria|c__Alphaproteobacteria|o__Holosporales|f__Candidatus_Paracaedibacteraceae,0.04452959126563032,0.06478327898005988,f__Candidatus_Paracaedibacteraceae,,
k__Bacteria|p__Proteobacteria|c__Alphaproteobacteria|o__Hyphomicrobiales,-0.004629316811009126,0.03977744159463242,o__Hyphomicrobiales,,0.04440675840564155
k__Bacteria|p__Proteobacteria|c__Alphaproteobacteria|o__Hyphomicrobiales|f__Brucellaceae,-0.05937278835417375,0.04096921649784275,f__Brucellaceae,,0.1003420048520165
k__Bacteria|p__Proteobacteria|c__Alphaproteobacteria|o__Hyphomicrobiales|f__Brucellaceae|g__Brucella,-0.05937278835417375,0.04096921649784275,g__Brucella,,0.1003420048520165
k__Bacteria|p__Proteobacteria|c__Alphaproteobacteria|o__Hyphomicrobiales|f__Brucellaceae|g__Brucella|s__Brucella_pseudogrignonensis,-0.05937278835417375,0.04096921649784275,s__Brucella_pseudogrignonensis,,0.1003420048520165
k__Bacteria|p__Proteobacteria|c__Alphaproteobacteria|o__Hyphomicrobiales|f__Phyllobacteriaceae,0.03716464614536067,0.0523683648898045,f__Phyllobacteriaceae,,
k__Bacteria|p__Proteobacteria|c__Alphaproteobacteria|o__Hyphomicrobiales|f__Phyllobacteriaceae|g__Aquamicrobium,0.03716464614536067,0.0523683648898045,g__Aquamicrobium,,
k__Bacteria|p__Proteobacteria|c__Alphaproteobacteria|o__Hyphomicrobiales|f__Phyllobacteriaceae|g__Aquamicrobium|s__Aquamicrobium_lusatiense,0.03716464614536067,0.0523683648898045,s__Aquamicrobium_lusatiense,,
k__Bacteria|p__Proteobacteria|c__Alphaproteobacteria|o__Hyphomicrobiales|f__Rhizobiaceae,-0.015605702282885943,0.011106168126891665,f__Rhizobiaceae,,0.026711870409777606
k__Bacteria|p__Proteobacteria|c__Alphaproteobacteria|o__Hyphomicrobiales|f__Rhizobiaceae|g__Agrobacterium,-0.05937278835417375,0.04096921649784275,g__Agrobacterium,,0.1003420048520165
k__Bacteria|p__Proteobacteria|c__Alphaproteobacteria|o__Hyphomicrobiales|f__Rhizobiaceae|g__Agrobacterium|s__Agrobacterium_larrymoorei,-0.05937278835417375,0.04096921649784275,s__Agrobacterium_larrymoorei,,0.1003420048520165
k__Bacteria|p__Proteobacteria|c__Alphaproteobacteria|o__Hyphomicrobiales|f__Rhizobiaceae|g__Rhizobium,0.03716464614536067,-0.025168416746608628,g__Rhizobium,0.0623330628919693,
k__Bacteria|p__Proteobacteria|c__Alphaproteobacteria|o__Hyphomicrobiales|f__Rhizobiaceae|g__Rhizobium|s__Rhizobium_metallidurans,0.03716464614536067,-0.025168416746608628,s__Rhizobium_metallidurans,0.0623330628919693,
k__Bacteria|p__Proteobacteria|c__Alphaproteobacteria|o__Rhodobacterales,-0.05937278835417375,0.03352026804368952,o__Rhodobacterales,,0.09289305639786327
k__Bacteria|p__Proteobacteria|c__Alphaproteobacteria|o__Rhodobacterales|f__Rhodobacteraceae,-0.05937278835417375,0.03352026804368952,f__Rhodobacteraceae,,0.09289305639786327
k__Bacteria|p__Proteobacteria|c__Alphaproteobacteria|o__Rhodobacterales|f__Rhodobacteraceae|g__Paracoccus,-0.05937278835417375,0.03352026804368952,g__Paracoccus,,0.09289305639786327
k__Bacteria|p__Proteobacteria|c__Alphaproteobacteria|o__Rhodobacterales|f__Rhodobacteraceae|g__Paracoccus|s__Paracoccus_everestensis,-0.05937278835417375,0.03352026804368952,s__Paracoccus_everestensis,,0.09289305639786327
k__Bacteria|p__Proteobacteria|c__Alphaproteobacteria|o__Sphingomonadales,0.061746314807615034,0.024450849099625933,o__Sphingomonadales,,
k__Bacteria|p__Proteobacteria|c__Alphaproteobacteria|o__Sphingomonadales|f__Sphingomonadaceae,0.061746314807615034,0.024450849099625933,f__Sphingomonadaceae,,
k__Bacteria|p__Proteobacteria|c__Alphaproteobacteria|o__Sphingomonadales|f__Sphingomonadaceae|g__Novosphingobium,0.04452959126563032,0.06478327898005988,g__Novosphingobium,,
k__Bacteria|p__Proteobacteria|c__Alphaproteobacteria|o__Sphingomonadales|f__Sphingomonadaceae|g__Novosphingobium|s__Novosphingobium_sp_B1,0.04452959126563032,0.06478327898005988,s__Novosphingobium_sp_B1,,
k__Bacteria|p__Proteobacteria|c__Alphaproteobacteria|o__Sphingomonadales|f__Sphingomonadaceae|g__Sphingomonas,-0.00498550131218253,0.004063062793174487,g__Sphingomonas,,0.009048564105357017
k__Bacteria|p__Proteobacteria|c__Alphaproteobacteria|o__Sphingomonadales|f__Sphingomonadaceae|g__Sphingomonas|s__Sphingomonas_paucimobilis,-0.00498550131218253,0.004063062793174487,s__Sphingomonas_paucimobilis,,0.009048564105357017
k__Bacteria|p__Proteobacteria|c__Alphaproteobacteria|o__Sphingomonadales|f__Sphingomonadaceae|g__Sphingopyxis,0.04452959126563032,0.06478327898005988,g__Sphingopyxis,,
k__Bacteria|p__Proteobacteria|c__Alphaproteobacteria|o__Sphingomonadales|f__Sphingomonadaceae|g__Sphingopyxis|s__Sphingopyxis_sp_C_1,0.04452959126563032,0.06478327898005988,s__Sphingopyxis_sp_C_1,,
k__Bacteria|p__Proteobacteria|c__Alphaproteobacteria|o__Sphingomonadales|f__Sphingomonadaceae|g__Sphingorhabdus,0.06730426771446414,-0.026861359577098003,g__Sphingorhabdus,0.09416562729156214,
k__Bacteria|p__Proteobacteria|c__Alphaproteobacteria|o__Sphingomonadales|f__Sphingomonadaceae|g__Sphingorhabdus|s__Sphingorhabdus_lacus,0.06730426771446414,-0.026861359577098003,s__Sphingorhabdus_lacus,0.09416562729156214,
k__Bacteria|p__Proteobacteria|c__Betaproteobacteria,-0.41618918725118825,0.2766901061294498,c__Betaproteobacteria,,0.692879293380638
k__Bacteria|p__Proteobacteria|c__Betaproteobacteria|o__Burkholderiales,0.2568258563857421,0.08997768591707068,o__Burkholderiales,,
k__Bacteria|p__Proteobacteria|c__Betaproteobacteria|o__Burkholderiales|f__Alcaligenaceae,0.007024829205204477,0.043792070602767325,f__Alcaligenaceae,,
k__Bacteria|p__Proteobacteria|c__Betaproteobacteria|o__Burkholderiales|f__Alcaligenaceae|g__Alcaligenes,-0.02628820486323917,0.05946531448982365,g__Alcaligenes,,0.08575351935306283
k__Bacteria|p__Proteobacteria|c__Betaproteobacteria|o__Burkholderiales|f__Alcaligenaceae|g__Alcaligenes|s__Alcaligenes_faecalis,-0.02628820486323917,0.05946531448982365,s__Alcaligenes_faecalis,,0.08575351935306283
k__Bacteria|p__Proteobacteria|c__Betaproteobacteria|o__Burkholderiales|f__Alcaligenaceae|g__Pelistega,0.04951509257781284,-0.008464714152446848,g__Pelistega,0.057979806730259695,
k__Bacteria|p__Proteobacteria|c__Betaproteobacteria|o__Burkholderiales|f__Alcaligenaceae|g__Pelistega|s__Pelistega_suis,0.04951509257781284,-0.008464714152446848,s__Pelistega_suis,0.057979806730259695,
k__Bacteria|p__Proteobacteria|c__Betaproteobacteria|o__Burkholderiales|f__Burkholderiaceae,0.04452959126563032,-0.05541566198468538,f__Burkholderiaceae,0.0999452532503157,
k__Bacteria|p__Proteobacteria|c__Betaproteobacteria|o__Burkholderiales|f__Burkholderiaceae|g__Lautropia,0.04452959126563032,-0.05541566198468538,g__Lautropia,0.0999452532503157,
k__Bacteria|p__Proteobacteria|c__Betaproteobacteria|o__Burkholderiales|f__Burkholderiaceae|g__Lautropia|s__Lautropia_mirabilis,0.04452959126563032,-0.05541566198468538,s__Lautropia_mirabilis,0.0999452532503157,
k__Bacteria|p__Proteobacteria|c__Betaproteobacteria|o__Burkholderiales|f__Comamonadaceae,0.2579844470449918,0.08622150930443953,f__Comamonadaceae,,
k__Bacteria|p__Proteobacteria|c__Betaproteobacteria|o__Burkholderiales|f__Comamonadaceae|g__Comamonas,-0.05937278835417375,-0.04954679350565556,g__Comamonas,,
k__Bacteria|p__Proteobacteria|c__Betaproteobacteria|o__Burkholderiales|f__Comamonadaceae|g__Comamonas|s__Comamonas_testosteroni,-0.05937278835417375,-0.04954679350565556,s__Comamonas_testosteroni,,
k__Bacteria|p__Proteobacteria|c__Betaproteobacteria|o__Burkholderiales|f__Comamonadaceae|g__Franklinella,0.349521784922907,0.06708640046232736,g__Franklinella,,
k__Bacteria|p__Proteobacteria|c__Betaproteobacteria|o__Burkholderiales|f__Comamonadaceae|g__Franklinella|s__Franklinella_schreckenbergeri,0.349521784922907,0.06708640046232736,s__Franklinella_schreckenbergeri,,
k__Bacteria|p__Proteobacteria|c__Betaproteobacteria|o__Burkholderiales|f__Comamonadaceae|g__Pelomonas,0.03716464614536067,-0.025168416746608628,g__Pelomonas,0.0623330628919693,
k__Bacteria|p__Proteobacteria|c__Betaproteobacteria|o__Burkholderiales|f__Comamonadaceae|g__Pelomonas|s__Pelomonas_puraquae,0.03716464614536067,-0.025168416746608628,s__Pelomonas_puraquae,0.0623330628919693,
k__Bacteria|p__Proteobacteria|c__Betaproteobacteria|o__Burkholderiales|f__Comamonadaceae|g__Vandammella,0.10151001431534608,0.11845911848150363,g__Vandammella,,
k__Bacteria|p__Proteobacteria|c__Betaproteobacteria|o__Burkholderiales|f__Comamonadaceae|g__Vandammella|s__Vandammella_animalimorsus,0.10151001431534608,0.11845911848150363,s__Vandammella_animalimorsus,,
k__Bacteria|p__Proteobacteria|c__Betaproteobacteria|o__Burkholderiales|f__Oxalobacteraceae,0.009404468384344316,0.06828202749640458,f__Oxalobacteraceae,,
k__Bacteria|p__Proteobacteria|c__Betaproteobacteria|o__Burkholderiales|f__Oxalobacteraceae|g__Massilia,0.009404468384344316,0.06828202749640458,g__Massilia,,
k__Bacteria|p__Proteobacteria|c__Betaproteobacteria|o__Burkholderiales|f__Oxalobacteraceae|g__Massilia|s__Massilia_timonae,0.009404468384344316,0.06828202749640458,s__Massilia_timonae,,
k__Bacteria|p__Proteobacteria|c__Betaproteobacteria|o__Burkholderiales|f__Sutterellaceae,-0.03920416940943534,0.004063062793174487,f__Sutterellaceae,,0.04326723220260982
k__Bacteria|p__Proteobacteria|c__Betaproteobacteria|o__Neisseriales,-0.4578266424080975,0.28071108809842926,o__Neisseriales,,0.7385377305065268
k__Bacteria|p__Proteobacteria|c__Betaproteobacteria|o__Neisseriales|f__Neisseriaceae,-0.4578266424080975,0.28071108809842926,f__Neisseriaceae,,0.7385377305065268
k__Bacteria|p__Proteobacteria|c__Betaproteobacteria|o__Neisseriales|f__Neisseriaceae|g__Conchiformibius,-0.4088924729209465,0.2258963856896537,g__Conchiformibius,,0.6347888586106002
k__Bacteria|p__Proteobacteria|c__Betaproteobacteria|o__Neisseriales|f__Neisseriaceae|g__Conchiformibius|s__Conchiformibius_steedae,-0.4088924729209465,0.2258963856896537,s__Conchiformibius_steedae,,0.6347888586106002
k__Bacteria|p__Proteobacteria|c__Betaproteobacteria|o__Neisseriales|f__Neisseriaceae|g__Eikenella,0.019715391552721822,-0.021895393940995853,g__Eikenella,0.041610785493717675,
k__Bacteria|p__Proteobacteria|c__Betaproteobacteria|o__Neisseriales|f__Neisseriaceae|g__Eikenella|s__Eikenella_corrodens,0.019715391552721822,-0.021895393940995853,s__Eikenella_corrodens,0.041610785493717675,
k__Bacteria|p__Proteobacteria|c__Betaproteobacteria|o__Neisseriales|f__Neisseriaceae|g__Neisseria,-0.3456472482365223,0.24530081170821677,g__Neisseria,,0.5909480599447391
k__Bacteria|p__Proteobacteria|c__Betaproteobacteria|o__Neisseriales|f__Neisseriaceae|g__Neisseria|s__Neisseria_animaloris,-0.16493071507295998,0.0007214681680793226,s__Neisseria_animaloris,,0.1656521832410393
k__Bacteria|p__Proteobacteria|c__Betaproteobacteria|o__Neisseriales|f__Neisseriaceae|g__Neisseria|s__Neisseria_canis,0.08339479438346074,-0.14695482468719964,s__Neisseria_canis,0.23034961907066037,
k__Bacteria|p__Proteobacteria|c__Betaproteobacteria|o__Neisseriales|f__Neisseriaceae|g__Neisseria|s__Neisseria_dumasiana,-0.3524324177418269,0.2295187524028282,s__Neisseria_dumasiana,,0.5819511701446551
k__Bacteria|p__Proteobacteria|c__Betaproteobacteria|o__Neisseriales|f__Neisseriaceae|g__Neisseria|s__Neisseria_shayeganii,-0.0465404908107065,0.18480512995911355,s__Neisseria_shayeganii,,0.23134562076982004
k__Bacteria|p__Proteobacteria|c__Betaproteobacteria|o__Neisseriales|f__Neisseriaceae|g__Neisseria|s__Neisseria_sp_HSC_16F19,0.09554628737499585,0.036222479516575944,s__Neisseria_sp_HSC_16F19,,
k__Bacteria|p__Proteobacteria|c__Betaproteobacteria|o__Neisseriales|f__Neisseriaceae|g__Neisseria|s__Neisseria_subflava,0.04452959126563032,-0.05541566198468538,s__Neisseria_subflava,0.0999452532503157,
k__Bacteria|p__Proteobacteria|c__Betaproteobacteria|o__Neisseriales|f__Neisseriaceae|g__Neisseria|s__Neisseria_wadsworthii,0.009404468384344316,-0.04954679350565556,s__Neisseria_wadsworthii,0.05895126188999987,
k__Bacteria|p__Proteobacteria|c__Betaproteobacteria|o__Neisseriales|f__Neisseriaceae|g__Neisseria|s__Neisseria_weaveri,0.18385306734349652,0.18174963317551746,s__Neisseria_weaveri,,
k__Bacteria|p__Proteobacteria|c__Betaproteobacteria|o__Neisseriales|f__Neisseriaceae|g__Neisseria|s__Neisseria_zoodegmatis,0.0022171919584429256,-0.11757352340984645,s__Neisseria_zoodegmatis,0.11979071536828938,
k__Bacteria|p__Proteobacteria|c__Deltaproteobacteria,0.503026144016146,-0.2287467917333527,c__Deltaproteobacteria,0.7317729357494986,
k__Bacteria|p__Proteobacteria|c__Deltaproteobacteria|o__Desulfobacterales,0.10336791892578515,-0.09921160139977538,o__Desulfobacterales,0.20257952032556054,
k__Bacteria|p__Proteobacteria|c__Deltaproteobacteria|o__Desulfobacterales|f__Desulfobulbaceae,0.10336791892578515,-0.09921160139977538,f__Desulfobulbaceae,0.20257952032556054,
k__Bacteria|p__Proteobacteria|c__Deltaproteobacteria|o__Desulfobacterales|f__Desulfobulbaceae|g__Desulfobulbus,0.10336791892578515,-0.09921160139977538,g__Desulfobulbus,0.20257952032556054,
k__Bacteria|p__Proteobacteria|c__Deltaproteobacteria|o__Desulfobacterales|f__Desulfobulbaceae|g__Desulfobulbus|s__Desulfobulbus_oralis,0.10336791892578515,-0.09921160139977538,s__Desulfobulbus_oralis,0.20257952032556054,
k__Bacteria|p__Proteobacteria|c__Deltaproteobacteria|o__Desulfovibrionales,0.503020036418183,-0.22872340517562995,o__Desulfovibrionales,0.731743441593813,
k__Bacteria|p__Proteobacteria|c__Deltaproteobacteria|o__Desulfovibrionales|f__Desulfomicrobiaceae,0.4885552197572024,-0.24974332258755505,f__Desulfomicrobiaceae,0.7382985423447574,
k__Bacteria|p__Proteobacteria|c__Deltaproteobacteria|o__Desulfovibrionales|f__Desulfomicrobiaceae|g__Desulfomicrobium,0.4885552197572024,-0.24974332258755505,g__Desulfomicrobium,0.7382985423447574,
k__Bacteria|p__Proteobacteria|c__Deltaproteobacteria|o__Desulfovibrionales|f__Desulfomicrobiaceae|g__Desulfomicrobium|s__Desulfomicrobium_orale,0.4885552197572024,-0.24974332258755505,s__Desulfomicrobium_orale,0.7382985423447574,
k__Bacteria|p__Proteobacteria|c__Deltaproteobacteria|o__Desulfovibrionales|f__Desulfovibrionaceae,0.41321353188498144,-0.13350330750814413,f__Desulfovibrionaceae,0.5467168393931255,
k__Bacteria|p__Proteobacteria|c__Deltaproteobacteria|o__Desulfovibrionales|f__Desulfovibrionaceae|g__Desulfovibrio,0.41321353188498144,-0.13350330750814413,g__Desulfovibrio,0.5467168393931255,
k__Bacteria|p__Proteobacteria|c__Deltaproteobacteria|o__Desulfovibrionales|f__Desulfovibrionaceae|g__Desulfovibrio|s__Desulfovibrio_sp_Dsv1,0.06488946919755813,-0.012199931955619345,s__Desulfovibrio_sp_Dsv1,0.07708940115317747,
k__Bacteria|p__Proteobacteria|c__Deltaproteobacteria|o__Desulfovibrionales|f__Desulfovibrionaceae|g__Desulfovibrio|s__Desulfovibrio_sp_OH1186_COT_070,0.41319547426663655,-0.13361073587510916,s__Desulfovibrio_sp_OH1186_COT_070,0.5468062101417457,
k__Bacteria|p__Proteobacteria|c__Epsilonproteobacteria,0.46207866194200947,-0.2570477179945744,c__Epsilonproteobacteria,0.7191263799365839,
k__Bacteria|p__Proteobacteria|c__Epsilonproteobacteria|o__Campylobacterales,0.46207866194200947,-0.2570477179945744,o__Campylobacterales,0.7191263799365839,
k__Bacteria|p__Proteobacteria|c__Epsilonproteobacteria|o__Campylobacterales|f__Campylobacteraceae,0.46212964310917776,-0.256956902315661,f__Campylobacteraceae,0.7190865454248387,
k__Bacteria|p__Proteobacteria|c__Epsilonproteobacteria|o__Campylobacterales|f__Campylobacteraceae|g__Campylobacter,0.46212964310917776,-0.256956902315661,g__Campylobacter,0.7190865454248387,
k__Bacteria|p__Proteobacteria|c__Epsilonproteobacteria|o__Campylobacterales|f__Campylobacteraceae|g__Campylobacter|s__Campylobacter_rectus,0.28830960123717597,-0.23385531744655358,s__Campylobacter_rectus,0.5221649186837296,
k__Bacteria|p__Proteobacteria|c__Epsilonproteobacteria|o__Campylobacterales|f__Campylobacteraceae|g__Campylobacter|s__Campylobacter_sp_CCUG_57310,0.34131039185327794,-0.2209545368798723,s__Campylobacter_sp_CCUG_57310,0.5622649287331503,
k__Bacteria|p__Proteobacteria|c__Epsilonproteobacteria|o__Campylobacterales|f__Campylobacteraceae|g__Campylobacter|s__Campylobacter_sp_RM16187,0.4611870324512674,-0.18584367893938483,s__Campylobacter_sp_RM16187,0.6470307113906523,
k__Bacteria|p__Proteobacteria|c__Epsilonproteobacteria|o__Campylobacterales|f__Campylobacteraceae|g__Campylobacter|s__Campylobacter_sp_RM16192,0.03237783320494265,0.030377855505248023,s__Campylobacter_sp_RM16192,,
k__Bacteria|p__Proteobacteria|c__Epsilonproteobacteria|o__Campylobacterales|f__Helicobacteraceae,-0.03920416940943534,0.004063062793174487,f__Helicobacteraceae,,0.04326723220260982
k__Bacteria|p__Proteobacteria|c__Epsilonproteobacteria|o__Campylobacterales|f__Helicobacteraceae|g__Helicobacter,-0.03920416940943534,0.004063062793174487,g__Helicobacter,,0.04326723220260982
k__Bacteria|p__Proteobacteria|c__Epsilonproteobacteria|o__Campylobacterales|f__Helicobacteraceae|g__Helicobacter|s__Helicobacter_bilis,-0.03920416940943534,0.004063062793174487,s__Helicobacter_bilis,,0.04326723220260982
k__Bacteria|p__Proteobacteria|c__Gammaproteobacteria,-0.3611012512203609,0.21807502616995744,c__Gammaproteobacteria,,0.5791762773903184
k__Bacteria|p__Proteobacteria|c__Gammaproteobacteria|o__Aeromonadales,-0.026799867612610558,0.017485440920994588,o__Aeromonadales,,0.04428530853360514
k__Bacteria|p__Proteobacteria|c__Gammaproteobacteria|o__Aeromonadales|f__Aeromonadaceae,-0.026799867612610558,0.017485440920994588,f__Aeromonadaceae,,0.04428530853360514
k__Bacteria|p__Proteobacteria|c__Gammaproteobacteria|o__Aeromonadales|f__Aeromonadaceae|g__Aeromonas,-0.026799867612610558,0.017485440920994588,g__Aeromonas,,0.04428530853360514
k__Bacteria|p__Proteobacteria|c__Gammaproteobacteria|o__Aeromonadales|f__Aeromonadaceae|g__Aeromonas|s__Aeromonas_caviae,-0.024021051776879458,0.06128453046371518,s__Aeromonas_caviae,,0.08530558224059465
k__Bacteria|p__Proteobacteria|c__Gammaproteobacteria|o__Aeromonadales|f__Aeromonadaceae|g__Aeromonas|s__Aeromonas_dhakensis,-0.05937278835417375,-0.04661235926614065,s__Aeromonas_dhakensis,,
k__Bacteria|p__Proteobacteria|c__Gammaproteobacteria|o__Aeromonadales|f__Aeromonadaceae|g__Aeromonas|s__Aeromonas_veronii,0.03716464614536067,0.015913662606600078,s__Aeromonas_veronii,,
k__Bacteria|p__Proteobacteria|c__Gammaproteobacteria|o__Cardiobacteriales,-0.0205375742025617,0.018658557851707464,o__Cardiobacteriales,,0.03919613205426917
k__Bacteria|p__Proteobacteria|c__Gammaproteobacteria|o__Cardiobacteriales|f__Cardiobacteriaceae,-0.0205375742025617,0.018658557851707464,f__Cardiobacteriaceae,,0.03919613205426917
k__Bacteria|p__Proteobacteria|c__Gammaproteobacteria|o__Cardiobacteriales|f__Cardiobacteriaceae|g__Rappaport,-0.0205375742025617,0.018658557851707464,g__Rappaport,,0.03919613205426917
k__Bacteria|p__Proteobacteria|c__Gammaproteobacteria|o__Cardiobacteriales|f__Cardiobacteriaceae|g__Rappaport|s__Rappaport_israeli,-0.0205375742025617,0.018658557851707464,s__Rappaport_israeli,,0.03919613205426917
k__Bacteria|p__Proteobacteria|c__Gammaproteobacteria|o__Enterobacterales,-0.037827500901769805,0.09026958429119893,o__Enterobacterales,,0.12809708519296872
k__Bacteria|p__Proteobacteria|c__Gammaproteobacteria|o__Enterobacterales|f__Enterobacteriaceae,0.02532861327868047,0.0592128174870906,f__Enterobacteriaceae,,
k__Bacteria|p__Proteobacteria|c__Gammaproteobacteria|o__Enterobacterales|f__Enterobacteriaceae|g__Enterobacter,0.029771449097220647,0.0004127947145168616,g__Enterobacter,,
k__Bacteria|p__Proteobacteria|c__Gammaproteobacteria|o__Enterobacterales|f__Enterobacteriaceae|g__Enterobacter|s__Enterobacter_hormaechei,0.06594458553841437,0.04096921649784275,s__Enterobacter_hormaechei,,
k__Bacteria|p__Proteobacteria|c__Gammaproteobacteria|o__Enterobacterales|f__Enterobacteriaceae|g__Enterobacter|s__Enterobacter_ludwigii,0.06594458553841437,0.04096921649784275,s__Enterobacter_ludwigii,,
k__Bacteria|p__Proteobacteria|c__Gammaproteobacteria|o__Enterobacterales|f__Enterobacteriaceae|g__Enterobacter|s__Enterobacter_mori,0.06594458553841437,0.04096921649784275,s__Enterobacter_mori,,
k__Bacteria|p__Proteobacteria|c__Gammaproteobacteria|o__Enterobacterales|f__Enterobacteriaceae|g__Enterobacter|s__Enterobacter_sp_R1_2018,-0.024021051776879458,-0.040517765076378914,s__Enterobacter_sp_R1_2018,,
k__Bacteria|p__Proteobacteria|c__Gammaproteobacteria|o__Enterobacterales|f__Enterobacteriaceae|g__Escherichia,-0.05937278835417375,0.06263888472810669,g__Escherichia,,0.12201167308228045
k__Bacteria|p__Proteobacteria|c__Gammaproteobacteria|o__Enterobacterales|f__Enterobacteriaceae|g__Escherichia|s__Escherichia_coli,-0.05937278835417375,0.06263888472810669,s__Escherichia_coli,,0.12201167308228045
k__Bacteria|p__Proteobacteria|c__Gammaproteobacteria|o__Enterobacterales|f__Enterobacteriaceae|g__Pseudescherichia,0.03716464614536067,0.0523683648898045,g__Pseudescherichia,,
k__Bacteria|p__Proteobacteria|c__Gammaproteobacteria|o__Enterobacterales|f__Enterobacteriaceae|g__Pseudescherichia|s__Pseudescherichia_vulneris,0.03716464614536067,0.0523683648898045,s__Pseudescherichia_vulneris,,
k__Bacteria|p__Proteobacteria|c__Gammaproteobacteria|o__Enterobacterales|f__Enterobacteriaceae|g__Siccibacter,0.03716464614536067,0.015913662606600078,g__Siccibacter,,
k__Bacteria|p__Proteobacteria|c__Gammaproteobacteria|o__Enterobacterales|f__Enterobacteriaceae|g__Siccibacter|s__Siccibacter_turicensis,0.03716464614536067,0.015913662606600078,s__Siccibacter_turicensis,,
k__Bacteria|p__Proteobacteria|c__Gammaproteobacteria|o__Enterobacterales|f__Erwiniaceae,-0.060415567211712005,0.08504042801726984,f__Erwiniaceae,,0.14545599522898184
k__Bacteria|p__Proteobacteria|c__Gammaproteobacteria|o__Enterobacterales|f__Erwiniaceae|g__Erwinia,-0.01372434038939226,0.020790688833719005,g__Erwinia,,0.03451502922311127
k__Bacteria|p__Proteobacteria|c__Gammaproteobacteria|o__Enterobacterales|f__Erwiniaceae|g__Erwinia|s__Erwinia_gerundensis,-0.01372434038939226,0.020790688833719005,s__Erwinia_gerundensis,,0.03451502922311127
k__Bacteria|p__Proteobacteria|c__Gammaproteobacteria|o__Enterobacterales|f__Erwiniaceae|g__Pantoea,-0.0640096598520805,0.08906593887176567,g__Pantoea,,0.15307559872384618
k__Bacteria|p__Proteobacteria|c__Gammaproteobacteria|o__Enterobacterales|f__Erwiniaceae|g__Pantoea|s__Pantoea_ananatis,-0.024021051776879458,0.058801547645664115,s__Pantoea_ananatis,,0.08282259942254358
k__Bacteria|p__Proteobacteria|c__Gammaproteobacteria|o__Enterobacterales|f__Erwiniaceae|g__Pantoea|s__Pantoea_anthophila,-0.024021051776879458,0.058801547645664115,s__Pantoea_anthophila,,0.08282259942254358
k__Bacteria|p__Proteobacteria|c__Gammaproteobacteria|o__Enterobacterales|f__Erwiniaceae|g__Pantoea|s__Pantoea_eucalypti,-0.00498550131218253,0.05586711340614921,s__Pantoea_eucalypti,,0.06085261471833174
k__Bacteria|p__Proteobacteria|c__Gammaproteobacteria|o__Enterobacterales|f__Erwiniaceae|g__Pantoea|s__Pantoea_eucrina,-0.06978399434985208,0.044595528679323496,s__Pantoea_eucrina,,0.11437952302917558
k__Bacteria|p__Proteobacteria|c__Gammaproteobacteria|o__Enterobacterales|f__Morganellaceae,0.05867199780033858,0.088013340629951,f__Morganellaceae,,
k__Bacteria|p__Proteobacteria|c__Gammaproteobacteria|o__Enterobacterales|f__Morganellaceae|g__Morganella,0.059826015746190356,0.0523683648898045,g__Morganella,,
k__Bacteria|p__Proteobacteria|c__Gammaproteobacteria|o__Enterobacterales|f__Morganellaceae|g__Morganella|s__Morganella_morganii,0.059826015746190356,0.0523683648898045,s__Morganella_morganii,,
k__Bacteria|p__Proteobacteria|c__Gammaproteobacteria|o__Enterobacterales|f__Morganellaceae|g__Proteus,0.02956540753260906,0.07062615142205052,g__Proteus,,
k__Bacteria|p__Proteobacteria|c__Gammaproteobacteria|o__Enterobacterales|f__Morganellaceae|g__Proteus|s__Proteus_mirabilis,0.02956540753260906,0.07062615142205052,s__Proteus_mirabilis,,
k__Bacteria|p__Proteobacteria|c__Gammaproteobacteria|o__Enterobacterales|f__Yersiniaceae,-0.05119694934000042,-0.007564630538356632,f__Yersiniaceae,,
k__Bacteria|p__Proteobacteria|c__Gammaproteobacteria|o__Enterobacterales|f__Yersiniaceae|g__Serratia,-0.05119694934000042,-0.007564630538356632,g__Serratia,,
k__Bacteria|p__Proteobacteria|c__Gammaproteobacteria|o__Enterobacterales|f__Yersiniaceae|g__Serratia|s__Serratia_liquefaciens,-0.07155198228247212,0.0018568366830927052,s__Serratia_liquefaciens,,0.07340881896556482
k__Bacteria|p__Proteobacteria|c__Gammaproteobacteria|o__Enterobacterales|f__Yersiniaceae|g__Serratia|s__Serratia_marcescens,-0.0006887420085276546,-0.012729184701010338,s__Serratia_marcescens,,
k__Bacteria|p__Proteobacteria|c__Gammaproteobacteria|o__Moraxellales,-0.13128553445827224,0.18987730957260524,o__Moraxellales,,0.32116284403087747
k__Bacteria|p__Proteobacteria|c__Gammaproteobacteria|o__Moraxellales|f__Moraxellaceae,-0.13128553445827224,0.18987730957260524,f__Moraxellaceae,,0.32116284403087747
k__Bacteria|p__Proteobacteria|c__Gammaproteobacteria|o__Moraxellales|f__Moraxellaceae|g__Acinetobacter,0.03988726153538005,-0.005081305998893275,g__Acinetobacter,0.04496856753427333,
k__Bacteria|p__Proteobacteria|c__Gammaproteobacteria|o__Moraxellales|f__Moraxellaceae|g__Acinetobacter|s__Acinetobacter_guillouiae,0.03716464614536067,0.05586711340614921,s__Acinetobacter_guillouiae,,
k__Bacteria|p__Proteobacteria|c__Gammaproteobacteria|o__Moraxellales|f__Moraxellaceae|g__Acinetobacter|s__Acinetobacter_gyllenbergii,-0.00498550131218253,0.03826050796905976,s__Acinetobacter_gyllenbergii,,0.043246009281242295
k__Bacteria|p__Proteobacteria|c__Gammaproteobacteria|o__Moraxellales|f__Moraxellaceae|g__Acinetobacter|s__Acinetobacter_harbinensis,-0.00498550131218253,-0.038486233679791676,s__Acinetobacter_harbinensis,,
k__Bacteria|p__Proteobacteria|c__Gammaproteobacteria|o__Moraxellales|f__Moraxellaceae|g__Acinetobacter|s__Acinetobacter_johnsonii,0.04747552252684207,-0.05441734795337237,s__Acinetobacter_johnsonii,0.10189287048021445,
k__Bacteria|p__Proteobacteria|c__Gammaproteobacteria|o__Moraxellales|f__Moraxellaceae|g__Acinetobacter|s__Acinetobacter_junii,-0.024021051776879458,0.058801547645664115,s__Acinetobacter_junii,,0.08282259942254358
k__Bacteria|p__Proteobacteria|c__Gammaproteobacteria|o__Moraxellales|f__Moraxellaceae|g__Acinetobacter|s__Acinetobacter_lwoffii,-0.018665691177447114,0.03135898044899684,s__Acinetobacter_lwoffii,,0.05002467162644396
k__Bacteria|p__Proteobacteria|c__Gammaproteobacteria|o__Moraxellales|f__Moraxellaceae|g__Acinetobacter|s__Acinetobacter_modestus,0.03292422238342775,0.0685120324677403,s__Acinetobacter_modestus,,
k__Bacteria|p__Proteobacteria|c__Gammaproteobacteria|o__Moraxellales|f__Moraxellaceae|g__Acinetobacter|s__Acinetobacter_nosocomialis,0.030380138570732764,-0.030633897697529784,s__Acinetobacter_nosocomialis,0.061014036268262545,
k__Bacteria|p__Proteobacteria|c__Gammaproteobacteria|o__Moraxellales|f__Moraxellaceae|g__Acinetobacter|s__Acinetobacter_piscicola,-0.024021051776879458,0.058801547645664115,s__Acinetobacter_piscicola,,0.08282259942254358
k__Bacteria|p__Proteobacteria|c__Gammaproteobacteria|o__Moraxellales|f__Moraxellaceae|g__Acinetobacter|s__Acinetobacter_portensis,0.03716464614536067,-0.06026876476542157,s__Acinetobacter_portensis,0.09743341091078224,
k__Bacteria|p__Proteobacteria|c__Gammaproteobacteria|o__Moraxellales|f__Moraxellaceae|g__Acinetobacter|s__Acinetobacter_pseudolwoffii,0.03716464614536067,-0.06026876476542157,s__Acinetobacter_pseudolwoffii,0.09743341091078224,
k__Bacteria|p__Proteobacteria|c__Gammaproteobacteria|o__Moraxellales|f__Moraxellaceae|g__Acinetobacter|s__Acinetobacter_radioresistens,0.03716464614536067,0.06388037613713222,s__Acinetobacter_radioresistens,,
k__Bacteria|p__Proteobacteria|c__Gammaproteobacteria|o__Moraxellales|f__Moraxellaceae|g__Acinetobacter|s__Acinetobacter_schindleri,0.009404468384344316,0.06828202749640458,s__Acinetobacter_schindleri,,
k__Bacteria|p__Proteobacteria|c__Gammaproteobacteria|o__Moraxellales|f__Moraxellaceae|g__Acinetobacter|s__Acinetobacter_ursingii,-0.019525454249759207,-0.0020870666893003094,s__Acinetobacter_ursingii,,
k__Bacteria|p__Proteobacteria|c__Gammaproteobacteria|o__Moraxellales|f__Moraxellaceae|g__Acinetobacter|s__Acinetobacter_vivianii,0.009404468384344316,0.04096921649784275,s__Acinetobacter_vivianii,,
k__Bacteria|p__Proteobacteria|c__Gammaproteobacteria|o__Moraxellales|f__Moraxellaceae|g__Moraxella,-0.13163481139516778,0.1844699317868922,g__Moraxella,,0.31610474318205994
k__Bacteria|p__Proteobacteria|c__Gammaproteobacteria|o__Moraxellales|f__Moraxellaceae|g__Moraxella|s__Moraxella_canis,0.032783392756597834,0.04563428227448273,s__Moraxella_canis,,
k__Bacteria|p__Proteobacteria|c__Gammaproteobacteria|o__Moraxellales|f__Moraxellaceae|g__Moraxella|s__Moraxella_osloensis,-0.07165376681575207,-0.0402444163052784,s__Moraxella_osloensis,,
k__Bacteria|p__Proteobacteria|c__Gammaproteobacteria|o__Moraxellales|f__Moraxellaceae|g__Moraxella|s__Moraxella_sp_VT_16_12,-0.12482777325874532,0.18754809983254095,s__Moraxella_sp_VT_16_12,,0.3123758730912863
k__Bacteria|p__Proteobacteria|c__Gammaproteobacteria|o__Moraxellales|f__Moraxellaceae|g__Psychrobacter,-0.023619331062371268,0.08337038672445532,g__Psychrobacter,,0.10698971778682659
k__Bacteria|p__Proteobacteria|c__Gammaproteobacteria|o__Moraxellales|f__Moraxellaceae|g__Psychrobacter|s__Psychrobacter_alimentarius,-0.05937278835417375,0.04096921649784275,s__Psychrobacter_alimentarius,,0.1003420048520165
k__Bacteria|p__Proteobacteria|c__Gammaproteobacteria|o__Moraxellales|f__Moraxellaceae|g__Psychrobacter|s__Psychrobacter_faecalis,-0.0632304605335033,0.08836671200645131,s__Psychrobacter_faecalis,,0.1515971725399546
k__Bacteria|p__Proteobacteria|c__Gammaproteobacteria|o__Moraxellales|f__Moraxellaceae|g__Psychrobacter|s__Psychrobacter_immobilis,-0.00498550131218253,-0.038486233679791676,s__Psychrobacter_immobilis,,
k__Bacteria|p__Proteobacteria|c__Gammaproteobacteria|o__Moraxellales|f__Moraxellaceae|g__Psychrobacter|s__Psychrobacter_sanguinis,0.0382794665577008,0.0910557562349183,s__Psychrobacter_sanguinis,,
k__Bacteria|p__Proteobacteria|c__Gammaproteobacteria|o__Pasteurellales,-0.3212939708122419,0.08713258698256636,o__Pasteurellales,,0.4084265577948083
k__Bacteria|p__Proteobacteria|c__Gammaproteobacteria|o__Pasteurellales|f__Pasteurellaceae,-0.3212939708122419,0.08713258698256636,f__Pasteurellaceae,,0.4084265577948083
k__Bacteria|p__Proteobacteria|c__Gammaproteobacteria|o__Pasteurellales|f__Pasteurellaceae|g__Actinobacillus,-0.05937278835417375,0.06354178757103436,g__Actinobacillus,,0.1229145759252081
k__Bacteria|p__Proteobacteria|c__Gammaproteobacteria|o__Pasteurellales|f__Pasteurellaceae|g__Actinobacillus|s__Actinobacillus_sp_GY_402,-0.05937278835417375,0.06354178757103436,s__Actinobacillus_sp_GY_402,,0.1229145759252081
k__Bacteria|p__Proteobacteria|c__Gammaproteobacteria|o__Pasteurellales|f__Pasteurellaceae|g__Canicola,-0.44306295069523915,0.041408181135300114,g__Canicola,,0.48447113183053925
k__Bacteria|p__Proteobacteria|c__Gammaproteobacteria|o__Pasteurellales|f__Pasteurellaceae|g__Canicola|s__Canicola_haemoglobinophilus,-0.44306295069523915,0.041408181135300114,s__Canicola_haemoglobinophilus,,0.48447113183053925
k__Bacteria|p__Proteobacteria|c__Gammaproteobacteria|o__Pasteurellales|f__Pasteurellaceae|g__Frederiksenia,-0.22065018795027233,0.12494797770410775,g__Frederiksenia,,0.34559816565438006
k__Bacteria|p__Proteobacteria|c__Gammaproteobacteria|o__Pasteurellales|f__Pasteurellaceae|g__Frederiksenia|s__Frederiksenia_canicola,-0.22065018795027233,0.12494797770410775,s__Frederiksenia_canicola,,0.34559816565438006
k__Bacteria|p__Proteobacteria|c__Gammaproteobacteria|o__Pasteurellales|f__Pasteurellaceae|g__Haemophilus,0.04452959126563032,-0.05541566198468538,g__Haemophilus,0.0999452532503157,
k__Bacteria|p__Proteobacteria|c__Gammaproteobacteria|o__Pasteurellales|f__Pasteurellaceae|g__Haemophilus|s__Haemophilus_parainfluenzae,0.04452959126563032,-0.05541566198468538,s__Haemophilus_parainfluenzae,0.0999452532503157,
k__Bacteria|p__Proteobacteria|c__Gammaproteobacteria|o__Pasteurellales|f__Pasteurellaceae|g__Pasteurella,0.1335246273580256,-0.054026506692237006,g__Pasteurella,0.18755113405026258,
k__Bacteria|p__Proteobacteria|c__Gammaproteobacteria|o__Pasteurellales|f__Pasteurellaceae|g__Pasteurella|s__Pasteurella_canis,0.09877172813138235,-0.04839043580949627,s__Pasteurella_canis,0.1471621639408786,
k__Bacteria|p__Proteobacteria|c__Gammaproteobacteria|o__Pasteurellales|f__Pasteurellaceae|g__Pasteurella|s__Pasteurella_dagmatis,0.08657175314828697,-0.13953058037590366,s__Pasteurella_dagmatis,0.22610233352419062,
k__Bacteria|p__Proteobacteria|c__Gammaproteobacteria|o__Pasteurellales|f__Pasteurellaceae|g__Pasteurella|s__Pasteurella_multocida,0.3203182456798709,0.03548338548371279,s__Pasteurella_multocida,,
k__Bacteria|p__Proteobacteria|c__Gammaproteobacteria|o__Pseudomonadales,0.08936957496468119,0.10369984032902796,o__Pseudomonadales,,
k__Bacteria|p__Proteobacteria|c__Gammaproteobacteria|o__Pseudomonadales|f__Pseudomonadaceae,0.08936957496468119,0.10369984032902796,f__Pseudomonadaceae,,
k__Bacteria|p__Proteobacteria|c__Gammaproteobacteria|o__Pseudomonadales|f__Pseudomonadaceae|g__Pseudomonas,0.08946871613506133,0.10350637977249733,g__Pseudomonas,,
k__Bacteria|p__Proteobacteria|c__Gammaproteobacteria|o__Pseudomonadales|f__Pseudomonadaceae|g__Pseudomonas|s__Pseudomonas_aeruginosa,0.10846483512171909,0.07609596235706162,s__Pseudomonas_aeruginosa,,
k__Bacteria|p__Proteobacteria|c__Gammaproteobacteria|o__Pseudomonadales|f__Pseudomonadaceae|g__Pseudomonas|s__Pseudomonas_fulva,-0.05897563514627892,0.07246020583460806,s__Pseudomonas_fulva,,0.13143584098088698
k__Bacteria|p__Proteobacteria|c__Gammaproteobacteria|o__Pseudomonadales|f__Pseudomonadaceae|g__Pseudomonas|s__Pseudomonas_oryzihabitans,-0.05937278835417375,0.04356506217125979,s__Pseudomonas_oryzihabitans,,0.10293785052543354
k__Bacteria|p__Proteobacteria|c__Gammaproteobacteria|o__Pseudomonadales|f__Pseudomonadaceae|g__Pseudomonas|s__Pseudomonas_peli,0.06730426771446414,-0.026861359577098003,s__Pseudomonas_peli,0.09416562729156214,
k__Bacteria|p__Proteobacteria|c__Gammaproteobacteria|o__Pseudomonadales|f__Pseudomonadaceae|g__Pseudomonas|s__Pseudomonas_putida,0.009404468384344316,0.06828202749640458,s__Pseudomonas_putida,,
k__Bacteria|p__Proteobacteria|c__Gammaproteobacteria|o__Pseudomonadales|f__Pseudomonadaceae|g__Pseudomonas|s__Pseudomonas_sp_URMO17WK12_I11,-0.024021051776879458,0.058801547645664115,s__Pseudomonas_sp_URMO17WK12_I11,,0.08282259942254358
k__Bacteria|p__Proteobacteria|c__Gammaproteobacteria|o__Pseudomonadales|f__Pseudomonadaceae|g__Stutzerimonas,0.009404468384344316,0.06828202749640458,g__Stutzerimonas,,
k__Bacteria|p__Proteobacteria|c__Gammaproteobacteria|o__Pseudomonadales|f__Pseudomonadaceae|g__Stutzerimonas|s__Stutzerimonas_stutzeri,0.009404468384344316,0.06828202749640458,s__Stutzerimonas_stutzeri,,
k__Bacteria|p__Proteobacteria|c__Gammaproteobacteria|o__Xanthomonadales,-0.05162411746150308,0.20568427172164613,o__Xanthomonadales,,0.25730838918314924
k__Bacteria|p__Proteobacteria|c__Gammaproteobacteria|o__Xanthomonadales|f__Xanthomonadaceae,-0.05162411746150308,0.20568427172164613,f__Xanthomonadaceae,,0.25730838918314924
k__Bacteria|p__Proteobacteria|c__Gammaproteobacteria|o__Xanthomonadales|f__Xanthomonadaceae|g__Luteimonas,-0.00498550131218253,0.04672522212150661,g__Luteimonas,,0.05171072343368914
k__Bacteria|p__Proteobacteria|c__Gammaproteobacteria|o__Xanthomonadales|f__Xanthomonadaceae|g__Luteimonas|s__Luteimonas_terrae,-0.00498550131218253,0.04672522212150661,s__Luteimonas_terrae,,0.05171072343368914
k__Bacteria|p__Proteobacteria|c__Gammaproteobacteria|o__Xanthomonadales|f__Xanthomonadaceae|g__Lysobacter,0.009404468384344316,0.015913662606600078,g__Lysobacter,,
k__Bacteria|p__Proteobacteria|c__Gammaproteobacteria|o__Xanthomonadales|f__Xanthomonadaceae|g__Lysobacter|s__Lysobacter_sp_CJ11,0.009404468384344316,0.015913662606600078,s__Lysobacter_sp_CJ11,,
k__Bacteria|p__Proteobacteria|c__Gammaproteobacteria|o__Xanthomonadales|f__Xanthomonadaceae|g__Stenotrophomonas,-0.007673225705402227,0.06512404960706329,g__Stenotrophomonas,,0.07279727531246552
k__Bacteria|p__Proteobacteria|c__Gammaproteobacteria|o__Xanthomonadales|f__Xanthomonadaceae|g__Stenotrophomonas|s__Stenotrophomonas_cyclobalanopsidis,-0.05937278835417375,-0.008464714152446848,s__Stenotrophomonas_cyclobalanopsidis,,
k__Bacteria|p__Proteobacteria|c__Gammaproteobacteria|o__Xanthomonadales|f__Xanthomonadaceae|g__Stenotrophomonas|s__Stenotrophomonas_maltophilia,0.01570738515474347,0.04982498503871715,s__Stenotrophomonas_maltophilia,,
k__Bacteria|p__Proteobacteria|c__Gammaproteobacteria|o__Xanthomonadales|f__Xanthomonadaceae|g__Stenotrophomonas|s__Stenotrophomonas_rhizophila,0.009404468384344316,0.06828202749640458,s__Stenotrophomonas_rhizophila,,
k__Bacteria|p__Spirochaetes,0.48810721271641533,-0.1744773707701974,p__Spirochaetes,0.6625845834866128,
k__Bacteria|p__Spirochaetes|c__Spirochaetia,0.4867915224172888,-0.17205277129943947,c__Spirochaetia,0.6588442937167283,
k__Bacteria|p__Spirochaetes|c__Spirochaetia|o__Spirochaetales,0.4867915224172888,-0.17205277129943947,o__Spirochaetales,0.6588442937167283,
k__Bacteria|p__Spirochaetes|c__Spirochaetia|o__Spirochaetales|f__Treponemataceae,0.4867915224172888,-0.17205277129943947,f__Treponemataceae,0.6588442937167283,
k__Bacteria|p__Spirochaetes|c__Spirochaetia|o__Spirochaetales|f__Treponemataceae|g__Treponema,0.48292093206232184,-0.1650902544293505,g__Treponema,0.6480111864916723,
k__Bacteria|p__Spirochaetes|c__Spirochaetia|o__Spirochaetales|f__Treponemataceae|g__Treponema|s__Treponema_SGB3588,-0.01461658339253514,-0.029570068105880993,s__Treponema_SGB3588,,
k__Bacteria|p__Spirochaetes|c__Spirochaetia|o__Spirochaetales|f__Treponemataceae|g__Treponema|s__Treponema_SGB3603,0.05821786770243262,-0.062665724873304,s__Treponema_SGB3603,0.12088359257573662,
k__Bacteria|p__Spirochaetes|c__Spirochaetia|o__Spirochaetales|f__Treponemataceae|g__Treponema|s__Treponema_SGB3604,0.1635325189118541,-0.07942420905070477,s__Treponema_SGB3604,0.24295672796255888,
k__Bacteria|p__Spirochaetes|c__Spirochaetia|o__Spirochaetales|f__Treponemataceae|g__Treponema|s__Treponema_SGB69454,0.1784581397939143,-0.0617800973474695,s__Treponema_SGB69454,0.24023823714138381,
k__Bacteria|p__Spirochaetes|c__Spirochaetia|o__Spirochaetales|f__Treponemataceae|g__Treponema|s__Treponema_denticola,0.12257308896219453,0.01620023464853384,s__Treponema_denticola,,
k__Bacteria|p__Spirochaetes|c__Spirochaetia|o__Spirochaetales|f__Treponemataceae|g__Treponema|s__Treponema_medium,0.10331249630203196,-0.1638810647656132,s__Treponema_medium,0.26719356106764514,
k__Bacteria|p__Spirochaetes|c__Spirochaetia|o__Spirochaetales|f__Treponemataceae|g__Treponema|s__Treponema_parvum,0.054500593889995376,-0.06941065605006418,s__Treponema_parvum,0.12391124994005956,
k__Bacteria|p__Spirochaetes|c__Spirochaetia|o__Spirochaetales|f__Treponemataceae|g__Treponema|s__Treponema_pectinovorum,0.04452959126563032,-0.020653902531970313,s__Treponema_pectinovorum,0.06518349379760063,
k__Bacteria|p__Spirochaetes|c__Spirochaetia|o__Spirochaetales|f__Treponemataceae|g__Treponema|s__Treponema_socranskii,0.0925620758652892,-0.11501909499143945,s__Treponema_socranskii,0.20758117085672864,
k__Bacteria|p__Spirochaetes|c__Spirochaetia|o__Spirochaetales|f__Treponemataceae|g__Treponema|s__Treponema_sp_Marseille_Q4130,0.019715391552721822,-0.06963638176079609,s__Treponema_sp_Marseille_Q4130,0.08935177331351792,
k__Bacteria|p__Spirochaetes|c__Spirochaetia|o__Spirochaetales|f__Treponemataceae|g__Treponema|s__Treponema_sp_OMZ_787,0.35853279205940436,-0.07378725913288371,s__Treponema_sp_OMZ_787,0.43232005119228806,
k__Bacteria|p__Spirochaetes|c__Spirochaetia|o__Spirochaetales|f__Treponemataceae|g__Treponema|s__Treponema_sp_OMZ_789,0.34623622247515495,-0.19109782399455613,s__Treponema_sp_OMZ_789,0.5373340464697111,
k__Bacteria|p__Spirochaetes|c__Spirochaetia|o__Spirochaetales|f__Treponemataceae|g__Treponema|s__Treponema_sp_OMZ_798,0.5179375045948682,-0.1570552417430201,s__Treponema_sp_OMZ_798,0.6749927463378883,
k__Bacteria|p__Spirochaetes|c__Spirochaetia|o__Spirochaetales|f__Treponemataceae|g__Treponema|s__Treponema_vincentii,0.09717178546236827,0.016557128189542827,s__Treponema_vincentii,,
k__Bacteria|p__Synergistetes,0.2037053928338406,-0.14643631739755852,p__Synergistetes,0.3501417102313991,
k__Bacteria|p__Synergistetes|c__Synergistia,0.2037053928338406,-0.14643631739755852,c__Synergistia,0.3501417102313991,
k__Bacteria|p__Synergistetes|c__Synergistia|o__Synergistales,0.2037053928338406,-0.14643631739755852,o__Synergistales,0.3501417102313991,
k__Bacteria|p__Synergistetes|c__Synergistia|o__Synergistales|f__Synergistaceae,0.2037053928338406,-0.14643631739755852,f__Synergistaceae,0.3501417102313991,
k__Bacteria|p__Synergistetes|c__Synergistia|o__Synergistales|f__Synergistaceae|g__Fretibacterium,0.05256096958404208,-0.09178194516137697,g__Fretibacterium,0.14434291474541905,
k__Bacteria|p__Synergistetes|c__Synergistia|o__Synergistales|f__Synergistaceae|g__Fretibacterium|s__Fretibacterium_fastidiosum,0.05256096958404208,-0.09178194516137697,s__Fretibacterium_fastidiosum,0.14434291474541905,
k__Bacteria|p__Tenericutes,-0.23580713706696727,0.06403755001143698,p__Tenericutes,,0.2998446870784042
k__Bacteria|p__Tenericutes|c__Mollicutes,-0.24902581181037187,0.07397912247613031,c__Mollicutes,,0.3230049342865022
k__Bacteria|p__Tenericutes|c__Mollicutes|o__Mycoplasmatales,-0.24902581181037187,0.07397912247613031,o__Mycoplasmatales,,0.3230049342865022
k__Bacteria|p__Tenericutes|c__Mollicutes|o__Mycoplasmatales|f__Mycoplasmataceae,-0.24902581181037187,0.07397912247613031,f__Mycoplasmataceae,,0.3230049342865022
k__Bacteria|p__Tenericutes|c__Mollicutes|o__Mycoplasmatales|f__Mycoplasmataceae|g__Mesomycoplasma,-0.08758160548013444,0.05572985961457461,g__Mesomycoplasma,,0.14331146509470905
k__Bacteria|p__Tenericutes|c__Mollicutes|o__Mycoplasmatales|f__Mycoplasmataceae|g__Mesomycoplasma|s__Mesomycoplasma_molare,-0.08758160548013444,0.05572985961457461,s__Mesomycoplasma_molare,,0.14331146509470905
k__Bacteria|p__Tenericutes|c__Mollicutes|o__Mycoplasmatales|f__Mycoplasmataceae|g__Mycoplasmopsis,-0.20927288213229783,0.08230673037720244,g__Mycoplasmopsis,,0.29157961250950026
k__Bacteria|p__Tenericutes|c__Mollicutes|o__Mycoplasmatales|f__Mycoplasmataceae|g__Mycoplasmopsis|s__Mycoplasmopsis_arginini,-0.024021051776879458,0.004063062793174487,s__Mycoplasmopsis_arginini,,0.028084114570053945
k__Bacteria|p__Tenericutes|c__Mollicutes|o__Mycoplasmatales|f__Mycoplasmataceae|g__Mycoplasmopsis|s__Mycoplasmopsis_canis,-0.07466377198762093,0.09869835720486696,s__Mycoplasmopsis_canis,,0.1733621291924879
k__Bacteria|p__Tenericutes|c__Mollicutes|o__Mycoplasmatales|f__Mycoplasmataceae|g__Mycoplasmopsis|s__Mycoplasmopsis_edwardii,-0.23198326789783982,0.01472618301480813,s__Mycoplasmopsis_edwardii,,0.24670945091264795
k__Bacteria|p__Tenericutes|c__Mollicutes|o__Mycoplasmatales|f__Mycoplasmataceae|g__Mycoplasmopsis|s__Mycoplasmopsis_maculosa,-0.1645997337962843,0.043489870055948,s__Mycoplasmopsis_maculosa,,0.2080896038522323
k__Bacteria|p__Tenericutes|c__Mollicutes|o__Mycoplasmatales|f__Mycoplasmataceae|g__Ureaplasma,-0.03920416940943534,0.04954679350565556,g__Ureaplasma,,0.0887509629150909
k__Bacteria|p__Tenericutes|c__Mollicutes|o__Mycoplasmatales|f__Mycoplasmataceae|g__Ureaplasma|s__Ureaplasma_canigenitalium,-0.03920416940943534,0.04954679350565556,s__Ureaplasma_canigenitalium,,0.0887509629150909
k__Bacteria|p__Verrucomicrobia,0.0444522743989077,0.006211563323443326,p__Verrucomicrobia,,
